evaluation_id,run_id,run_mode,candidate_group_id,schema_class_id,candidate_id,instance_id,arm_id,schema_seed,seed_bundle_id,training_replicate_index,episode_index,step_index,controller_event_index,source_state,action_repr,reward,target_state,terminated,truncated,active_tier_before,active_tier_after
counterpoint_small_paired_replicate_probe_v001,counterpoint_symbolic_n3_wide_20_108_span18_v001-p001_over_018-schema0-schema1_noisy_rate_one_drop-trainrep0,threshold_frontier_selected_small_paired_replicate_probe,counterpoint_symbolic_n3_wide_20_108_span18_v001-p001_over_018-schema0,schema1_noisy_rate_one_drop,counterpoint_symbolic_n3_wide_20_108_span18_v001-p001_over_018-schema0,counterpoint_symbolic_n3_wide_20_108_span18_v001,p001_over_018,0,seed-7fe8666539580bdb,0,0,0,4,"beat0:pitches(60, 64, 68)","(-1, -1, -2)",1.4545454545454544,"beat1:pitches(59, 63, 66)",False,False,4,4
counterpoint_small_paired_replicate_probe_v001,counterpoint_symbolic_n3_wide_20_108_span18_v001-p001_over_018-schema0-schema1_noisy_rate_one_drop-trainrep0,threshold_frontier_selected_small_paired_replicate_probe,counterpoint_symbolic_n3_wide_20_108_span18_v001-p001_over_018-schema0,schema1_noisy_rate_one_drop,counterpoint_symbolic_n3_wide_20_108_span18_v001-p001_over_018-schema0,counterpoint_symbolic_n3_wide_20_108_span18_v001,p001_over_018,0,seed-7fe8666539580bdb,0,0,1,23,"beat1:pitches(59, 63, 66)","(0, 0, 1)",1.628030303030303,"beat2:pitches(59, 63, 67)",False,False,22,22
counterpoint_small_paired_replicate_probe_v001,counterpoint_symbolic_n3_wide_20_108_span18_v001-p001_over_018-schema0-schema1_noisy_rate_one_drop-trainrep0,threshold_frontier_selected_small_paired_replicate_probe,counterpoint_symbolic_n3_wide_20_108_span18_v001-p001_over_018-schema0,schema1_noisy_rate_one_drop,counterpoint_symbolic_n3_wide_20_108_span18_v001-p001_over_018-schema0,counterpoint_symbolic_n3_wide_20_108_span18_v001,p001_over_018,0,seed-7fe8666539580bdb,0,0,2,24,"beat2:pitches(59, 63, 67)","(1, 1, 2)",1.453030303030303,"beat3:pitches(60, 64, 69)",False,False,22,22
counterpoint_small_paired_replicate_probe_v001,counterpoint_symbolic_n3_wide_20_108_span18_v001-p001_over_018-schema0-schema1_noisy_rate_one_drop-trainrep0,threshold_frontier_selected_small_paired_replicate_probe,counterpoint_symbolic_n3_wide_20_108_span18_v001-p001_over_018-schema0,schema1_noisy_rate_one_drop,counterpoint_symbolic_n3_wide_20_108_span18_v001-p001_over_018-schema0,counterpoint_symbolic_n3_wide_20_108_span18_v001,p001_over_018,0,seed-7fe8666539580bdb,0,0,3,25,"beat3:pitches(60, 64, 69)","(-1, -1, -1)",1.6098484848484849,"beat0:pitches(59, 63, 68)",False,False,22,22
counterpoint_small_paired_replicate_probe_v001,counterpoint_symbolic_n3_wide_20_108_span18_v001-p001_over_018-schema0-schema1_noisy_rate_one_drop-trainrep0,threshold_frontier_selected_small_paired_replicate_probe,counterpoint_symbolic_n3_wide_20_108_span18_v001-p001_over_018-schema0,schema1_noisy_rate_one_drop,counterpoint_symbolic_n3_wide_20_108_span18_v001-p001_over_018-schema0,counterpoint_symbolic_n3_wide_20_108_span18_v001,p001_over_018,0,seed-7fe8666539580bdb,0,0,4,27,"beat0:pitches(59, 63, 68)","(-2, -2, -2)",1.331818181818182,"beat1:pitches(57, 61, 66)",False,False,22,22
counterpoint_small_paired_replicate_probe_v001,counterpoint_symbolic_n3_wide_20_108_span18_v001-p001_over_018-schema0-schema1_noisy_rate_one_drop-trainrep0,threshold_frontier_selected_small_paired_replicate_probe,counterpoint_symbolic_n3_wide_20_108_span18_v001-p001_over_018-schema0,schema1_noisy_rate_one_drop,counterpoint_symbolic_n3_wide_20_108_span18_v001-p001_over_018-schema0,counterpoint_symbolic_n3_wide_20_108_span18_v001,p001_over_018,0,seed-7fe8666539580bdb,0,0,5,28,"beat1:pitches(57, 61, 66)","(2, 2, 1)",1.3946969696969695,"beat2:pitches(59, 63, 67)",False,False,22,22
counterpoint_small_paired_replicate_probe_v001,counterpoint_symbolic_n3_wide_20_108_span18_v001-p001_over_018-schema0-schema1_noisy_rate_one_drop-trainrep0,threshold_frontier_selected_small_paired_replicate_probe,counterpoint_symbolic_n3_wide_20_108_span18_v001-p001_over_018-schema0,schema1_noisy_rate_one_drop,counterpoint_symbolic_n3_wide_20_108_span18_v001-p001_over_018-schema0,counterpoint_symbolic_n3_wide_20_108_span18_v001,p001_over_018,0,seed-7fe8666539580bdb,0,0,6,30,"beat2:pitches(59, 63, 67)","(0, 0, 1)",1.6265151515151515,"beat3:pitches(59, 63, 68)",False,False,21,21
counterpoint_small_paired_replicate_probe_v001,counterpoint_symbolic_n3_wide_20_108_span18_v001-p001_over_018-schema0-schema1_noisy_rate_one_drop-trainrep0,threshold_frontier_selected_small_paired_replicate_probe,counterpoint_symbolic_n3_wide_20_108_span18_v001-p001_over_018-schema0,schema1_noisy_rate_one_drop,counterpoint_symbolic_n3_wide_20_108_span18_v001-p001_over_018-schema0,counterpoint_symbolic_n3_wide_20_108_span18_v001,p001_over_018,0,seed-7fe8666539580bdb,0,0,7,32,"beat3:pitches(59, 63, 68)","(0, 0, -2)",2.671212121212121,"beat0:pitches(59, 63, 66)",True,False,21,21
counterpoint_small_paired_replicate_probe_v001,counterpoint_symbolic_n3_wide_20_108_span18_v001-p001_over_018-schema0-schema1_noisy_rate_one_drop-trainrep0,threshold_frontier_selected_small_paired_replicate_probe,counterpoint_symbolic_n3_wide_20_108_span18_v001-p001_over_018-schema0,schema1_noisy_rate_one_drop,counterpoint_symbolic_n3_wide_20_108_span18_v001-p001_over_018-schema0,counterpoint_symbolic_n3_wide_20_108_span18_v001,p001_over_018,0,seed-7fe8666539580bdb,0,1,0,4,"beat0:pitches(60, 64, 68)","(-1, -1, -2)",1.4545454545454544,"beat1:pitches(59, 63, 66)",False,False,4,4
counterpoint_small_paired_replicate_probe_v001,counterpoint_symbolic_n3_wide_20_108_span18_v001-p001_over_018-schema0-schema1_noisy_rate_one_drop-trainrep0,threshold_frontier_selected_small_paired_replicate_probe,counterpoint_symbolic_n3_wide_20_108_span18_v001-p001_over_018-schema0,schema1_noisy_rate_one_drop,counterpoint_symbolic_n3_wide_20_108_span18_v001-p001_over_018-schema0,counterpoint_symbolic_n3_wide_20_108_span18_v001,p001_over_018,0,seed-7fe8666539580bdb,0,1,1,23,"beat1:pitches(59, 63, 66)","(0, 0, 1)",1.628030303030303,"beat2:pitches(59, 63, 67)",False,False,22,22
counterpoint_small_paired_replicate_probe_v001,counterpoint_symbolic_n3_wide_20_108_span18_v001-p001_over_018-schema0-schema1_noisy_rate_one_drop-trainrep0,threshold_frontier_selected_small_paired_replicate_probe,counterpoint_symbolic_n3_wide_20_108_span18_v001-p001_over_018-schema0,schema1_noisy_rate_one_drop,counterpoint_symbolic_n3_wide_20_108_span18_v001-p001_over_018-schema0,counterpoint_symbolic_n3_wide_20_108_span18_v001,p001_over_018,0,seed-7fe8666539580bdb,0,1,2,24,"beat2:pitches(59, 63, 67)","(0, 0, -1)",1.6295454545454544,"beat3:pitches(59, 63, 66)",False,False,22,22
counterpoint_small_paired_replicate_probe_v001,counterpoint_symbolic_n3_wide_20_108_span18_v001-p001_over_018-schema0-schema1_noisy_rate_one_drop-trainrep0,threshold_frontier_selected_small_paired_replicate_probe,counterpoint_symbolic_n3_wide_20_108_span18_v001-p001_over_018-schema0,schema1_noisy_rate_one_drop,counterpoint_symbolic_n3_wide_20_108_span18_v001-p001_over_018-schema0,counterpoint_symbolic_n3_wide_20_108_span18_v001,p001_over_018,0,seed-7fe8666539580bdb,0,1,3,25,"beat3:pitches(59, 63, 66)","(0, 0, 0)",1.7878787878787878,"beat0:pitches(59, 63, 66)",False,False,22,22
counterpoint_small_paired_replicate_probe_v001,counterpoint_symbolic_n3_wide_20_108_span18_v001-p001_over_018-schema0-schema1_noisy_rate_one_drop-trainrep0,threshold_frontier_selected_small_paired_replicate_probe,counterpoint_symbolic_n3_wide_20_108_span18_v001-p001_over_018-schema0,schema1_noisy_rate_one_drop,counterpoint_symbolic_n3_wide_20_108_span18_v001-p001_over_018-schema0,counterpoint_symbolic_n3_wide_20_108_span18_v001,p001_over_018,0,seed-7fe8666539580bdb,0,1,4,27,"beat0:pitches(59, 63, 66)","(1, 1, 2)",1.4545454545454544,"beat1:pitches(60, 64, 68)",False,False,22,22
counterpoint_small_paired_replicate_probe_v001,counterpoint_symbolic_n3_wide_20_108_span18_v001-p001_over_018-schema0-schema1_noisy_rate_one_drop-trainrep0,threshold_frontier_selected_small_paired_replicate_probe,counterpoint_symbolic_n3_wide_20_108_span18_v001-p001_over_018-schema0,schema1_noisy_rate_one_drop,counterpoint_symbolic_n3_wide_20_108_span18_v001-p001_over_018-schema0,counterpoint_symbolic_n3_wide_20_108_span18_v001,p001_over_018,0,seed-7fe8666539580bdb,0,1,5,28,"beat1:pitches(60, 64, 68)","(-1, -1, -1)",1.5113636363636362,"beat2:pitches(59, 63, 67)",False,False,22,22
counterpoint_small_paired_replicate_probe_v001,counterpoint_symbolic_n3_wide_20_108_span18_v001-p001_over_018-schema0-schema1_noisy_rate_one_drop-trainrep0,threshold_frontier_selected_small_paired_replicate_probe,counterpoint_symbolic_n3_wide_20_108_span18_v001-p001_over_018-schema0,schema1_noisy_rate_one_drop,counterpoint_symbolic_n3_wide_20_108_span18_v001-p001_over_018-schema0,counterpoint_symbolic_n3_wide_20_108_span18_v001,p001_over_018,0,seed-7fe8666539580bdb,0,1,6,30,"beat2:pitches(59, 63, 67)","(0, 0, 1)",1.6265151515151515,"beat3:pitches(59, 63, 68)",False,False,21,21
counterpoint_small_paired_replicate_probe_v001,counterpoint_symbolic_n3_wide_20_108_span18_v001-p001_over_018-schema0-schema1_noisy_rate_one_drop-trainrep0,threshold_frontier_selected_small_paired_replicate_probe,counterpoint_symbolic_n3_wide_20_108_span18_v001-p001_over_018-schema0,schema1_noisy_rate_one_drop,counterpoint_symbolic_n3_wide_20_108_span18_v001-p001_over_018-schema0,counterpoint_symbolic_n3_wide_20_108_span18_v001,p001_over_018,0,seed-7fe8666539580bdb,0,1,7,32,"beat3:pitches(59, 63, 68)","(0, 0, -2)",2.671212121212121,"beat0:pitches(59, 63, 66)",True,False,21,21
counterpoint_small_paired_replicate_probe_v001,counterpoint_symbolic_n3_wide_20_108_span18_v001-p001_over_018-schema0-schema1_noisy_rate_one_drop-trainrep0,threshold_frontier_selected_small_paired_replicate_probe,counterpoint_symbolic_n3_wide_20_108_span18_v001-p001_over_018-schema0,schema1_noisy_rate_one_drop,counterpoint_symbolic_n3_wide_20_108_span18_v001-p001_over_018-schema0,counterpoint_symbolic_n3_wide_20_108_span18_v001,p001_over_018,0,seed-7fe8666539580bdb,0,2,0,9,"beat0:pitches(60, 63, 68)","(-1, 0, -1)",1.5696969696969696,"beat1:pitches(59, 63, 67)",False,False,9,9
counterpoint_small_paired_replicate_probe_v001,counterpoint_symbolic_n3_wide_20_108_span18_v001-p001_over_018-schema0-schema1_noisy_rate_one_drop-trainrep0,threshold_frontier_selected_small_paired_replicate_probe,counterpoint_symbolic_n3_wide_20_108_span18_v001-p001_over_018-schema0,schema1_noisy_rate_one_drop,counterpoint_symbolic_n3_wide_20_108_span18_v001-p001_over_018-schema0,counterpoint_symbolic_n3_wide_20_108_span18_v001,p001_over_018,0,seed-7fe8666539580bdb,0,2,1,23,"beat1:pitches(59, 63, 67)","(-2, 2, 2)",1.4303030303030304,"beat2:pitches(57, 65, 69)",False,False,22,22
counterpoint_small_paired_replicate_probe_v001,counterpoint_symbolic_n3_wide_20_108_span18_v001-p001_over_018-schema0-schema1_noisy_rate_one_drop-trainrep0,threshold_frontier_selected_small_paired_replicate_probe,counterpoint_symbolic_n3_wide_20_108_span18_v001-p001_over_018-schema0,schema1_noisy_rate_one_drop,counterpoint_symbolic_n3_wide_20_108_span18_v001-p001_over_018-schema0,counterpoint_symbolic_n3_wide_20_108_span18_v001,p001_over_018,0,seed-7fe8666539580bdb,0,2,2,24,"beat2:pitches(57, 65, 69)","(0, 1, 0)",1.6204545454545454,"beat3:pitches(57, 66, 69)",False,False,22,22
counterpoint_small_paired_replicate_probe_v001,counterpoint_symbolic_n3_wide_20_108_span18_v001-p001_over_018-schema0-schema1_noisy_rate_one_drop-trainrep0,threshold_frontier_selected_small_paired_replicate_probe,counterpoint_symbolic_n3_wide_20_108_span18_v001-p001_over_018-schema0,schema1_noisy_rate_one_drop,counterpoint_symbolic_n3_wide_20_108_span18_v001-p001_over_018-schema0,counterpoint_symbolic_n3_wide_20_108_span18_v001,p001_over_018,0,seed-7fe8666539580bdb,0,2,3,25,"beat3:pitches(57, 66, 69)","(2, -2, -1)",1.5946969696969697,"beat0:pitches(59, 64, 68)",False,False,22,4
counterpoint_small_paired_replicate_probe_v001,counterpoint_symbolic_n3_wide_20_108_span18_v001-p001_over_018-schema0-schema1_noisy_rate_one_drop-trainrep0,threshold_frontier_selected_small_paired_replicate_probe,counterpoint_symbolic_n3_wide_20_108_span18_v001-p001_over_018-schema0,schema1_noisy_rate_one_drop,counterpoint_symbolic_n3_wide_20_108_span18_v001-p001_over_018-schema0,counterpoint_symbolic_n3_wide_20_108_span18_v001,p001_over_018,0,seed-7fe8666539580bdb,0,2,4,45,"beat0:pitches(59, 64, 68)","(-2, 1, 1)",1.5469696969696969,"beat1:pitches(57, 65, 69)",False,False,22,22
counterpoint_small_paired_replicate_probe_v001,counterpoint_symbolic_n3_wide_20_108_span18_v001-p001_over_018-schema0-schema1_noisy_rate_one_drop-trainrep0,threshold_frontier_selected_small_paired_replicate_probe,counterpoint_symbolic_n3_wide_20_108_span18_v001-p001_over_018-schema0,schema1_noisy_rate_one_drop,counterpoint_symbolic_n3_wide_20_108_span18_v001-p001_over_018-schema0,counterpoint_symbolic_n3_wide_20_108_span18_v001,p001_over_018,0,seed-7fe8666539580bdb,0,2,5,46,"beat1:pitches(57, 65, 69)","(2, -1, -2)",1.496212121212121,"beat2:pitches(59, 64, 67)",False,False,22,22
counterpoint_small_paired_replicate_probe_v001,counterpoint_symbolic_n3_wide_20_108_span18_v001-p001_over_018-schema0-schema1_noisy_rate_one_drop-trainrep0,threshold_frontier_selected_small_paired_replicate_probe,counterpoint_symbolic_n3_wide_20_108_span18_v001-p001_over_018-schema0,schema1_noisy_rate_one_drop,counterpoint_symbolic_n3_wide_20_108_span18_v001-p001_over_018-schema0,counterpoint_symbolic_n3_wide_20_108_span18_v001,p001_over_018,0,seed-7fe8666539580bdb,0,2,6,47,"beat2:pitches(59, 64, 67)","(1, 0, 1)",1.571212121212121,"beat3:pitches(60, 64, 68)",False,False,22,9
counterpoint_small_paired_replicate_probe_v001,counterpoint_symbolic_n3_wide_20_108_span18_v001-p001_over_018-schema0-schema1_noisy_rate_one_drop-trainrep0,threshold_frontier_selected_small_paired_replicate_probe,counterpoint_symbolic_n3_wide_20_108_span18_v001-p001_over_018-schema0,schema1_noisy_rate_one_drop,counterpoint_symbolic_n3_wide_20_108_span18_v001-p001_over_018-schema0,counterpoint_symbolic_n3_wide_20_108_span18_v001,p001_over_018,0,seed-7fe8666539580bdb,0,2,7,62,"beat3:pitches(60, 64, 68)","(-1, -1, -1)",2.6113636363636363,"beat0:pitches(59, 63, 67)",True,False,22,22
counterpoint_small_paired_replicate_probe_v001,counterpoint_symbolic_n3_wide_20_108_span18_v001-p001_over_018-schema0-schema1_noisy_rate_one_drop-trainrep0,threshold_frontier_selected_small_paired_replicate_probe,counterpoint_symbolic_n3_wide_20_108_span18_v001-p001_over_018-schema0,schema1_noisy_rate_one_drop,counterpoint_symbolic_n3_wide_20_108_span18_v001-p001_over_018-schema0,counterpoint_symbolic_n3_wide_20_108_span18_v001,p001_over_018,0,seed-7fe8666539580bdb,0,3,0,4,"beat0:pitches(60, 64, 68)","(-1, -1, -2)",1.4545454545454544,"beat1:pitches(59, 63, 66)",False,False,4,4
counterpoint_small_paired_replicate_probe_v001,counterpoint_symbolic_n3_wide_20_108_span18_v001-p001_over_018-schema0-schema1_noisy_rate_one_drop-trainrep0,threshold_frontier_selected_small_paired_replicate_probe,counterpoint_symbolic_n3_wide_20_108_span18_v001-p001_over_018-schema0,schema1_noisy_rate_one_drop,counterpoint_symbolic_n3_wide_20_108_span18_v001-p001_over_018-schema0,counterpoint_symbolic_n3_wide_20_108_span18_v001,p001_over_018,0,seed-7fe8666539580bdb,0,3,1,23,"beat1:pitches(59, 63, 66)","(0, 0, 1)",1.628030303030303,"beat2:pitches(59, 63, 67)",False,False,22,22
counterpoint_small_paired_replicate_probe_v001,counterpoint_symbolic_n3_wide_20_108_span18_v001-p001_over_018-schema0-schema1_noisy_rate_one_drop-trainrep0,threshold_frontier_selected_small_paired_replicate_probe,counterpoint_symbolic_n3_wide_20_108_span18_v001-p001_over_018-schema0,schema1_noisy_rate_one_drop,counterpoint_symbolic_n3_wide_20_108_span18_v001-p001_over_018-schema0,counterpoint_symbolic_n3_wide_20_108_span18_v001,p001_over_018,0,seed-7fe8666539580bdb,0,3,2,24,"beat2:pitches(59, 63, 67)","(1, 0, 0)",1.6295454545454544,"beat3:pitches(60, 63, 67)",False,False,22,22
counterpoint_small_paired_replicate_probe_v001,counterpoint_symbolic_n3_wide_20_108_span18_v001-p001_over_018-schema0-schema1_noisy_rate_one_drop-trainrep0,threshold_frontier_selected_small_paired_replicate_probe,counterpoint_symbolic_n3_wide_20_108_span18_v001-p001_over_018-schema0,schema1_noisy_rate_one_drop,counterpoint_symbolic_n3_wide_20_108_span18_v001-p001_over_018-schema0,counterpoint_symbolic_n3_wide_20_108_span18_v001,p001_over_018,0,seed-7fe8666539580bdb,0,3,3,25,"beat3:pitches(60, 63, 67)","(-1, 0, 0)",1.728030303030303,"beat0:pitches(59, 63, 67)",False,False,22,22
counterpoint_small_paired_replicate_probe_v001,counterpoint_symbolic_n3_wide_20_108_span18_v001-p001_over_018-schema0-schema1_noisy_rate_one_drop-trainrep0,threshold_frontier_selected_small_paired_replicate_probe,counterpoint_symbolic_n3_wide_20_108_span18_v001-p001_over_018-schema0,schema1_noisy_rate_one_drop,counterpoint_symbolic_n3_wide_20_108_span18_v001-p001_over_018-schema0,counterpoint_symbolic_n3_wide_20_108_span18_v001,p001_over_018,0,seed-7fe8666539580bdb,0,3,4,27,"beat0:pitches(59, 63, 67)","(1, 2, 1)",1.453030303030303,"beat1:pitches(60, 65, 68)",False,False,22,22
counterpoint_small_paired_replicate_probe_v001,counterpoint_symbolic_n3_wide_20_108_span18_v001-p001_over_018-schema0-schema1_noisy_rate_one_drop-trainrep0,threshold_frontier_selected_small_paired_replicate_probe,counterpoint_symbolic_n3_wide_20_108_span18_v001-p001_over_018-schema0,schema1_noisy_rate_one_drop,counterpoint_symbolic_n3_wide_20_108_span18_v001-p001_over_018-schema0,counterpoint_symbolic_n3_wide_20_108_span18_v001,p001_over_018,0,seed-7fe8666539580bdb,0,3,5,28,"beat1:pitches(60, 65, 68)","(-1, -2, -1)",1.453030303030303,"beat2:pitches(59, 63, 67)",False,False,22,22
counterpoint_small_paired_replicate_probe_v001,counterpoint_symbolic_n3_wide_20_108_span18_v001-p001_over_018-schema0-schema1_noisy_rate_one_drop-trainrep0,threshold_frontier_selected_small_paired_replicate_probe,counterpoint_symbolic_n3_wide_20_108_span18_v001-p001_over_018-schema0,schema1_noisy_rate_one_drop,counterpoint_symbolic_n3_wide_20_108_span18_v001-p001_over_018-schema0,counterpoint_symbolic_n3_wide_20_108_span18_v001,p001_over_018,0,seed-7fe8666539580bdb,0,3,6,30,"beat2:pitches(59, 63, 67)","(0, -1, 0)",1.6265151515151515,"beat3:pitches(59, 62, 67)",False,False,21,21
counterpoint_small_paired_replicate_probe_v001,counterpoint_symbolic_n3_wide_20_108_span18_v001-p001_over_018-schema0-schema1_noisy_rate_one_drop-trainrep0,threshold_frontier_selected_small_paired_replicate_probe,counterpoint_symbolic_n3_wide_20_108_span18_v001-p001_over_018-schema0,schema1_noisy_rate_one_drop,counterpoint_symbolic_n3_wide_20_108_span18_v001-p001_over_018-schema0,counterpoint_symbolic_n3_wide_20_108_span18_v001,p001_over_018,0,seed-7fe8666539580bdb,0,3,7,32,"beat3:pitches(59, 62, 67)","(0, 1, -1)",2.7712121212121215,"beat0:pitches(59, 63, 66)",True,False,21,21
counterpoint_small_paired_replicate_probe_v001,counterpoint_symbolic_n3_wide_20_108_span18_v001-p001_over_018-schema0-schema1_noisy_rate_one_drop-trainrep0,threshold_frontier_selected_small_paired_replicate_probe,counterpoint_symbolic_n3_wide_20_108_span18_v001-p001_over_018-schema0,schema1_noisy_rate_one_drop,counterpoint_symbolic_n3_wide_20_108_span18_v001-p001_over_018-schema0,counterpoint_symbolic_n3_wide_20_108_span18_v001,p001_over_018,0,seed-7fe8666539580bdb,0,4,0,9,"beat0:pitches(60, 63, 68)","(-1, 1, 0)",1.6696969696969697,"beat1:pitches(59, 64, 68)",False,False,9,9
counterpoint_small_paired_replicate_probe_v001,counterpoint_symbolic_n3_wide_20_108_span18_v001-p001_over_018-schema0-schema1_noisy_rate_one_drop-trainrep0,threshold_frontier_selected_small_paired_replicate_probe,counterpoint_symbolic_n3_wide_20_108_span18_v001-p001_over_018-schema0,schema1_noisy_rate_one_drop,counterpoint_symbolic_n3_wide_20_108_span18_v001-p001_over_018-schema0,counterpoint_symbolic_n3_wide_20_108_span18_v001,p001_over_018,0,seed-7fe8666539580bdb,0,4,1,23,"beat1:pitches(59, 64, 68)","(-2, 1, 1)",1.5469696969696969,"beat2:pitches(57, 65, 69)",False,False,22,22
counterpoint_small_paired_replicate_probe_v001,counterpoint_symbolic_n3_wide_20_108_span18_v001-p001_over_018-schema0-schema1_noisy_rate_one_drop-trainrep0,threshold_frontier_selected_small_paired_replicate_probe,counterpoint_symbolic_n3_wide_20_108_span18_v001-p001_over_018-schema0,schema1_noisy_rate_one_drop,counterpoint_symbolic_n3_wide_20_108_span18_v001-p001_over_018-schema0,counterpoint_symbolic_n3_wide_20_108_span18_v001,p001_over_018,0,seed-7fe8666539580bdb,0,4,2,24,"beat2:pitches(57, 65, 69)","(0, -1, 0)",1.6234848484848485,"beat3:pitches(57, 64, 69)",False,False,22,22
counterpoint_small_paired_replicate_probe_v001,counterpoint_symbolic_n3_wide_20_108_span18_v001-p001_over_018-schema0-schema1_noisy_rate_one_drop-trainrep0,threshold_frontier_selected_small_paired_replicate_probe,counterpoint_symbolic_n3_wide_20_108_span18_v001-p001_over_018-schema0,schema1_noisy_rate_one_drop,counterpoint_symbolic_n3_wide_20_108_span18_v001-p001_over_018-schema0,counterpoint_symbolic_n3_wide_20_108_span18_v001,p001_over_018,0,seed-7fe8666539580bdb,0,4,3,25,"beat3:pitches(57, 64, 69)","(2, -1, -1)",1.6515151515151516,"beat0:pitches(59, 63, 68)",False,False,22,22
counterpoint_small_paired_replicate_probe_v001,counterpoint_symbolic_n3_wide_20_108_span18_v001-p001_over_018-schema0-schema1_noisy_rate_one_drop-trainrep0,threshold_frontier_selected_small_paired_replicate_probe,counterpoint_symbolic_n3_wide_20_108_span18_v001-p001_over_018-schema0,schema1_noisy_rate_one_drop,counterpoint_symbolic_n3_wide_20_108_span18_v001-p001_over_018-schema0,counterpoint_symbolic_n3_wide_20_108_span18_v001,p001_over_018,0,seed-7fe8666539580bdb,0,4,4,27,"beat0:pitches(59, 63, 68)","(1, 2, 1)",1.4515151515151514,"beat1:pitches(60, 65, 69)",False,False,22,22
counterpoint_small_paired_replicate_probe_v001,counterpoint_symbolic_n3_wide_20_108_span18_v001-p001_over_018-schema0-schema1_noisy_rate_one_drop-trainrep0,threshold_frontier_selected_small_paired_replicate_probe,counterpoint_symbolic_n3_wide_20_108_span18_v001-p001_over_018-schema0,schema1_noisy_rate_one_drop,counterpoint_symbolic_n3_wide_20_108_span18_v001-p001_over_018-schema0,counterpoint_symbolic_n3_wide_20_108_span18_v001,p001_over_018,0,seed-7fe8666539580bdb,0,4,5,28,"beat1:pitches(60, 65, 69)","(-1, -2, -2)",1.3946969696969695,"beat2:pitches(59, 63, 67)",False,False,22,22
counterpoint_small_paired_replicate_probe_v001,counterpoint_symbolic_n3_wide_20_108_span18_v001-p001_over_018-schema0-schema1_noisy_rate_one_drop-trainrep0,threshold_frontier_selected_small_paired_replicate_probe,counterpoint_symbolic_n3_wide_20_108_span18_v001-p001_over_018-schema0,schema1_noisy_rate_one_drop,counterpoint_symbolic_n3_wide_20_108_span18_v001-p001_over_018-schema0,counterpoint_symbolic_n3_wide_20_108_span18_v001,p001_over_018,0,seed-7fe8666539580bdb,0,4,6,30,"beat2:pitches(59, 63, 67)","(0, 0, -1)",1.6295454545454544,"beat3:pitches(59, 63, 66)",False,False,21,21
counterpoint_small_paired_replicate_probe_v001,counterpoint_symbolic_n3_wide_20_108_span18_v001-p001_over_018-schema0-schema1_noisy_rate_one_drop-trainrep0,threshold_frontier_selected_small_paired_replicate_probe,counterpoint_symbolic_n3_wide_20_108_span18_v001-p001_over_018-schema0,schema1_noisy_rate_one_drop,counterpoint_symbolic_n3_wide_20_108_span18_v001-p001_over_018-schema0,counterpoint_symbolic_n3_wide_20_108_span18_v001,p001_over_018,0,seed-7fe8666539580bdb,0,4,7,32,"beat3:pitches(59, 63, 66)","(0, 0, 2)",2.668181818181818,"beat0:pitches(59, 63, 68)",True,False,21,21
counterpoint_small_paired_replicate_probe_v001,counterpoint_symbolic_n3_wide_20_108_span18_v001-p001_over_018-schema0-schema1_noisy_rate_one_drop-trainrep0,threshold_frontier_selected_small_paired_replicate_probe,counterpoint_symbolic_n3_wide_20_108_span18_v001-p001_over_018-schema0,schema1_noisy_rate_one_drop,counterpoint_symbolic_n3_wide_20_108_span18_v001-p001_over_018-schema0,counterpoint_symbolic_n3_wide_20_108_span18_v001,p001_over_018,0,seed-7fe8666539580bdb,0,5,0,9,"beat0:pitches(60, 63, 68)","(-1, 0, -1)",1.5696969696969696,"beat1:pitches(59, 63, 67)",False,False,9,9
counterpoint_small_paired_replicate_probe_v001,counterpoint_symbolic_n3_wide_20_108_span18_v001-p001_over_018-schema0-schema1_noisy_rate_one_drop-trainrep0,threshold_frontier_selected_small_paired_replicate_probe,counterpoint_symbolic_n3_wide_20_108_span18_v001-p001_over_018-schema0,schema1_noisy_rate_one_drop,counterpoint_symbolic_n3_wide_20_108_span18_v001-p001_over_018-schema0,counterpoint_symbolic_n3_wide_20_108_span18_v001,p001_over_018,0,seed-7fe8666539580bdb,0,5,1,23,"beat1:pitches(59, 63, 67)","(-2, 2, 2)",1.4303030303030304,"beat2:pitches(57, 65, 69)",False,False,22,22
counterpoint_small_paired_replicate_probe_v001,counterpoint_symbolic_n3_wide_20_108_span18_v001-p001_over_018-schema0-schema1_noisy_rate_one_drop-trainrep0,threshold_frontier_selected_small_paired_replicate_probe,counterpoint_symbolic_n3_wide_20_108_span18_v001-p001_over_018-schema0,schema1_noisy_rate_one_drop,counterpoint_symbolic_n3_wide_20_108_span18_v001-p001_over_018-schema0,counterpoint_symbolic_n3_wide_20_108_span18_v001,p001_over_018,0,seed-7fe8666539580bdb,0,5,2,24,"beat2:pitches(57, 65, 69)","(0, 1, 0)",1.6204545454545454,"beat3:pitches(57, 66, 69)",False,False,22,22
counterpoint_small_paired_replicate_probe_v001,counterpoint_symbolic_n3_wide_20_108_span18_v001-p001_over_018-schema0-schema1_noisy_rate_one_drop-trainrep0,threshold_frontier_selected_small_paired_replicate_probe,counterpoint_symbolic_n3_wide_20_108_span18_v001-p001_over_018-schema0,schema1_noisy_rate_one_drop,counterpoint_symbolic_n3_wide_20_108_span18_v001-p001_over_018-schema0,counterpoint_symbolic_n3_wide_20_108_span18_v001,p001_over_018,0,seed-7fe8666539580bdb,0,5,3,25,"beat3:pitches(57, 66, 69)","(2, -2, -1)",1.5946969696969697,"beat0:pitches(59, 64, 68)",False,False,22,4
counterpoint_small_paired_replicate_probe_v001,counterpoint_symbolic_n3_wide_20_108_span18_v001-p001_over_018-schema0-schema1_noisy_rate_one_drop-trainrep0,threshold_frontier_selected_small_paired_replicate_probe,counterpoint_symbolic_n3_wide_20_108_span18_v001-p001_over_018-schema0,schema1_noisy_rate_one_drop,counterpoint_symbolic_n3_wide_20_108_span18_v001-p001_over_018-schema0,counterpoint_symbolic_n3_wide_20_108_span18_v001,p001_over_018,0,seed-7fe8666539580bdb,0,5,4,45,"beat0:pitches(59, 64, 68)","(-2, 1, 1)",1.5469696969696969,"beat1:pitches(57, 65, 69)",False,False,22,22
counterpoint_small_paired_replicate_probe_v001,counterpoint_symbolic_n3_wide_20_108_span18_v001-p001_over_018-schema0-schema1_noisy_rate_one_drop-trainrep0,threshold_frontier_selected_small_paired_replicate_probe,counterpoint_symbolic_n3_wide_20_108_span18_v001-p001_over_018-schema0,schema1_noisy_rate_one_drop,counterpoint_symbolic_n3_wide_20_108_span18_v001-p001_over_018-schema0,counterpoint_symbolic_n3_wide_20_108_span18_v001,p001_over_018,0,seed-7fe8666539580bdb,0,5,5,46,"beat1:pitches(57, 65, 69)","(-2, -2, 2)",1.4242424242424243,"beat2:pitches(55, 63, 71)",False,False,22,22
counterpoint_small_paired_replicate_probe_v001,counterpoint_symbolic_n3_wide_20_108_span18_v001-p001_over_018-schema0-schema1_noisy_rate_one_drop-trainrep0,threshold_frontier_selected_small_paired_replicate_probe,counterpoint_symbolic_n3_wide_20_108_span18_v001-p001_over_018-schema0,schema1_noisy_rate_one_drop,counterpoint_symbolic_n3_wide_20_108_span18_v001-p001_over_018-schema0,counterpoint_symbolic_n3_wide_20_108_span18_v001,p001_over_018,0,seed-7fe8666539580bdb,0,5,6,47,"beat2:pitches(55, 63, 71)","(2, 1, 1)",1.4439393939393939,"beat3:pitches(57, 64, 72)",False,False,22,4
counterpoint_small_paired_replicate_probe_v001,counterpoint_symbolic_n3_wide_20_108_span18_v001-p001_over_018-schema0-schema1_noisy_rate_one_drop-trainrep0,threshold_frontier_selected_small_paired_replicate_probe,counterpoint_symbolic_n3_wide_20_108_span18_v001-p001_over_018-schema0,schema1_noisy_rate_one_drop,counterpoint_symbolic_n3_wide_20_108_span18_v001-p001_over_018-schema0,counterpoint_symbolic_n3_wide_20_108_span18_v001,p001_over_018,0,seed-7fe8666539580bdb,0,5,7,53,"beat3:pitches(57, 64, 72)","(0, 2, 1)",2.5977272727272727,"beat0:pitches(57, 66, 73)",True,False,8,8
counterpoint_small_paired_replicate_probe_v001,counterpoint_symbolic_n3_wide_20_108_span18_v001-p001_over_018-schema0-schema1_noisy_rate_one_drop-trainrep0,threshold_frontier_selected_small_paired_replicate_probe,counterpoint_symbolic_n3_wide_20_108_span18_v001-p001_over_018-schema0,schema1_noisy_rate_one_drop,counterpoint_symbolic_n3_wide_20_108_span18_v001-p001_over_018-schema0,counterpoint_symbolic_n3_wide_20_108_span18_v001,p001_over_018,0,seed-7fe8666539580bdb,0,6,0,2,"beat0:pitches(60, 63, 67)","(0, 1, 1)",1.571212121212121,"beat1:pitches(60, 64, 68)",False,False,2,2
counterpoint_small_paired_replicate_probe_v001,counterpoint_symbolic_n3_wide_20_108_span18_v001-p001_over_018-schema0-schema1_noisy_rate_one_drop-trainrep0,threshold_frontier_selected_small_paired_replicate_probe,counterpoint_symbolic_n3_wide_20_108_span18_v001-p001_over_018-schema0,schema1_noisy_rate_one_drop,counterpoint_symbolic_n3_wide_20_108_span18_v001-p001_over_018-schema0,counterpoint_symbolic_n3_wide_20_108_span18_v001,p001_over_018,0,seed-7fe8666539580bdb,0,6,1,23,"beat1:pitches(60, 64, 68)","(-1, -1, -1)",1.5113636363636362,"beat2:pitches(59, 63, 67)",False,False,22,22
counterpoint_small_paired_replicate_probe_v001,counterpoint_symbolic_n3_wide_20_108_span18_v001-p001_over_018-schema0-schema1_noisy_rate_one_drop-trainrep0,threshold_frontier_selected_small_paired_replicate_probe,counterpoint_symbolic_n3_wide_20_108_span18_v001-p001_over_018-schema0,schema1_noisy_rate_one_drop,counterpoint_symbolic_n3_wide_20_108_span18_v001-p001_over_018-schema0,counterpoint_symbolic_n3_wide_20_108_span18_v001,p001_over_018,0,seed-7fe8666539580bdb,0,6,2,24,"beat2:pitches(59, 63, 67)","(0, 1, 1)",1.5696969696969696,"beat3:pitches(59, 64, 68)",False,False,22,22
counterpoint_small_paired_replicate_probe_v001,counterpoint_symbolic_n3_wide_20_108_span18_v001-p001_over_018-schema0-schema1_noisy_rate_one_drop-trainrep0,threshold_frontier_selected_small_paired_replicate_probe,counterpoint_symbolic_n3_wide_20_108_span18_v001-p001_over_018-schema0,schema1_noisy_rate_one_drop,counterpoint_symbolic_n3_wide_20_108_span18_v001-p001_over_018-schema0,counterpoint_symbolic_n3_wide_20_108_span18_v001,p001_over_018,0,seed-7fe8666539580bdb,0,6,3,25,"beat3:pitches(59, 64, 68)","(0, -1, -1)",1.6696969696969697,"beat0:pitches(59, 63, 67)",False,False,22,22
counterpoint_small_paired_replicate_probe_v001,counterpoint_symbolic_n3_wide_20_108_span18_v001-p001_over_018-schema0-schema1_noisy_rate_one_drop-trainrep0,threshold_frontier_selected_small_paired_replicate_probe,counterpoint_symbolic_n3_wide_20_108_span18_v001-p001_over_018-schema0,schema1_noisy_rate_one_drop,counterpoint_symbolic_n3_wide_20_108_span18_v001-p001_over_018-schema0,counterpoint_symbolic_n3_wide_20_108_span18_v001,p001_over_018,0,seed-7fe8666539580bdb,0,6,4,27,"beat0:pitches(59, 63, 67)","(0, -1, 0)",1.6265151515151515,"beat1:pitches(59, 62, 67)",False,False,22,22
counterpoint_small_paired_replicate_probe_v001,counterpoint_symbolic_n3_wide_20_108_span18_v001-p001_over_018-schema0-schema1_noisy_rate_one_drop-trainrep0,threshold_frontier_selected_small_paired_replicate_probe,counterpoint_symbolic_n3_wide_20_108_span18_v001-p001_over_018-schema0,schema1_noisy_rate_one_drop,counterpoint_symbolic_n3_wide_20_108_span18_v001-p001_over_018-schema0,counterpoint_symbolic_n3_wide_20_108_span18_v001,p001_over_018,0,seed-7fe8666539580bdb,0,6,5,28,"beat1:pitches(59, 62, 67)","(0, 1, 0)",1.628030303030303,"beat2:pitches(59, 63, 67)",False,False,22,22
counterpoint_small_paired_replicate_probe_v001,counterpoint_symbolic_n3_wide_20_108_span18_v001-p001_over_018-schema0-schema1_noisy_rate_one_drop-trainrep0,threshold_frontier_selected_small_paired_replicate_probe,counterpoint_symbolic_n3_wide_20_108_span18_v001-p001_over_018-schema0,schema1_noisy_rate_one_drop,counterpoint_symbolic_n3_wide_20_108_span18_v001-p001_over_018-schema0,counterpoint_symbolic_n3_wide_20_108_span18_v001,p001_over_018,0,seed-7fe8666539580bdb,0,6,6,30,"beat2:pitches(59, 63, 67)","(0, 0, 1)",1.6265151515151515,"beat3:pitches(59, 63, 68)",False,False,21,21
counterpoint_small_paired_replicate_probe_v001,counterpoint_symbolic_n3_wide_20_108_span18_v001-p001_over_018-schema0-schema1_noisy_rate_one_drop-trainrep0,threshold_frontier_selected_small_paired_replicate_probe,counterpoint_symbolic_n3_wide_20_108_span18_v001-p001_over_018-schema0,schema1_noisy_rate_one_drop,counterpoint_symbolic_n3_wide_20_108_span18_v001-p001_over_018-schema0,counterpoint_symbolic_n3_wide_20_108_span18_v001,p001_over_018,0,seed-7fe8666539580bdb,0,6,7,32,"beat3:pitches(59, 63, 68)","(0, 0, -2)",2.671212121212121,"beat0:pitches(59, 63, 66)",True,False,21,21
counterpoint_small_paired_replicate_probe_v001,counterpoint_symbolic_n3_wide_20_108_span18_v001-p001_over_018-schema0-schema1_noisy_rate_one_drop-trainrep0,threshold_frontier_selected_small_paired_replicate_probe,counterpoint_symbolic_n3_wide_20_108_span18_v001-p001_over_018-schema0,schema1_noisy_rate_one_drop,counterpoint_symbolic_n3_wide_20_108_span18_v001-p001_over_018-schema0,counterpoint_symbolic_n3_wide_20_108_span18_v001,p001_over_018,0,seed-7fe8666539580bdb,0,7,0,9,"beat0:pitches(60, 63, 68)","(-1, 0, 0)",1.6265151515151515,"beat1:pitches(59, 63, 68)",False,False,9,9
counterpoint_small_paired_replicate_probe_v001,counterpoint_symbolic_n3_wide_20_108_span18_v001-p001_over_018-schema0-schema1_noisy_rate_one_drop-trainrep0,threshold_frontier_selected_small_paired_replicate_probe,counterpoint_symbolic_n3_wide_20_108_span18_v001-p001_over_018-schema0,schema1_noisy_rate_one_drop,counterpoint_symbolic_n3_wide_20_108_span18_v001-p001_over_018-schema0,counterpoint_symbolic_n3_wide_20_108_span18_v001,p001_over_018,0,seed-7fe8666539580bdb,0,7,1,23,"beat1:pitches(59, 63, 68)","(-2, 2, 1)",1.4886363636363635,"beat2:pitches(57, 65, 69)",False,False,22,22
counterpoint_small_paired_replicate_probe_v001,counterpoint_symbolic_n3_wide_20_108_span18_v001-p001_over_018-schema0-schema1_noisy_rate_one_drop-trainrep0,threshold_frontier_selected_small_paired_replicate_probe,counterpoint_symbolic_n3_wide_20_108_span18_v001-p001_over_018-schema0,schema1_noisy_rate_one_drop,counterpoint_symbolic_n3_wide_20_108_span18_v001-p001_over_018-schema0,counterpoint_symbolic_n3_wide_20_108_span18_v001,p001_over_018,0,seed-7fe8666539580bdb,0,7,2,24,"beat2:pitches(57, 65, 69)","(2, -2, -1)",1.4931818181818182,"beat3:pitches(59, 63, 68)",False,False,22,22
counterpoint_small_paired_replicate_probe_v001,counterpoint_symbolic_n3_wide_20_108_span18_v001-p001_over_018-schema0-schema1_noisy_rate_one_drop-trainrep0,threshold_frontier_selected_small_paired_replicate_probe,counterpoint_symbolic_n3_wide_20_108_span18_v001-p001_over_018-schema0,schema1_noisy_rate_one_drop,counterpoint_symbolic_n3_wide_20_108_span18_v001-p001_over_018-schema0,counterpoint_symbolic_n3_wide_20_108_span18_v001,p001_over_018,0,seed-7fe8666539580bdb,0,7,3,25,"beat3:pitches(59, 63, 68)","(0, 0, -2)",1.6712121212121211,"beat0:pitches(59, 63, 66)",False,False,22,22
counterpoint_small_paired_replicate_probe_v001,counterpoint_symbolic_n3_wide_20_108_span18_v001-p001_over_018-schema0-schema1_noisy_rate_one_drop-trainrep0,threshold_frontier_selected_small_paired_replicate_probe,counterpoint_symbolic_n3_wide_20_108_span18_v001-p001_over_018-schema0,schema1_noisy_rate_one_drop,counterpoint_symbolic_n3_wide_20_108_span18_v001-p001_over_018-schema0,counterpoint_symbolic_n3_wide_20_108_span18_v001,p001_over_018,0,seed-7fe8666539580bdb,0,7,4,27,"beat0:pitches(59, 63, 66)","(0, 0, 1)",1.628030303030303,"beat1:pitches(59, 63, 67)",False,False,22,22
counterpoint_small_paired_replicate_probe_v001,counterpoint_symbolic_n3_wide_20_108_span18_v001-p001_over_018-schema0-schema1_noisy_rate_one_drop-trainrep0,threshold_frontier_selected_small_paired_replicate_probe,counterpoint_symbolic_n3_wide_20_108_span18_v001-p001_over_018-schema0,schema1_noisy_rate_one_drop,counterpoint_symbolic_n3_wide_20_108_span18_v001-p001_over_018-schema0,counterpoint_symbolic_n3_wide_20_108_span18_v001,p001_over_018,0,seed-7fe8666539580bdb,0,7,5,28,"beat1:pitches(59, 63, 67)","(-2, 2, 2)",1.4303030303030304,"beat2:pitches(57, 65, 69)",False,False,22,22
counterpoint_small_paired_replicate_probe_v001,counterpoint_symbolic_n3_wide_20_108_span18_v001-p001_over_018-schema0-schema1_noisy_rate_one_drop-trainrep0,threshold_frontier_selected_small_paired_replicate_probe,counterpoint_symbolic_n3_wide_20_108_span18_v001-p001_over_018-schema0,schema1_noisy_rate_one_drop,counterpoint_symbolic_n3_wide_20_108_span18_v001-p001_over_018-schema0,counterpoint_symbolic_n3_wide_20_108_span18_v001,p001_over_018,0,seed-7fe8666539580bdb,0,7,6,30,"beat2:pitches(57, 65, 69)","(2, -2, -2)",1.4363636363636365,"beat3:pitches(59, 63, 67)",False,False,21,21
counterpoint_small_paired_replicate_probe_v001,counterpoint_symbolic_n3_wide_20_108_span18_v001-p001_over_018-schema0-schema1_noisy_rate_one_drop-trainrep0,threshold_frontier_selected_small_paired_replicate_probe,counterpoint_symbolic_n3_wide_20_108_span18_v001-p001_over_018-schema0,schema1_noisy_rate_one_drop,counterpoint_symbolic_n3_wide_20_108_span18_v001-p001_over_018-schema0,counterpoint_symbolic_n3_wide_20_108_span18_v001,p001_over_018,0,seed-7fe8666539580bdb,0,7,7,32,"beat3:pitches(59, 63, 67)","(0, 0, -1)",2.7295454545454545,"beat0:pitches(59, 63, 66)",True,False,21,21
counterpoint_small_paired_replicate_probe_v001,counterpoint_symbolic_n3_wide_20_108_span18_v001-p001_over_018-schema0-schema1_noisy_rate_one_drop-trainrep0,threshold_frontier_selected_small_paired_replicate_probe,counterpoint_symbolic_n3_wide_20_108_span18_v001-p001_over_018-schema0,schema1_noisy_rate_one_drop,counterpoint_symbolic_n3_wide_20_108_span18_v001-p001_over_018-schema0,counterpoint_symbolic_n3_wide_20_108_span18_v001,p001_over_018,0,seed-7fe8666539580bdb,0,8,0,2,"beat0:pitches(60, 63, 67)","(0, 2, 1)",1.5113636363636362,"beat1:pitches(60, 65, 68)",False,False,2,2
counterpoint_small_paired_replicate_probe_v001,counterpoint_symbolic_n3_wide_20_108_span18_v001-p001_over_018-schema0-schema1_noisy_rate_one_drop-trainrep0,threshold_frontier_selected_small_paired_replicate_probe,counterpoint_symbolic_n3_wide_20_108_span18_v001-p001_over_018-schema0,schema1_noisy_rate_one_drop,counterpoint_symbolic_n3_wide_20_108_span18_v001-p001_over_018-schema0,counterpoint_symbolic_n3_wide_20_108_span18_v001,p001_over_018,0,seed-7fe8666539580bdb,0,8,1,23,"beat1:pitches(60, 65, 68)","(-1, -2, -1)",1.453030303030303,"beat2:pitches(59, 63, 67)",False,False,22,22
counterpoint_small_paired_replicate_probe_v001,counterpoint_symbolic_n3_wide_20_108_span18_v001-p001_over_018-schema0-schema1_noisy_rate_one_drop-trainrep0,threshold_frontier_selected_small_paired_replicate_probe,counterpoint_symbolic_n3_wide_20_108_span18_v001-p001_over_018-schema0,schema1_noisy_rate_one_drop,counterpoint_symbolic_n3_wide_20_108_span18_v001-p001_over_018-schema0,counterpoint_symbolic_n3_wide_20_108_span18_v001,p001_over_018,0,seed-7fe8666539580bdb,0,8,2,24,"beat2:pitches(59, 63, 67)","(0, 0, -1)",1.6295454545454544,"beat3:pitches(59, 63, 66)",False,False,22,22
counterpoint_small_paired_replicate_probe_v001,counterpoint_symbolic_n3_wide_20_108_span18_v001-p001_over_018-schema0-schema1_noisy_rate_one_drop-trainrep0,threshold_frontier_selected_small_paired_replicate_probe,counterpoint_symbolic_n3_wide_20_108_span18_v001-p001_over_018-schema0,schema1_noisy_rate_one_drop,counterpoint_symbolic_n3_wide_20_108_span18_v001-p001_over_018-schema0,counterpoint_symbolic_n3_wide_20_108_span18_v001,p001_over_018,0,seed-7fe8666539580bdb,0,8,3,25,"beat3:pitches(59, 63, 66)","(0, 0, 0)",1.7878787878787878,"beat0:pitches(59, 63, 66)",False,False,22,22
counterpoint_small_paired_replicate_probe_v001,counterpoint_symbolic_n3_wide_20_108_span18_v001-p001_over_018-schema0-schema1_noisy_rate_one_drop-trainrep0,threshold_frontier_selected_small_paired_replicate_probe,counterpoint_symbolic_n3_wide_20_108_span18_v001-p001_over_018-schema0,schema1_noisy_rate_one_drop,counterpoint_symbolic_n3_wide_20_108_span18_v001-p001_over_018-schema0,counterpoint_symbolic_n3_wide_20_108_span18_v001,p001_over_018,0,seed-7fe8666539580bdb,0,8,4,27,"beat0:pitches(59, 63, 66)","(0, 0, 1)",1.628030303030303,"beat1:pitches(59, 63, 67)",False,False,22,22
counterpoint_small_paired_replicate_probe_v001,counterpoint_symbolic_n3_wide_20_108_span18_v001-p001_over_018-schema0-schema1_noisy_rate_one_drop-trainrep0,threshold_frontier_selected_small_paired_replicate_probe,counterpoint_symbolic_n3_wide_20_108_span18_v001-p001_over_018-schema0,schema1_noisy_rate_one_drop,counterpoint_symbolic_n3_wide_20_108_span18_v001-p001_over_018-schema0,counterpoint_symbolic_n3_wide_20_108_span18_v001,p001_over_018,0,seed-7fe8666539580bdb,0,8,5,28,"beat1:pitches(59, 63, 67)","(-2, 2, 2)",1.4303030303030304,"beat2:pitches(57, 65, 69)",False,False,22,22
counterpoint_small_paired_replicate_probe_v001,counterpoint_symbolic_n3_wide_20_108_span18_v001-p001_over_018-schema0-schema1_noisy_rate_one_drop-trainrep0,threshold_frontier_selected_small_paired_replicate_probe,counterpoint_symbolic_n3_wide_20_108_span18_v001-p001_over_018-schema0,schema1_noisy_rate_one_drop,counterpoint_symbolic_n3_wide_20_108_span18_v001-p001_over_018-schema0,counterpoint_symbolic_n3_wide_20_108_span18_v001,p001_over_018,0,seed-7fe8666539580bdb,0,8,6,30,"beat2:pitches(57, 65, 69)","(2, -2, -2)",1.4363636363636365,"beat3:pitches(59, 63, 67)",False,False,21,21
counterpoint_small_paired_replicate_probe_v001,counterpoint_symbolic_n3_wide_20_108_span18_v001-p001_over_018-schema0-schema1_noisy_rate_one_drop-trainrep0,threshold_frontier_selected_small_paired_replicate_probe,counterpoint_symbolic_n3_wide_20_108_span18_v001-p001_over_018-schema0,schema1_noisy_rate_one_drop,counterpoint_symbolic_n3_wide_20_108_span18_v001-p001_over_018-schema0,counterpoint_symbolic_n3_wide_20_108_span18_v001,p001_over_018,0,seed-7fe8666539580bdb,0,8,7,32,"beat3:pitches(59, 63, 67)","(0, 0, -1)",2.7295454545454545,"beat0:pitches(59, 63, 66)",True,False,21,21
counterpoint_small_paired_replicate_probe_v001,counterpoint_symbolic_n3_wide_20_108_span18_v001-p001_over_018-schema0-schema1_noisy_rate_one_drop-trainrep0,threshold_frontier_selected_small_paired_replicate_probe,counterpoint_symbolic_n3_wide_20_108_span18_v001-p001_over_018-schema0,schema1_noisy_rate_one_drop,counterpoint_symbolic_n3_wide_20_108_span18_v001-p001_over_018-schema0,counterpoint_symbolic_n3_wide_20_108_span18_v001,p001_over_018,0,seed-7fe8666539580bdb,0,9,0,4,"beat0:pitches(60, 64, 68)","(-1, -1, -2)",1.4545454545454544,"beat1:pitches(59, 63, 66)",False,False,4,4
counterpoint_small_paired_replicate_probe_v001,counterpoint_symbolic_n3_wide_20_108_span18_v001-p001_over_018-schema0-schema1_noisy_rate_one_drop-trainrep0,threshold_frontier_selected_small_paired_replicate_probe,counterpoint_symbolic_n3_wide_20_108_span18_v001-p001_over_018-schema0,schema1_noisy_rate_one_drop,counterpoint_symbolic_n3_wide_20_108_span18_v001-p001_over_018-schema0,counterpoint_symbolic_n3_wide_20_108_span18_v001,p001_over_018,0,seed-7fe8666539580bdb,0,9,1,23,"beat1:pitches(59, 63, 66)","(0, 0, 1)",1.628030303030303,"beat2:pitches(59, 63, 67)",False,False,22,22
counterpoint_small_paired_replicate_probe_v001,counterpoint_symbolic_n3_wide_20_108_span18_v001-p001_over_018-schema0-schema1_noisy_rate_one_drop-trainrep0,threshold_frontier_selected_small_paired_replicate_probe,counterpoint_symbolic_n3_wide_20_108_span18_v001-p001_over_018-schema0,schema1_noisy_rate_one_drop,counterpoint_symbolic_n3_wide_20_108_span18_v001-p001_over_018-schema0,counterpoint_symbolic_n3_wide_20_108_span18_v001,p001_over_018,0,seed-7fe8666539580bdb,0,9,2,24,"beat2:pitches(59, 63, 67)","(1, 2, 2)",1.393181818181818,"beat3:pitches(60, 65, 69)",False,False,22,22
counterpoint_small_paired_replicate_probe_v001,counterpoint_symbolic_n3_wide_20_108_span18_v001-p001_over_018-schema0-schema1_noisy_rate_one_drop-trainrep0,threshold_frontier_selected_small_paired_replicate_probe,counterpoint_symbolic_n3_wide_20_108_span18_v001-p001_over_018-schema0,schema1_noisy_rate_one_drop,counterpoint_symbolic_n3_wide_20_108_span18_v001-p001_over_018-schema0,counterpoint_symbolic_n3_wide_20_108_span18_v001,p001_over_018,0,seed-7fe8666539580bdb,0,9,3,25,"beat3:pitches(60, 65, 69)","(-1, -2, -2)",1.4946969696969696,"beat0:pitches(59, 63, 67)",False,False,22,22
counterpoint_small_paired_replicate_probe_v001,counterpoint_symbolic_n3_wide_20_108_span18_v001-p001_over_018-schema0-schema1_noisy_rate_one_drop-trainrep0,threshold_frontier_selected_small_paired_replicate_probe,counterpoint_symbolic_n3_wide_20_108_span18_v001-p001_over_018-schema0,schema1_noisy_rate_one_drop,counterpoint_symbolic_n3_wide_20_108_span18_v001-p001_over_018-schema0,counterpoint_symbolic_n3_wide_20_108_span18_v001,p001_over_018,0,seed-7fe8666539580bdb,0,9,4,27,"beat0:pitches(59, 63, 67)","(0, 0, 0)",1.6863636363636363,"beat1:pitches(59, 63, 67)",False,False,22,22
counterpoint_small_paired_replicate_probe_v001,counterpoint_symbolic_n3_wide_20_108_span18_v001-p001_over_018-schema0-schema1_noisy_rate_one_drop-trainrep0,threshold_frontier_selected_small_paired_replicate_probe,counterpoint_symbolic_n3_wide_20_108_span18_v001-p001_over_018-schema0,schema1_noisy_rate_one_drop,counterpoint_symbolic_n3_wide_20_108_span18_v001-p001_over_018-schema0,counterpoint_symbolic_n3_wide_20_108_span18_v001,p001_over_018,0,seed-7fe8666539580bdb,0,9,5,28,"beat1:pitches(59, 63, 67)","(-2, 2, 2)",1.4303030303030304,"beat2:pitches(57, 65, 69)",False,False,22,22
counterpoint_small_paired_replicate_probe_v001,counterpoint_symbolic_n3_wide_20_108_span18_v001-p001_over_018-schema0-schema1_noisy_rate_one_drop-trainrep0,threshold_frontier_selected_small_paired_replicate_probe,counterpoint_symbolic_n3_wide_20_108_span18_v001-p001_over_018-schema0,schema1_noisy_rate_one_drop,counterpoint_symbolic_n3_wide_20_108_span18_v001-p001_over_018-schema0,counterpoint_symbolic_n3_wide_20_108_span18_v001,p001_over_018,0,seed-7fe8666539580bdb,0,9,6,30,"beat2:pitches(57, 65, 69)","(-2, -1, 2)",1.4840909090909091,"beat3:pitches(55, 64, 71)",False,False,21,21
counterpoint_small_paired_replicate_probe_v001,counterpoint_symbolic_n3_wide_20_108_span18_v001-p001_over_018-schema0-schema1_noisy_rate_one_drop-trainrep0,threshold_frontier_selected_small_paired_replicate_probe,counterpoint_symbolic_n3_wide_20_108_span18_v001-p001_over_018-schema0,schema1_noisy_rate_one_drop,counterpoint_symbolic_n3_wide_20_108_span18_v001-p001_over_018-schema0,counterpoint_symbolic_n3_wide_20_108_span18_v001,p001_over_018,0,seed-7fe8666539580bdb,0,9,7,32,"beat3:pitches(55, 64, 71)","(2, 0, 2)",2.5424242424242425,"beat0:pitches(57, 64, 73)",True,False,2,2
counterpoint_small_paired_replicate_probe_v001,counterpoint_symbolic_n3_wide_20_108_span18_v001-p001_over_018-schema0-schema1_noisy_rate_one_drop-trainrep0,threshold_frontier_selected_small_paired_replicate_probe,counterpoint_symbolic_n3_wide_20_108_span18_v001-p001_over_018-schema0,schema1_noisy_rate_one_drop,counterpoint_symbolic_n3_wide_20_108_span18_v001-p001_over_018-schema0,counterpoint_symbolic_n3_wide_20_108_span18_v001,p001_over_018,0,seed-7fe8666539580bdb,0,10,0,2,"beat0:pitches(60, 64, 67)","(0, 0, 0)",1.6893939393939394,"beat1:pitches(60, 64, 67)",False,False,2,2
counterpoint_small_paired_replicate_probe_v001,counterpoint_symbolic_n3_wide_20_108_span18_v001-p001_over_018-schema0-schema1_noisy_rate_one_drop-trainrep0,threshold_frontier_selected_small_paired_replicate_probe,counterpoint_symbolic_n3_wide_20_108_span18_v001-p001_over_018-schema0,schema1_noisy_rate_one_drop,counterpoint_symbolic_n3_wide_20_108_span18_v001-p001_over_018-schema0,counterpoint_symbolic_n3_wide_20_108_span18_v001,p001_over_018,0,seed-7fe8666539580bdb,0,10,1,23,"beat1:pitches(60, 64, 67)","(-1, -1, 0)",1.5696969696969696,"beat2:pitches(59, 63, 67)",False,False,22,22
counterpoint_small_paired_replicate_probe_v001,counterpoint_symbolic_n3_wide_20_108_span18_v001-p001_over_018-schema0-schema1_noisy_rate_one_drop-trainrep0,threshold_frontier_selected_small_paired_replicate_probe,counterpoint_symbolic_n3_wide_20_108_span18_v001-p001_over_018-schema0,schema1_noisy_rate_one_drop,counterpoint_symbolic_n3_wide_20_108_span18_v001-p001_over_018-schema0,counterpoint_symbolic_n3_wide_20_108_span18_v001,p001_over_018,0,seed-7fe8666539580bdb,0,10,2,24,"beat2:pitches(59, 63, 67)","(-2, -1, 2)",1.487121212121212,"beat3:pitches(57, 62, 69)",False,False,22,22
counterpoint_small_paired_replicate_probe_v001,counterpoint_symbolic_n3_wide_20_108_span18_v001-p001_over_018-schema0-schema1_noisy_rate_one_drop-trainrep0,threshold_frontier_selected_small_paired_replicate_probe,counterpoint_symbolic_n3_wide_20_108_span18_v001-p001_over_018-schema0,schema1_noisy_rate_one_drop,counterpoint_symbolic_n3_wide_20_108_span18_v001-p001_over_018-schema0,counterpoint_symbolic_n3_wide_20_108_span18_v001,p001_over_018,0,seed-7fe8666539580bdb,0,10,3,25,"beat3:pitches(57, 62, 69)","(2, 1, -1)",1.6515151515151516,"beat0:pitches(59, 63, 68)",False,False,22,22
counterpoint_small_paired_replicate_probe_v001,counterpoint_symbolic_n3_wide_20_108_span18_v001-p001_over_018-schema0-schema1_noisy_rate_one_drop-trainrep0,threshold_frontier_selected_small_paired_replicate_probe,counterpoint_symbolic_n3_wide_20_108_span18_v001-p001_over_018-schema0,schema1_noisy_rate_one_drop,counterpoint_symbolic_n3_wide_20_108_span18_v001-p001_over_018-schema0,counterpoint_symbolic_n3_wide_20_108_span18_v001,p001_over_018,0,seed-7fe8666539580bdb,0,10,4,27,"beat0:pitches(59, 63, 68)","(1, 2, 1)",1.4515151515151514,"beat1:pitches(60, 65, 69)",False,False,22,22
counterpoint_small_paired_replicate_probe_v001,counterpoint_symbolic_n3_wide_20_108_span18_v001-p001_over_018-schema0-schema1_noisy_rate_one_drop-trainrep0,threshold_frontier_selected_small_paired_replicate_probe,counterpoint_symbolic_n3_wide_20_108_span18_v001-p001_over_018-schema0,schema1_noisy_rate_one_drop,counterpoint_symbolic_n3_wide_20_108_span18_v001-p001_over_018-schema0,counterpoint_symbolic_n3_wide_20_108_span18_v001,p001_over_018,0,seed-7fe8666539580bdb,0,10,5,28,"beat1:pitches(60, 65, 69)","(-1, -2, -2)",1.3946969696969695,"beat2:pitches(59, 63, 67)",False,False,22,22
counterpoint_small_paired_replicate_probe_v001,counterpoint_symbolic_n3_wide_20_108_span18_v001-p001_over_018-schema0-schema1_noisy_rate_one_drop-trainrep0,threshold_frontier_selected_small_paired_replicate_probe,counterpoint_symbolic_n3_wide_20_108_span18_v001-p001_over_018-schema0,schema1_noisy_rate_one_drop,counterpoint_symbolic_n3_wide_20_108_span18_v001-p001_over_018-schema0,counterpoint_symbolic_n3_wide_20_108_span18_v001,p001_over_018,0,seed-7fe8666539580bdb,0,10,6,30,"beat2:pitches(59, 63, 67)","(0, 0, 1)",1.6265151515151515,"beat3:pitches(59, 63, 68)",False,False,21,21
counterpoint_small_paired_replicate_probe_v001,counterpoint_symbolic_n3_wide_20_108_span18_v001-p001_over_018-schema0-schema1_noisy_rate_one_drop-trainrep0,threshold_frontier_selected_small_paired_replicate_probe,counterpoint_symbolic_n3_wide_20_108_span18_v001-p001_over_018-schema0,schema1_noisy_rate_one_drop,counterpoint_symbolic_n3_wide_20_108_span18_v001-p001_over_018-schema0,counterpoint_symbolic_n3_wide_20_108_span18_v001,p001_over_018,0,seed-7fe8666539580bdb,0,10,7,32,"beat3:pitches(59, 63, 68)","(0, 0, 0)",2.784848484848485,"beat0:pitches(59, 63, 68)",True,False,21,21
counterpoint_small_paired_replicate_probe_v001,counterpoint_symbolic_n3_wide_20_108_span18_v001-p001_over_018-schema0-schema1_noisy_rate_one_drop-trainrep0,threshold_frontier_selected_small_paired_replicate_probe,counterpoint_symbolic_n3_wide_20_108_span18_v001-p001_over_018-schema0,schema1_noisy_rate_one_drop,counterpoint_symbolic_n3_wide_20_108_span18_v001-p001_over_018-schema0,counterpoint_symbolic_n3_wide_20_108_span18_v001,p001_over_018,0,seed-7fe8666539580bdb,0,11,0,2,"beat0:pitches(60, 64, 67)","(0, -1, 0)",1.6295454545454544,"beat1:pitches(60, 63, 67)",False,False,2,2
counterpoint_small_paired_replicate_probe_v001,counterpoint_symbolic_n3_wide_20_108_span18_v001-p001_over_018-schema0-schema1_noisy_rate_one_drop-trainrep0,threshold_frontier_selected_small_paired_replicate_probe,counterpoint_symbolic_n3_wide_20_108_span18_v001-p001_over_018-schema0,schema1_noisy_rate_one_drop,counterpoint_symbolic_n3_wide_20_108_span18_v001-p001_over_018-schema0,counterpoint_symbolic_n3_wide_20_108_span18_v001,p001_over_018,0,seed-7fe8666539580bdb,0,11,1,23,"beat1:pitches(60, 63, 67)","(-1, 0, 0)",1.628030303030303,"beat2:pitches(59, 63, 67)",False,False,22,22
counterpoint_small_paired_replicate_probe_v001,counterpoint_symbolic_n3_wide_20_108_span18_v001-p001_over_018-schema0-schema1_noisy_rate_one_drop-trainrep0,threshold_frontier_selected_small_paired_replicate_probe,counterpoint_symbolic_n3_wide_20_108_span18_v001-p001_over_018-schema0,schema1_noisy_rate_one_drop,counterpoint_symbolic_n3_wide_20_108_span18_v001-p001_over_018-schema0,counterpoint_symbolic_n3_wide_20_108_span18_v001,p001_over_018,0,seed-7fe8666539580bdb,0,11,2,24,"beat2:pitches(59, 63, 67)","(1, 2, 1)",1.453030303030303,"beat3:pitches(60, 65, 68)",False,False,22,22
counterpoint_small_paired_replicate_probe_v001,counterpoint_symbolic_n3_wide_20_108_span18_v001-p001_over_018-schema0-schema1_noisy_rate_one_drop-trainrep0,threshold_frontier_selected_small_paired_replicate_probe,counterpoint_symbolic_n3_wide_20_108_span18_v001-p001_over_018-schema0,schema1_noisy_rate_one_drop,counterpoint_symbolic_n3_wide_20_108_span18_v001-p001_over_018-schema0,counterpoint_symbolic_n3_wide_20_108_span18_v001,p001_over_018,0,seed-7fe8666539580bdb,0,11,3,25,"beat3:pitches(60, 65, 68)","(-1, -2, -1)",1.553030303030303,"beat0:pitches(59, 63, 67)",False,False,22,22
counterpoint_small_paired_replicate_probe_v001,counterpoint_symbolic_n3_wide_20_108_span18_v001-p001_over_018-schema0-schema1_noisy_rate_one_drop-trainrep0,threshold_frontier_selected_small_paired_replicate_probe,counterpoint_symbolic_n3_wide_20_108_span18_v001-p001_over_018-schema0,schema1_noisy_rate_one_drop,counterpoint_symbolic_n3_wide_20_108_span18_v001-p001_over_018-schema0,counterpoint_symbolic_n3_wide_20_108_span18_v001,p001_over_018,0,seed-7fe8666539580bdb,0,11,4,27,"beat0:pitches(59, 63, 67)","(-2, -2, -1)",1.3901515151515151,"beat1:pitches(57, 61, 66)",False,False,22,22
counterpoint_small_paired_replicate_probe_v001,counterpoint_symbolic_n3_wide_20_108_span18_v001-p001_over_018-schema0-schema1_noisy_rate_one_drop-trainrep0,threshold_frontier_selected_small_paired_replicate_probe,counterpoint_symbolic_n3_wide_20_108_span18_v001-p001_over_018-schema0,schema1_noisy_rate_one_drop,counterpoint_symbolic_n3_wide_20_108_span18_v001-p001_over_018-schema0,counterpoint_symbolic_n3_wide_20_108_span18_v001,p001_over_018,0,seed-7fe8666539580bdb,0,11,5,28,"beat1:pitches(57, 61, 66)","(-2, 2, 1)",1.4886363636363635,"beat2:pitches(55, 63, 67)",False,False,22,22
counterpoint_small_paired_replicate_probe_v001,counterpoint_symbolic_n3_wide_20_108_span18_v001-p001_over_018-schema0-schema1_noisy_rate_one_drop-trainrep0,threshold_frontier_selected_small_paired_replicate_probe,counterpoint_symbolic_n3_wide_20_108_span18_v001-p001_over_018-schema0,schema1_noisy_rate_one_drop,counterpoint_symbolic_n3_wide_20_108_span18_v001-p001_over_018-schema0,counterpoint_symbolic_n3_wide_20_108_span18_v001,p001_over_018,0,seed-7fe8666539580bdb,0,11,6,30,"beat2:pitches(55, 63, 67)","(-2, -1, 2)",1.481060606060606,"beat3:pitches(53, 62, 69)",False,False,21,21
counterpoint_small_paired_replicate_probe_v001,counterpoint_symbolic_n3_wide_20_108_span18_v001-p001_over_018-schema0-schema1_noisy_rate_one_drop-trainrep0,threshold_frontier_selected_small_paired_replicate_probe,counterpoint_symbolic_n3_wide_20_108_span18_v001-p001_over_018-schema0,schema1_noisy_rate_one_drop,counterpoint_symbolic_n3_wide_20_108_span18_v001-p001_over_018-schema0,counterpoint_symbolic_n3_wide_20_108_span18_v001,p001_over_018,0,seed-7fe8666539580bdb,0,11,7,32,"beat3:pitches(53, 62, 69)","(0, -2, 0)",2.6530303030303033,"beat0:pitches(53, 60, 69)",True,False,21,21
counterpoint_small_paired_replicate_probe_v001,counterpoint_symbolic_n3_wide_20_108_span18_v001-p001_over_018-schema0-schema1_noisy_rate_one_drop-trainrep0,threshold_frontier_selected_small_paired_replicate_probe,counterpoint_symbolic_n3_wide_20_108_span18_v001-p001_over_018-schema0,schema1_noisy_rate_one_drop,counterpoint_symbolic_n3_wide_20_108_span18_v001-p001_over_018-schema0,counterpoint_symbolic_n3_wide_20_108_span18_v001,p001_over_018,0,seed-7fe8666539580bdb,0,12,0,2,"beat0:pitches(60, 63, 67)","(-1, 0, 1)",1.6681818181818182,"beat1:pitches(59, 63, 68)",False,False,2,2
counterpoint_small_paired_replicate_probe_v001,counterpoint_symbolic_n3_wide_20_108_span18_v001-p001_over_018-schema0-schema1_noisy_rate_one_drop-trainrep0,threshold_frontier_selected_small_paired_replicate_probe,counterpoint_symbolic_n3_wide_20_108_span18_v001-p001_over_018-schema0,schema1_noisy_rate_one_drop,counterpoint_symbolic_n3_wide_20_108_span18_v001-p001_over_018-schema0,counterpoint_symbolic_n3_wide_20_108_span18_v001,p001_over_018,0,seed-7fe8666539580bdb,0,12,1,23,"beat1:pitches(59, 63, 68)","(-2, 2, 1)",1.4886363636363635,"beat2:pitches(57, 65, 69)",False,False,22,22
counterpoint_small_paired_replicate_probe_v001,counterpoint_symbolic_n3_wide_20_108_span18_v001-p001_over_018-schema0-schema1_noisy_rate_one_drop-trainrep0,threshold_frontier_selected_small_paired_replicate_probe,counterpoint_symbolic_n3_wide_20_108_span18_v001-p001_over_018-schema0,schema1_noisy_rate_one_drop,counterpoint_symbolic_n3_wide_20_108_span18_v001-p001_over_018-schema0,counterpoint_symbolic_n3_wide_20_108_span18_v001,p001_over_018,0,seed-7fe8666539580bdb,0,12,2,24,"beat2:pitches(57, 65, 69)","(2, -2, -2)",1.4363636363636365,"beat3:pitches(59, 63, 67)",False,False,22,22
counterpoint_small_paired_replicate_probe_v001,counterpoint_symbolic_n3_wide_20_108_span18_v001-p001_over_018-schema0-schema1_noisy_rate_one_drop-trainrep0,threshold_frontier_selected_small_paired_replicate_probe,counterpoint_symbolic_n3_wide_20_108_span18_v001-p001_over_018-schema0,schema1_noisy_rate_one_drop,counterpoint_symbolic_n3_wide_20_108_span18_v001-p001_over_018-schema0,counterpoint_symbolic_n3_wide_20_108_span18_v001,p001_over_018,0,seed-7fe8666539580bdb,0,12,3,25,"beat3:pitches(59, 63, 67)","(0, 0, 1)",1.7265151515151516,"beat0:pitches(59, 63, 68)",False,False,22,22
counterpoint_small_paired_replicate_probe_v001,counterpoint_symbolic_n3_wide_20_108_span18_v001-p001_over_018-schema0-schema1_noisy_rate_one_drop-trainrep0,threshold_frontier_selected_small_paired_replicate_probe,counterpoint_symbolic_n3_wide_20_108_span18_v001-p001_over_018-schema0,schema1_noisy_rate_one_drop,counterpoint_symbolic_n3_wide_20_108_span18_v001-p001_over_018-schema0,counterpoint_symbolic_n3_wide_20_108_span18_v001,p001_over_018,0,seed-7fe8666539580bdb,0,12,4,27,"beat0:pitches(59, 63, 68)","(1, 1, -1)",1.6143939393939395,"beat1:pitches(60, 64, 67)",False,False,22,22
counterpoint_small_paired_replicate_probe_v001,counterpoint_symbolic_n3_wide_20_108_span18_v001-p001_over_018-schema0-schema1_noisy_rate_one_drop-trainrep0,threshold_frontier_selected_small_paired_replicate_probe,counterpoint_symbolic_n3_wide_20_108_span18_v001-p001_over_018-schema0,schema1_noisy_rate_one_drop,counterpoint_symbolic_n3_wide_20_108_span18_v001-p001_over_018-schema0,counterpoint_symbolic_n3_wide_20_108_span18_v001,p001_over_018,0,seed-7fe8666539580bdb,0,12,5,28,"beat1:pitches(60, 64, 67)","(-1, -1, 0)",1.5696969696969696,"beat2:pitches(59, 63, 67)",False,False,22,22
counterpoint_small_paired_replicate_probe_v001,counterpoint_symbolic_n3_wide_20_108_span18_v001-p001_over_018-schema0-schema1_noisy_rate_one_drop-trainrep0,threshold_frontier_selected_small_paired_replicate_probe,counterpoint_symbolic_n3_wide_20_108_span18_v001-p001_over_018-schema0,schema1_noisy_rate_one_drop,counterpoint_symbolic_n3_wide_20_108_span18_v001-p001_over_018-schema0,counterpoint_symbolic_n3_wide_20_108_span18_v001,p001_over_018,0,seed-7fe8666539580bdb,0,12,6,30,"beat2:pitches(59, 63, 67)","(0, 0, 1)",1.6265151515151515,"beat3:pitches(59, 63, 68)",False,False,21,21
counterpoint_small_paired_replicate_probe_v001,counterpoint_symbolic_n3_wide_20_108_span18_v001-p001_over_018-schema0-schema1_noisy_rate_one_drop-trainrep0,threshold_frontier_selected_small_paired_replicate_probe,counterpoint_symbolic_n3_wide_20_108_span18_v001-p001_over_018-schema0,schema1_noisy_rate_one_drop,counterpoint_symbolic_n3_wide_20_108_span18_v001-p001_over_018-schema0,counterpoint_symbolic_n3_wide_20_108_span18_v001,p001_over_018,0,seed-7fe8666539580bdb,0,12,7,32,"beat3:pitches(59, 63, 68)","(0, 0, 0)",2.784848484848485,"beat0:pitches(59, 63, 68)",True,False,21,21
counterpoint_small_paired_replicate_probe_v001,counterpoint_symbolic_n3_wide_20_108_span18_v001-p001_over_018-schema0-schema1_noisy_rate_one_drop-trainrep0,threshold_frontier_selected_small_paired_replicate_probe,counterpoint_symbolic_n3_wide_20_108_span18_v001-p001_over_018-schema0,schema1_noisy_rate_one_drop,counterpoint_symbolic_n3_wide_20_108_span18_v001-p001_over_018-schema0,counterpoint_symbolic_n3_wide_20_108_span18_v001,p001_over_018,0,seed-7fe8666539580bdb,0,13,0,9,"beat0:pitches(60, 63, 68)","(0, 0, 0)",1.6863636363636363,"beat1:pitches(60, 63, 68)",False,False,9,9
counterpoint_small_paired_replicate_probe_v001,counterpoint_symbolic_n3_wide_20_108_span18_v001-p001_over_018-schema0-schema1_noisy_rate_one_drop-trainrep0,threshold_frontier_selected_small_paired_replicate_probe,counterpoint_symbolic_n3_wide_20_108_span18_v001-p001_over_018-schema0,schema1_noisy_rate_one_drop,counterpoint_symbolic_n3_wide_20_108_span18_v001-p001_over_018-schema0,counterpoint_symbolic_n3_wide_20_108_span18_v001,p001_over_018,0,seed-7fe8666539580bdb,0,13,1,23,"beat1:pitches(60, 63, 68)","(-1, 0, -1)",1.5696969696969696,"beat2:pitches(59, 63, 67)",False,False,22,22
counterpoint_small_paired_replicate_probe_v001,counterpoint_symbolic_n3_wide_20_108_span18_v001-p001_over_018-schema0-schema1_noisy_rate_one_drop-trainrep0,threshold_frontier_selected_small_paired_replicate_probe,counterpoint_symbolic_n3_wide_20_108_span18_v001-p001_over_018-schema0,schema1_noisy_rate_one_drop,counterpoint_symbolic_n3_wide_20_108_span18_v001-p001_over_018-schema0,counterpoint_symbolic_n3_wide_20_108_span18_v001,p001_over_018,0,seed-7fe8666539580bdb,0,13,2,24,"beat2:pitches(59, 63, 67)","(-2, -2, -2)",1.3333333333333335,"beat3:pitches(57, 61, 65)",False,False,22,22
counterpoint_small_paired_replicate_probe_v001,counterpoint_symbolic_n3_wide_20_108_span18_v001-p001_over_018-schema0-schema1_noisy_rate_one_drop-trainrep0,threshold_frontier_selected_small_paired_replicate_probe,counterpoint_symbolic_n3_wide_20_108_span18_v001-p001_over_018-schema0,schema1_noisy_rate_one_drop,counterpoint_symbolic_n3_wide_20_108_span18_v001-p001_over_018-schema0,counterpoint_symbolic_n3_wide_20_108_span18_v001,p001_over_018,0,seed-7fe8666539580bdb,0,13,3,25,"beat3:pitches(57, 61, 65)","(-2, -1, 2)",1.5840909090909092,"beat0:pitches(55, 60, 67)",False,False,22,22
counterpoint_small_paired_replicate_probe_v001,counterpoint_symbolic_n3_wide_20_108_span18_v001-p001_over_018-schema0-schema1_noisy_rate_one_drop-trainrep0,threshold_frontier_selected_small_paired_replicate_probe,counterpoint_symbolic_n3_wide_20_108_span18_v001-p001_over_018-schema0,schema1_noisy_rate_one_drop,counterpoint_symbolic_n3_wide_20_108_span18_v001-p001_over_018-schema0,counterpoint_symbolic_n3_wide_20_108_span18_v001,p001_over_018,0,seed-7fe8666539580bdb,0,13,4,27,"beat0:pitches(55, 60, 67)","(2, 1, -1)",1.5484848484848486,"beat1:pitches(57, 61, 66)",False,False,22,22
counterpoint_small_paired_replicate_probe_v001,counterpoint_symbolic_n3_wide_20_108_span18_v001-p001_over_018-schema0-schema1_noisy_rate_one_drop-trainrep0,threshold_frontier_selected_small_paired_replicate_probe,counterpoint_symbolic_n3_wide_20_108_span18_v001-p001_over_018-schema0,schema1_noisy_rate_one_drop,counterpoint_symbolic_n3_wide_20_108_span18_v001-p001_over_018-schema0,counterpoint_symbolic_n3_wide_20_108_span18_v001,p001_over_018,0,seed-7fe8666539580bdb,0,13,5,28,"beat1:pitches(57, 61, 66)","(-2, 2, 1)",1.4886363636363635,"beat2:pitches(55, 63, 67)",False,False,22,22
counterpoint_small_paired_replicate_probe_v001,counterpoint_symbolic_n3_wide_20_108_span18_v001-p001_over_018-schema0-schema1_noisy_rate_one_drop-trainrep0,threshold_frontier_selected_small_paired_replicate_probe,counterpoint_symbolic_n3_wide_20_108_span18_v001-p001_over_018-schema0,schema1_noisy_rate_one_drop,counterpoint_symbolic_n3_wide_20_108_span18_v001-p001_over_018-schema0,counterpoint_symbolic_n3_wide_20_108_span18_v001,p001_over_018,0,seed-7fe8666539580bdb,0,13,6,30,"beat2:pitches(55, 63, 67)","(-2, -1, 2)",1.481060606060606,"beat3:pitches(53, 62, 69)",False,False,21,21
counterpoint_small_paired_replicate_probe_v001,counterpoint_symbolic_n3_wide_20_108_span18_v001-p001_over_018-schema0-schema1_noisy_rate_one_drop-trainrep0,threshold_frontier_selected_small_paired_replicate_probe,counterpoint_symbolic_n3_wide_20_108_span18_v001-p001_over_018-schema0,schema1_noisy_rate_one_drop,counterpoint_symbolic_n3_wide_20_108_span18_v001-p001_over_018-schema0,counterpoint_symbolic_n3_wide_20_108_span18_v001,p001_over_018,0,seed-7fe8666539580bdb,0,13,7,32,"beat3:pitches(53, 62, 69)","(0, -2, 0)",2.6530303030303033,"beat0:pitches(53, 60, 69)",True,False,21,21
counterpoint_small_paired_replicate_probe_v001,counterpoint_symbolic_n3_wide_20_108_span18_v001-p001_over_018-schema0-schema1_noisy_rate_one_drop-trainrep0,threshold_frontier_selected_small_paired_replicate_probe,counterpoint_symbolic_n3_wide_20_108_span18_v001-p001_over_018-schema0,schema1_noisy_rate_one_drop,counterpoint_symbolic_n3_wide_20_108_span18_v001-p001_over_018-schema0,counterpoint_symbolic_n3_wide_20_108_span18_v001,p001_over_018,0,seed-7fe8666539580bdb,0,14,0,2,"beat0:pitches(60, 63, 67)","(-1, 0, 1)",1.6681818181818182,"beat1:pitches(59, 63, 68)",False,False,2,2
counterpoint_small_paired_replicate_probe_v001,counterpoint_symbolic_n3_wide_20_108_span18_v001-p001_over_018-schema0-schema1_noisy_rate_one_drop-trainrep0,threshold_frontier_selected_small_paired_replicate_probe,counterpoint_symbolic_n3_wide_20_108_span18_v001-p001_over_018-schema0,schema1_noisy_rate_one_drop,counterpoint_symbolic_n3_wide_20_108_span18_v001-p001_over_018-schema0,counterpoint_symbolic_n3_wide_20_108_span18_v001,p001_over_018,0,seed-7fe8666539580bdb,0,14,1,23,"beat1:pitches(59, 63, 68)","(-2, 2, 1)",1.4886363636363635,"beat2:pitches(57, 65, 69)",False,False,22,22
counterpoint_small_paired_replicate_probe_v001,counterpoint_symbolic_n3_wide_20_108_span18_v001-p001_over_018-schema0-schema1_noisy_rate_one_drop-trainrep0,threshold_frontier_selected_small_paired_replicate_probe,counterpoint_symbolic_n3_wide_20_108_span18_v001-p001_over_018-schema0,schema1_noisy_rate_one_drop,counterpoint_symbolic_n3_wide_20_108_span18_v001-p001_over_018-schema0,counterpoint_symbolic_n3_wide_20_108_span18_v001,p001_over_018,0,seed-7fe8666539580bdb,0,14,2,24,"beat2:pitches(57, 65, 69)","(2, -1, -2)",1.496212121212121,"beat3:pitches(59, 64, 67)",False,False,22,22
counterpoint_small_paired_replicate_probe_v001,counterpoint_symbolic_n3_wide_20_108_span18_v001-p001_over_018-schema0-schema1_noisy_rate_one_drop-trainrep0,threshold_frontier_selected_small_paired_replicate_probe,counterpoint_symbolic_n3_wide_20_108_span18_v001-p001_over_018-schema0,schema1_noisy_rate_one_drop,counterpoint_symbolic_n3_wide_20_108_span18_v001-p001_over_018-schema0,counterpoint_symbolic_n3_wide_20_108_span18_v001,p001_over_018,0,seed-7fe8666539580bdb,0,14,3,25,"beat3:pitches(59, 64, 67)","(0, -1, -1)",1.6712121212121211,"beat0:pitches(59, 63, 66)",False,False,22,22
counterpoint_small_paired_replicate_probe_v001,counterpoint_symbolic_n3_wide_20_108_span18_v001-p001_over_018-schema0-schema1_noisy_rate_one_drop-trainrep0,threshold_frontier_selected_small_paired_replicate_probe,counterpoint_symbolic_n3_wide_20_108_span18_v001-p001_over_018-schema0,schema1_noisy_rate_one_drop,counterpoint_symbolic_n3_wide_20_108_span18_v001-p001_over_018-schema0,counterpoint_symbolic_n3_wide_20_108_span18_v001,p001_over_018,0,seed-7fe8666539580bdb,0,14,4,27,"beat0:pitches(59, 63, 66)","(0, 1, 1)",1.571212121212121,"beat1:pitches(59, 64, 67)",False,False,22,22
counterpoint_small_paired_replicate_probe_v001,counterpoint_symbolic_n3_wide_20_108_span18_v001-p001_over_018-schema0-schema1_noisy_rate_one_drop-trainrep0,threshold_frontier_selected_small_paired_replicate_probe,counterpoint_symbolic_n3_wide_20_108_span18_v001-p001_over_018-schema0,schema1_noisy_rate_one_drop,counterpoint_symbolic_n3_wide_20_108_span18_v001-p001_over_018-schema0,counterpoint_symbolic_n3_wide_20_108_span18_v001,p001_over_018,0,seed-7fe8666539580bdb,0,14,5,28,"beat1:pitches(59, 64, 67)","(-2, 1, 2)",1.4886363636363635,"beat2:pitches(57, 65, 69)",False,False,22,22
counterpoint_small_paired_replicate_probe_v001,counterpoint_symbolic_n3_wide_20_108_span18_v001-p001_over_018-schema0-schema1_noisy_rate_one_drop-trainrep0,threshold_frontier_selected_small_paired_replicate_probe,counterpoint_symbolic_n3_wide_20_108_span18_v001-p001_over_018-schema0,schema1_noisy_rate_one_drop,counterpoint_symbolic_n3_wide_20_108_span18_v001-p001_over_018-schema0,counterpoint_symbolic_n3_wide_20_108_span18_v001,p001_over_018,0,seed-7fe8666539580bdb,0,14,6,30,"beat2:pitches(57, 65, 69)","(-2, -1, 2)",1.4840909090909091,"beat3:pitches(55, 64, 71)",False,False,21,21
counterpoint_small_paired_replicate_probe_v001,counterpoint_symbolic_n3_wide_20_108_span18_v001-p001_over_018-schema0-schema1_noisy_rate_one_drop-trainrep0,threshold_frontier_selected_small_paired_replicate_probe,counterpoint_symbolic_n3_wide_20_108_span18_v001-p001_over_018-schema0,schema1_noisy_rate_one_drop,counterpoint_symbolic_n3_wide_20_108_span18_v001-p001_over_018-schema0,counterpoint_symbolic_n3_wide_20_108_span18_v001,p001_over_018,0,seed-7fe8666539580bdb,0,14,7,32,"beat3:pitches(55, 64, 71)","(2, 0, 2)",2.5424242424242425,"beat0:pitches(57, 64, 73)",True,False,2,2
counterpoint_small_paired_replicate_probe_v001,counterpoint_symbolic_n3_wide_20_108_span18_v001-p001_over_018-schema0-schema1_noisy_rate_one_drop-trainrep0,threshold_frontier_selected_small_paired_replicate_probe,counterpoint_symbolic_n3_wide_20_108_span18_v001-p001_over_018-schema0,schema1_noisy_rate_one_drop,counterpoint_symbolic_n3_wide_20_108_span18_v001-p001_over_018-schema0,counterpoint_symbolic_n3_wide_20_108_span18_v001,p001_over_018,0,seed-7fe8666539580bdb,0,15,0,4,"beat0:pitches(60, 64, 68)","(-1, -1, -2)",1.4545454545454544,"beat1:pitches(59, 63, 66)",False,False,4,4
counterpoint_small_paired_replicate_probe_v001,counterpoint_symbolic_n3_wide_20_108_span18_v001-p001_over_018-schema0-schema1_noisy_rate_one_drop-trainrep0,threshold_frontier_selected_small_paired_replicate_probe,counterpoint_symbolic_n3_wide_20_108_span18_v001-p001_over_018-schema0,schema1_noisy_rate_one_drop,counterpoint_symbolic_n3_wide_20_108_span18_v001-p001_over_018-schema0,counterpoint_symbolic_n3_wide_20_108_span18_v001,p001_over_018,0,seed-7fe8666539580bdb,0,15,1,23,"beat1:pitches(59, 63, 66)","(0, 0, 1)",1.628030303030303,"beat2:pitches(59, 63, 67)",False,False,22,22
counterpoint_small_paired_replicate_probe_v001,counterpoint_symbolic_n3_wide_20_108_span18_v001-p001_over_018-schema0-schema1_noisy_rate_one_drop-trainrep0,threshold_frontier_selected_small_paired_replicate_probe,counterpoint_symbolic_n3_wide_20_108_span18_v001-p001_over_018-schema0,schema1_noisy_rate_one_drop,counterpoint_symbolic_n3_wide_20_108_span18_v001-p001_over_018-schema0,counterpoint_symbolic_n3_wide_20_108_span18_v001,p001_over_018,0,seed-7fe8666539580bdb,0,15,2,24,"beat2:pitches(59, 63, 67)","(1, 1, 2)",1.453030303030303,"beat3:pitches(60, 64, 69)",False,False,22,22
counterpoint_small_paired_replicate_probe_v001,counterpoint_symbolic_n3_wide_20_108_span18_v001-p001_over_018-schema0-schema1_noisy_rate_one_drop-trainrep0,threshold_frontier_selected_small_paired_replicate_probe,counterpoint_symbolic_n3_wide_20_108_span18_v001-p001_over_018-schema0,schema1_noisy_rate_one_drop,counterpoint_symbolic_n3_wide_20_108_span18_v001-p001_over_018-schema0,counterpoint_symbolic_n3_wide_20_108_span18_v001,p001_over_018,0,seed-7fe8666539580bdb,0,15,3,25,"beat3:pitches(60, 64, 69)","(-1, -1, -2)",1.553030303030303,"beat0:pitches(59, 63, 67)",False,False,22,22
counterpoint_small_paired_replicate_probe_v001,counterpoint_symbolic_n3_wide_20_108_span18_v001-p001_over_018-schema0-schema1_noisy_rate_one_drop-trainrep0,threshold_frontier_selected_small_paired_replicate_probe,counterpoint_symbolic_n3_wide_20_108_span18_v001-p001_over_018-schema0,schema1_noisy_rate_one_drop,counterpoint_symbolic_n3_wide_20_108_span18_v001-p001_over_018-schema0,counterpoint_symbolic_n3_wide_20_108_span18_v001,p001_over_018,0,seed-7fe8666539580bdb,0,15,4,27,"beat0:pitches(59, 63, 67)","(1, 1, 2)",1.453030303030303,"beat1:pitches(60, 64, 69)",False,False,22,22
counterpoint_small_paired_replicate_probe_v001,counterpoint_symbolic_n3_wide_20_108_span18_v001-p001_over_018-schema0-schema1_noisy_rate_one_drop-trainrep0,threshold_frontier_selected_small_paired_replicate_probe,counterpoint_symbolic_n3_wide_20_108_span18_v001-p001_over_018-schema0,schema1_noisy_rate_one_drop,counterpoint_symbolic_n3_wide_20_108_span18_v001-p001_over_018-schema0,counterpoint_symbolic_n3_wide_20_108_span18_v001,p001_over_018,0,seed-7fe8666539580bdb,0,15,5,28,"beat1:pitches(60, 64, 69)","(-1, -1, -2)",1.453030303030303,"beat2:pitches(59, 63, 67)",False,False,22,22
counterpoint_small_paired_replicate_probe_v001,counterpoint_symbolic_n3_wide_20_108_span18_v001-p001_over_018-schema0-schema1_noisy_rate_one_drop-trainrep0,threshold_frontier_selected_small_paired_replicate_probe,counterpoint_symbolic_n3_wide_20_108_span18_v001-p001_over_018-schema0,schema1_noisy_rate_one_drop,counterpoint_symbolic_n3_wide_20_108_span18_v001-p001_over_018-schema0,counterpoint_symbolic_n3_wide_20_108_span18_v001,p001_over_018,0,seed-7fe8666539580bdb,0,15,6,30,"beat2:pitches(59, 63, 67)","(0, 0, 1)",1.6265151515151515,"beat3:pitches(59, 63, 68)",False,False,21,21
counterpoint_small_paired_replicate_probe_v001,counterpoint_symbolic_n3_wide_20_108_span18_v001-p001_over_018-schema0-schema1_noisy_rate_one_drop-trainrep0,threshold_frontier_selected_small_paired_replicate_probe,counterpoint_symbolic_n3_wide_20_108_span18_v001-p001_over_018-schema0,schema1_noisy_rate_one_drop,counterpoint_symbolic_n3_wide_20_108_span18_v001-p001_over_018-schema0,counterpoint_symbolic_n3_wide_20_108_span18_v001,p001_over_018,0,seed-7fe8666539580bdb,0,15,7,32,"beat3:pitches(59, 63, 68)","(0, 0, 0)",2.784848484848485,"beat0:pitches(59, 63, 68)",True,False,21,21
