evaluation_id,run_id,run_mode,candidate_group_id,schema_class_id,candidate_id,instance_id,arm_id,schema_seed,seed_bundle_id,training_replicate_index,episode_index,controller_event_index,active_tier,success,td_error,update_reason
counterpoint_second_serious_schema_comparison_v001,counterpoint_symbolic_n3_wide_20_108_span18_v001-p001_over_018-schema0-schema1_noisy_rate_one_drop-trainrep0,smoke_schema_comparison_first_sustained_hit,counterpoint_symbolic_n3_wide_20_108_span18_v001-p001_over_018-schema0,schema1_noisy_rate_one_drop,counterpoint_symbolic_n3_wide_20_108_span18_v001-p001_over_018-schema0,counterpoint_symbolic_n3_wide_20_108_span18_v001,p001_over_018,0,seed-7fe8666539580bdb,0,0,4,4,True,0.0,runtime_learner_summary
counterpoint_second_serious_schema_comparison_v001,counterpoint_symbolic_n3_wide_20_108_span18_v001-p001_over_018-schema0-schema1_noisy_rate_one_drop-trainrep0,smoke_schema_comparison_first_sustained_hit,counterpoint_symbolic_n3_wide_20_108_span18_v001-p001_over_018-schema0,schema1_noisy_rate_one_drop,counterpoint_symbolic_n3_wide_20_108_span18_v001-p001_over_018-schema0,counterpoint_symbolic_n3_wide_20_108_span18_v001,p001_over_018,0,seed-7fe8666539580bdb,0,0,23,22,True,0.0,runtime_learner_summary
counterpoint_second_serious_schema_comparison_v001,counterpoint_symbolic_n3_wide_20_108_span18_v001-p001_over_018-schema0-schema1_noisy_rate_one_drop-trainrep0,smoke_schema_comparison_first_sustained_hit,counterpoint_symbolic_n3_wide_20_108_span18_v001-p001_over_018-schema0,schema1_noisy_rate_one_drop,counterpoint_symbolic_n3_wide_20_108_span18_v001-p001_over_018-schema0,counterpoint_symbolic_n3_wide_20_108_span18_v001,p001_over_018,0,seed-7fe8666539580bdb,0,0,24,22,True,0.0,runtime_learner_summary
counterpoint_second_serious_schema_comparison_v001,counterpoint_symbolic_n3_wide_20_108_span18_v001-p001_over_018-schema0-schema1_noisy_rate_one_drop-trainrep0,smoke_schema_comparison_first_sustained_hit,counterpoint_symbolic_n3_wide_20_108_span18_v001-p001_over_018-schema0,schema1_noisy_rate_one_drop,counterpoint_symbolic_n3_wide_20_108_span18_v001-p001_over_018-schema0,counterpoint_symbolic_n3_wide_20_108_span18_v001,p001_over_018,0,seed-7fe8666539580bdb,0,0,25,22,True,0.0,runtime_learner_summary
counterpoint_second_serious_schema_comparison_v001,counterpoint_symbolic_n3_wide_20_108_span18_v001-p001_over_018-schema0-schema1_noisy_rate_one_drop-trainrep0,smoke_schema_comparison_first_sustained_hit,counterpoint_symbolic_n3_wide_20_108_span18_v001-p001_over_018-schema0,schema1_noisy_rate_one_drop,counterpoint_symbolic_n3_wide_20_108_span18_v001-p001_over_018-schema0,counterpoint_symbolic_n3_wide_20_108_span18_v001,p001_over_018,0,seed-7fe8666539580bdb,0,0,26,22,True,1.6098484848484849,runtime_learner_summary
counterpoint_second_serious_schema_comparison_v001,counterpoint_symbolic_n3_wide_20_108_span18_v001-p001_over_018-schema0-schema1_noisy_rate_one_drop-trainrep0,smoke_schema_comparison_first_sustained_hit,counterpoint_symbolic_n3_wide_20_108_span18_v001-p001_over_018-schema0,schema1_noisy_rate_one_drop,counterpoint_symbolic_n3_wide_20_108_span18_v001-p001_over_018-schema0,counterpoint_symbolic_n3_wide_20_108_span18_v001,p001_over_018,0,seed-7fe8666539580bdb,0,0,27,22,True,0.0,runtime_learner_summary
counterpoint_second_serious_schema_comparison_v001,counterpoint_symbolic_n3_wide_20_108_span18_v001-p001_over_018-schema0-schema1_noisy_rate_one_drop-trainrep0,smoke_schema_comparison_first_sustained_hit,counterpoint_symbolic_n3_wide_20_108_span18_v001-p001_over_018-schema0,schema1_noisy_rate_one_drop,counterpoint_symbolic_n3_wide_20_108_span18_v001-p001_over_018-schema0,counterpoint_symbolic_n3_wide_20_108_span18_v001,p001_over_018,0,seed-7fe8666539580bdb,0,0,28,22,True,0.0,runtime_learner_summary
counterpoint_second_serious_schema_comparison_v001,counterpoint_symbolic_n3_wide_20_108_span18_v001-p001_over_018-schema0-schema1_noisy_rate_one_drop-trainrep0,smoke_schema_comparison_first_sustained_hit,counterpoint_symbolic_n3_wide_20_108_span18_v001-p001_over_018-schema0,schema1_noisy_rate_one_drop,counterpoint_symbolic_n3_wide_20_108_span18_v001-p001_over_018-schema0,counterpoint_symbolic_n3_wide_20_108_span18_v001,p001_over_018,0,seed-7fe8666539580bdb,0,0,30,21,True,0.0,runtime_learner_summary
counterpoint_second_serious_schema_comparison_v001,counterpoint_symbolic_n3_wide_20_108_span18_v001-p001_over_018-schema0-schema1_noisy_rate_one_drop-trainrep0,smoke_schema_comparison_first_sustained_hit,counterpoint_symbolic_n3_wide_20_108_span18_v001-p001_over_018-schema0,schema1_noisy_rate_one_drop,counterpoint_symbolic_n3_wide_20_108_span18_v001-p001_over_018-schema0,counterpoint_symbolic_n3_wide_20_108_span18_v001,p001_over_018,0,seed-7fe8666539580bdb,0,0,31,21,True,1.6265151515151515,runtime_learner_summary
counterpoint_second_serious_schema_comparison_v001,counterpoint_symbolic_n3_wide_20_108_span18_v001-p001_over_018-schema0-schema1_noisy_rate_one_drop-trainrep0,smoke_schema_comparison_first_sustained_hit,counterpoint_symbolic_n3_wide_20_108_span18_v001-p001_over_018-schema0,schema1_noisy_rate_one_drop,counterpoint_symbolic_n3_wide_20_108_span18_v001-p001_over_018-schema0,counterpoint_symbolic_n3_wide_20_108_span18_v001,p001_over_018,0,seed-7fe8666539580bdb,0,0,32,21,True,0.0,runtime_learner_summary
counterpoint_second_serious_schema_comparison_v001,counterpoint_symbolic_n3_wide_20_108_span18_v001-p001_over_018-schema0-schema1_noisy_rate_one_drop-trainrep0,smoke_schema_comparison_first_sustained_hit,counterpoint_symbolic_n3_wide_20_108_span18_v001-p001_over_018-schema0,schema1_noisy_rate_one_drop,counterpoint_symbolic_n3_wide_20_108_span18_v001-p001_over_018-schema0,counterpoint_symbolic_n3_wide_20_108_span18_v001,p001_over_018,0,seed-7fe8666539580bdb,0,1,4,4,True,0.0,runtime_learner_summary
counterpoint_second_serious_schema_comparison_v001,counterpoint_symbolic_n3_wide_20_108_span18_v001-p001_over_018-schema0-schema1_noisy_rate_one_drop-trainrep0,smoke_schema_comparison_first_sustained_hit,counterpoint_symbolic_n3_wide_20_108_span18_v001-p001_over_018-schema0,schema1_noisy_rate_one_drop,counterpoint_symbolic_n3_wide_20_108_span18_v001-p001_over_018-schema0,counterpoint_symbolic_n3_wide_20_108_span18_v001,p001_over_018,0,seed-7fe8666539580bdb,0,1,23,22,True,0.0,runtime_learner_summary
counterpoint_second_serious_schema_comparison_v001,counterpoint_symbolic_n3_wide_20_108_span18_v001-p001_over_018-schema0-schema1_noisy_rate_one_drop-trainrep0,smoke_schema_comparison_first_sustained_hit,counterpoint_symbolic_n3_wide_20_108_span18_v001-p001_over_018-schema0,schema1_noisy_rate_one_drop,counterpoint_symbolic_n3_wide_20_108_span18_v001-p001_over_018-schema0,counterpoint_symbolic_n3_wide_20_108_span18_v001,p001_over_018,0,seed-7fe8666539580bdb,0,1,24,22,True,0.0,runtime_learner_summary
counterpoint_second_serious_schema_comparison_v001,counterpoint_symbolic_n3_wide_20_108_span18_v001-p001_over_018-schema0-schema1_noisy_rate_one_drop-trainrep0,smoke_schema_comparison_first_sustained_hit,counterpoint_symbolic_n3_wide_20_108_span18_v001-p001_over_018-schema0,schema1_noisy_rate_one_drop,counterpoint_symbolic_n3_wide_20_108_span18_v001-p001_over_018-schema0,counterpoint_symbolic_n3_wide_20_108_span18_v001,p001_over_018,0,seed-7fe8666539580bdb,0,1,25,22,True,0.0,runtime_learner_summary
counterpoint_second_serious_schema_comparison_v001,counterpoint_symbolic_n3_wide_20_108_span18_v001-p001_over_018-schema0-schema1_noisy_rate_one_drop-trainrep0,smoke_schema_comparison_first_sustained_hit,counterpoint_symbolic_n3_wide_20_108_span18_v001-p001_over_018-schema0,schema1_noisy_rate_one_drop,counterpoint_symbolic_n3_wide_20_108_span18_v001-p001_over_018-schema0,counterpoint_symbolic_n3_wide_20_108_span18_v001,p001_over_018,0,seed-7fe8666539580bdb,0,1,26,22,True,1.1439393939393938,runtime_learner_summary
counterpoint_second_serious_schema_comparison_v001,counterpoint_symbolic_n3_wide_20_108_span18_v001-p001_over_018-schema0-schema1_noisy_rate_one_drop-trainrep0,smoke_schema_comparison_first_sustained_hit,counterpoint_symbolic_n3_wide_20_108_span18_v001-p001_over_018-schema0,schema1_noisy_rate_one_drop,counterpoint_symbolic_n3_wide_20_108_span18_v001-p001_over_018-schema0,counterpoint_symbolic_n3_wide_20_108_span18_v001,p001_over_018,0,seed-7fe8666539580bdb,0,1,27,22,True,0.0,runtime_learner_summary
counterpoint_second_serious_schema_comparison_v001,counterpoint_symbolic_n3_wide_20_108_span18_v001-p001_over_018-schema0-schema1_noisy_rate_one_drop-trainrep0,smoke_schema_comparison_first_sustained_hit,counterpoint_symbolic_n3_wide_20_108_span18_v001-p001_over_018-schema0,schema1_noisy_rate_one_drop,counterpoint_symbolic_n3_wide_20_108_span18_v001-p001_over_018-schema0,counterpoint_symbolic_n3_wide_20_108_span18_v001,p001_over_018,0,seed-7fe8666539580bdb,0,1,28,22,True,0.0,runtime_learner_summary
counterpoint_second_serious_schema_comparison_v001,counterpoint_symbolic_n3_wide_20_108_span18_v001-p001_over_018-schema0-schema1_noisy_rate_one_drop-trainrep0,smoke_schema_comparison_first_sustained_hit,counterpoint_symbolic_n3_wide_20_108_span18_v001-p001_over_018-schema0,schema1_noisy_rate_one_drop,counterpoint_symbolic_n3_wide_20_108_span18_v001-p001_over_018-schema0,counterpoint_symbolic_n3_wide_20_108_span18_v001,p001_over_018,0,seed-7fe8666539580bdb,0,1,30,21,True,0.0,runtime_learner_summary
counterpoint_second_serious_schema_comparison_v001,counterpoint_symbolic_n3_wide_20_108_span18_v001-p001_over_018-schema0-schema1_noisy_rate_one_drop-trainrep0,smoke_schema_comparison_first_sustained_hit,counterpoint_symbolic_n3_wide_20_108_span18_v001-p001_over_018-schema0,schema1_noisy_rate_one_drop,counterpoint_symbolic_n3_wide_20_108_span18_v001-p001_over_018-schema0,counterpoint_symbolic_n3_wide_20_108_span18_v001,p001_over_018,0,seed-7fe8666539580bdb,0,1,31,21,True,0.9759090909090908,runtime_learner_summary
counterpoint_second_serious_schema_comparison_v001,counterpoint_symbolic_n3_wide_20_108_span18_v001-p001_over_018-schema0-schema1_noisy_rate_one_drop-trainrep0,smoke_schema_comparison_first_sustained_hit,counterpoint_symbolic_n3_wide_20_108_span18_v001-p001_over_018-schema0,schema1_noisy_rate_one_drop,counterpoint_symbolic_n3_wide_20_108_span18_v001-p001_over_018-schema0,counterpoint_symbolic_n3_wide_20_108_span18_v001,p001_over_018,0,seed-7fe8666539580bdb,0,1,32,21,True,0.0,runtime_learner_summary
counterpoint_second_serious_schema_comparison_v001,counterpoint_symbolic_n3_wide_20_108_span18_v001-p001_over_018-schema0-schema1_noisy_rate_one_drop-trainrep0,smoke_schema_comparison_first_sustained_hit,counterpoint_symbolic_n3_wide_20_108_span18_v001-p001_over_018-schema0,schema1_noisy_rate_one_drop,counterpoint_symbolic_n3_wide_20_108_span18_v001-p001_over_018-schema0,counterpoint_symbolic_n3_wide_20_108_span18_v001,p001_over_018,0,seed-7fe8666539580bdb,0,2,9,9,True,0.0,runtime_learner_summary
counterpoint_second_serious_schema_comparison_v001,counterpoint_symbolic_n3_wide_20_108_span18_v001-p001_over_018-schema0-schema1_noisy_rate_one_drop-trainrep0,smoke_schema_comparison_first_sustained_hit,counterpoint_symbolic_n3_wide_20_108_span18_v001-p001_over_018-schema0,schema1_noisy_rate_one_drop,counterpoint_symbolic_n3_wide_20_108_span18_v001-p001_over_018-schema0,counterpoint_symbolic_n3_wide_20_108_span18_v001,p001_over_018,0,seed-7fe8666539580bdb,0,2,23,22,True,0.0,runtime_learner_summary
counterpoint_second_serious_schema_comparison_v001,counterpoint_symbolic_n3_wide_20_108_span18_v001-p001_over_018-schema0-schema1_noisy_rate_one_drop-trainrep0,smoke_schema_comparison_first_sustained_hit,counterpoint_symbolic_n3_wide_20_108_span18_v001-p001_over_018-schema0,schema1_noisy_rate_one_drop,counterpoint_symbolic_n3_wide_20_108_span18_v001-p001_over_018-schema0,counterpoint_symbolic_n3_wide_20_108_span18_v001,p001_over_018,0,seed-7fe8666539580bdb,0,2,24,22,True,0.0,runtime_learner_summary
counterpoint_second_serious_schema_comparison_v001,counterpoint_symbolic_n3_wide_20_108_span18_v001-p001_over_018-schema0-schema1_noisy_rate_one_drop-trainrep0,smoke_schema_comparison_first_sustained_hit,counterpoint_symbolic_n3_wide_20_108_span18_v001-p001_over_018-schema0,schema1_noisy_rate_one_drop,counterpoint_symbolic_n3_wide_20_108_span18_v001-p001_over_018-schema0,counterpoint_symbolic_n3_wide_20_108_span18_v001,p001_over_018,0,seed-7fe8666539580bdb,0,2,25,22,True,0.0,runtime_learner_summary
counterpoint_second_serious_schema_comparison_v001,counterpoint_symbolic_n3_wide_20_108_span18_v001-p001_over_018-schema0-schema1_noisy_rate_one_drop-trainrep0,smoke_schema_comparison_first_sustained_hit,counterpoint_symbolic_n3_wide_20_108_span18_v001-p001_over_018-schema0,schema1_noisy_rate_one_drop,counterpoint_symbolic_n3_wide_20_108_span18_v001-p001_over_018-schema0,counterpoint_symbolic_n3_wide_20_108_span18_v001,p001_over_018,0,seed-7fe8666539580bdb,0,2,44,22,True,1.5946969696969697,runtime_learner_summary
counterpoint_second_serious_schema_comparison_v001,counterpoint_symbolic_n3_wide_20_108_span18_v001-p001_over_018-schema0-schema1_noisy_rate_one_drop-trainrep0,smoke_schema_comparison_first_sustained_hit,counterpoint_symbolic_n3_wide_20_108_span18_v001-p001_over_018-schema0,schema1_noisy_rate_one_drop,counterpoint_symbolic_n3_wide_20_108_span18_v001-p001_over_018-schema0,counterpoint_symbolic_n3_wide_20_108_span18_v001,p001_over_018,0,seed-7fe8666539580bdb,0,2,45,22,True,0.0,runtime_learner_summary
counterpoint_second_serious_schema_comparison_v001,counterpoint_symbolic_n3_wide_20_108_span18_v001-p001_over_018-schema0-schema1_noisy_rate_one_drop-trainrep0,smoke_schema_comparison_first_sustained_hit,counterpoint_symbolic_n3_wide_20_108_span18_v001-p001_over_018-schema0,schema1_noisy_rate_one_drop,counterpoint_symbolic_n3_wide_20_108_span18_v001-p001_over_018-schema0,counterpoint_symbolic_n3_wide_20_108_span18_v001,p001_over_018,0,seed-7fe8666539580bdb,0,2,46,22,True,0.0,runtime_learner_summary
counterpoint_second_serious_schema_comparison_v001,counterpoint_symbolic_n3_wide_20_108_span18_v001-p001_over_018-schema0-schema1_noisy_rate_one_drop-trainrep0,smoke_schema_comparison_first_sustained_hit,counterpoint_symbolic_n3_wide_20_108_span18_v001-p001_over_018-schema0,schema1_noisy_rate_one_drop,counterpoint_symbolic_n3_wide_20_108_span18_v001-p001_over_018-schema0,counterpoint_symbolic_n3_wide_20_108_span18_v001,p001_over_018,0,seed-7fe8666539580bdb,0,2,47,22,True,0.0,runtime_learner_summary
counterpoint_second_serious_schema_comparison_v001,counterpoint_symbolic_n3_wide_20_108_span18_v001-p001_over_018-schema0-schema1_noisy_rate_one_drop-trainrep0,smoke_schema_comparison_first_sustained_hit,counterpoint_symbolic_n3_wide_20_108_span18_v001-p001_over_018-schema0,schema1_noisy_rate_one_drop,counterpoint_symbolic_n3_wide_20_108_span18_v001-p001_over_018-schema0,counterpoint_symbolic_n3_wide_20_108_span18_v001,p001_over_018,0,seed-7fe8666539580bdb,0,2,61,22,True,1.571212121212121,runtime_learner_summary
counterpoint_second_serious_schema_comparison_v001,counterpoint_symbolic_n3_wide_20_108_span18_v001-p001_over_018-schema0-schema1_noisy_rate_one_drop-trainrep0,smoke_schema_comparison_first_sustained_hit,counterpoint_symbolic_n3_wide_20_108_span18_v001-p001_over_018-schema0,schema1_noisy_rate_one_drop,counterpoint_symbolic_n3_wide_20_108_span18_v001-p001_over_018-schema0,counterpoint_symbolic_n3_wide_20_108_span18_v001,p001_over_018,0,seed-7fe8666539580bdb,0,2,62,22,True,0.0,runtime_learner_summary
counterpoint_second_serious_schema_comparison_v001,counterpoint_symbolic_n3_wide_20_108_span18_v001-p001_over_018-schema0-schema1_noisy_rate_one_drop-trainrep0,smoke_schema_comparison_first_sustained_hit,counterpoint_symbolic_n3_wide_20_108_span18_v001-p001_over_018-schema0,schema1_noisy_rate_one_drop,counterpoint_symbolic_n3_wide_20_108_span18_v001-p001_over_018-schema0,counterpoint_symbolic_n3_wide_20_108_span18_v001,p001_over_018,0,seed-7fe8666539580bdb,0,3,4,4,True,0.0,runtime_learner_summary
counterpoint_second_serious_schema_comparison_v001,counterpoint_symbolic_n3_wide_20_108_span18_v001-p001_over_018-schema0-schema1_noisy_rate_one_drop-trainrep0,smoke_schema_comparison_first_sustained_hit,counterpoint_symbolic_n3_wide_20_108_span18_v001-p001_over_018-schema0,schema1_noisy_rate_one_drop,counterpoint_symbolic_n3_wide_20_108_span18_v001-p001_over_018-schema0,counterpoint_symbolic_n3_wide_20_108_span18_v001,p001_over_018,0,seed-7fe8666539580bdb,0,3,23,22,True,0.0,runtime_learner_summary
counterpoint_second_serious_schema_comparison_v001,counterpoint_symbolic_n3_wide_20_108_span18_v001-p001_over_018-schema0-schema1_noisy_rate_one_drop-trainrep0,smoke_schema_comparison_first_sustained_hit,counterpoint_symbolic_n3_wide_20_108_span18_v001-p001_over_018-schema0,schema1_noisy_rate_one_drop,counterpoint_symbolic_n3_wide_20_108_span18_v001-p001_over_018-schema0,counterpoint_symbolic_n3_wide_20_108_span18_v001,p001_over_018,0,seed-7fe8666539580bdb,0,3,24,22,True,0.0,runtime_learner_summary
counterpoint_second_serious_schema_comparison_v001,counterpoint_symbolic_n3_wide_20_108_span18_v001-p001_over_018-schema0-schema1_noisy_rate_one_drop-trainrep0,smoke_schema_comparison_first_sustained_hit,counterpoint_symbolic_n3_wide_20_108_span18_v001-p001_over_018-schema0,schema1_noisy_rate_one_drop,counterpoint_symbolic_n3_wide_20_108_span18_v001-p001_over_018-schema0,counterpoint_symbolic_n3_wide_20_108_span18_v001,p001_over_018,0,seed-7fe8666539580bdb,0,3,25,22,True,0.0,runtime_learner_summary
counterpoint_second_serious_schema_comparison_v001,counterpoint_symbolic_n3_wide_20_108_span18_v001-p001_over_018-schema0-schema1_noisy_rate_one_drop-trainrep0,smoke_schema_comparison_first_sustained_hit,counterpoint_symbolic_n3_wide_20_108_span18_v001-p001_over_018-schema0,schema1_noisy_rate_one_drop,counterpoint_symbolic_n3_wide_20_108_span18_v001-p001_over_018-schema0,counterpoint_symbolic_n3_wide_20_108_span18_v001,p001_over_018,0,seed-7fe8666539580bdb,0,3,26,22,True,0.6265151515151515,runtime_learner_summary
counterpoint_second_serious_schema_comparison_v001,counterpoint_symbolic_n3_wide_20_108_span18_v001-p001_over_018-schema0-schema1_noisy_rate_one_drop-trainrep0,smoke_schema_comparison_first_sustained_hit,counterpoint_symbolic_n3_wide_20_108_span18_v001-p001_over_018-schema0,schema1_noisy_rate_one_drop,counterpoint_symbolic_n3_wide_20_108_span18_v001-p001_over_018-schema0,counterpoint_symbolic_n3_wide_20_108_span18_v001,p001_over_018,0,seed-7fe8666539580bdb,0,3,27,22,True,0.0,runtime_learner_summary
counterpoint_second_serious_schema_comparison_v001,counterpoint_symbolic_n3_wide_20_108_span18_v001-p001_over_018-schema0-schema1_noisy_rate_one_drop-trainrep0,smoke_schema_comparison_first_sustained_hit,counterpoint_symbolic_n3_wide_20_108_span18_v001-p001_over_018-schema0,schema1_noisy_rate_one_drop,counterpoint_symbolic_n3_wide_20_108_span18_v001-p001_over_018-schema0,counterpoint_symbolic_n3_wide_20_108_span18_v001,p001_over_018,0,seed-7fe8666539580bdb,0,3,28,22,True,0.0,runtime_learner_summary
counterpoint_second_serious_schema_comparison_v001,counterpoint_symbolic_n3_wide_20_108_span18_v001-p001_over_018-schema0-schema1_noisy_rate_one_drop-trainrep0,smoke_schema_comparison_first_sustained_hit,counterpoint_symbolic_n3_wide_20_108_span18_v001-p001_over_018-schema0,schema1_noisy_rate_one_drop,counterpoint_symbolic_n3_wide_20_108_span18_v001-p001_over_018-schema0,counterpoint_symbolic_n3_wide_20_108_span18_v001,p001_over_018,0,seed-7fe8666539580bdb,0,3,30,21,True,0.0,runtime_learner_summary
counterpoint_second_serious_schema_comparison_v001,counterpoint_symbolic_n3_wide_20_108_span18_v001-p001_over_018-schema0-schema1_noisy_rate_one_drop-trainrep0,smoke_schema_comparison_first_sustained_hit,counterpoint_symbolic_n3_wide_20_108_span18_v001-p001_over_018-schema0,schema1_noisy_rate_one_drop,counterpoint_symbolic_n3_wide_20_108_span18_v001-p001_over_018-schema0,counterpoint_symbolic_n3_wide_20_108_span18_v001,p001_over_018,0,seed-7fe8666539580bdb,0,3,31,21,True,1.6265151515151515,runtime_learner_summary
counterpoint_second_serious_schema_comparison_v001,counterpoint_symbolic_n3_wide_20_108_span18_v001-p001_over_018-schema0-schema1_noisy_rate_one_drop-trainrep0,smoke_schema_comparison_first_sustained_hit,counterpoint_symbolic_n3_wide_20_108_span18_v001-p001_over_018-schema0,schema1_noisy_rate_one_drop,counterpoint_symbolic_n3_wide_20_108_span18_v001-p001_over_018-schema0,counterpoint_symbolic_n3_wide_20_108_span18_v001,p001_over_018,0,seed-7fe8666539580bdb,0,3,32,21,True,0.0,runtime_learner_summary
counterpoint_second_serious_schema_comparison_v001,counterpoint_symbolic_n3_wide_20_108_span18_v001-p001_over_018-schema0-schema1_noisy_rate_one_drop-trainrep0,smoke_schema_comparison_first_sustained_hit,counterpoint_symbolic_n3_wide_20_108_span18_v001-p001_over_018-schema0,schema1_noisy_rate_one_drop,counterpoint_symbolic_n3_wide_20_108_span18_v001-p001_over_018-schema0,counterpoint_symbolic_n3_wide_20_108_span18_v001,p001_over_018,0,seed-7fe8666539580bdb,0,4,9,9,True,0.0,runtime_learner_summary
counterpoint_second_serious_schema_comparison_v001,counterpoint_symbolic_n3_wide_20_108_span18_v001-p001_over_018-schema0-schema1_noisy_rate_one_drop-trainrep0,smoke_schema_comparison_first_sustained_hit,counterpoint_symbolic_n3_wide_20_108_span18_v001-p001_over_018-schema0,schema1_noisy_rate_one_drop,counterpoint_symbolic_n3_wide_20_108_span18_v001-p001_over_018-schema0,counterpoint_symbolic_n3_wide_20_108_span18_v001,p001_over_018,0,seed-7fe8666539580bdb,0,4,23,22,True,0.0,runtime_learner_summary
counterpoint_second_serious_schema_comparison_v001,counterpoint_symbolic_n3_wide_20_108_span18_v001-p001_over_018-schema0-schema1_noisy_rate_one_drop-trainrep0,smoke_schema_comparison_first_sustained_hit,counterpoint_symbolic_n3_wide_20_108_span18_v001-p001_over_018-schema0,schema1_noisy_rate_one_drop,counterpoint_symbolic_n3_wide_20_108_span18_v001-p001_over_018-schema0,counterpoint_symbolic_n3_wide_20_108_span18_v001,p001_over_018,0,seed-7fe8666539580bdb,0,4,24,22,True,0.0,runtime_learner_summary
counterpoint_second_serious_schema_comparison_v001,counterpoint_symbolic_n3_wide_20_108_span18_v001-p001_over_018-schema0-schema1_noisy_rate_one_drop-trainrep0,smoke_schema_comparison_first_sustained_hit,counterpoint_symbolic_n3_wide_20_108_span18_v001-p001_over_018-schema0,schema1_noisy_rate_one_drop,counterpoint_symbolic_n3_wide_20_108_span18_v001-p001_over_018-schema0,counterpoint_symbolic_n3_wide_20_108_span18_v001,p001_over_018,0,seed-7fe8666539580bdb,0,4,25,22,True,0.0,runtime_learner_summary
counterpoint_second_serious_schema_comparison_v001,counterpoint_symbolic_n3_wide_20_108_span18_v001-p001_over_018-schema0-schema1_noisy_rate_one_drop-trainrep0,smoke_schema_comparison_first_sustained_hit,counterpoint_symbolic_n3_wide_20_108_span18_v001-p001_over_018-schema0,schema1_noisy_rate_one_drop,counterpoint_symbolic_n3_wide_20_108_span18_v001-p001_over_018-schema0,counterpoint_symbolic_n3_wide_20_108_span18_v001,p001_over_018,0,seed-7fe8666539580bdb,0,4,26,22,True,0.29939393939393955,runtime_learner_summary
counterpoint_second_serious_schema_comparison_v001,counterpoint_symbolic_n3_wide_20_108_span18_v001-p001_over_018-schema0-schema1_noisy_rate_one_drop-trainrep0,smoke_schema_comparison_first_sustained_hit,counterpoint_symbolic_n3_wide_20_108_span18_v001-p001_over_018-schema0,schema1_noisy_rate_one_drop,counterpoint_symbolic_n3_wide_20_108_span18_v001-p001_over_018-schema0,counterpoint_symbolic_n3_wide_20_108_span18_v001,p001_over_018,0,seed-7fe8666539580bdb,0,4,27,22,True,0.0,runtime_learner_summary
counterpoint_second_serious_schema_comparison_v001,counterpoint_symbolic_n3_wide_20_108_span18_v001-p001_over_018-schema0-schema1_noisy_rate_one_drop-trainrep0,smoke_schema_comparison_first_sustained_hit,counterpoint_symbolic_n3_wide_20_108_span18_v001-p001_over_018-schema0,schema1_noisy_rate_one_drop,counterpoint_symbolic_n3_wide_20_108_span18_v001-p001_over_018-schema0,counterpoint_symbolic_n3_wide_20_108_span18_v001,p001_over_018,0,seed-7fe8666539580bdb,0,4,28,22,True,0.0,runtime_learner_summary
counterpoint_second_serious_schema_comparison_v001,counterpoint_symbolic_n3_wide_20_108_span18_v001-p001_over_018-schema0-schema1_noisy_rate_one_drop-trainrep0,smoke_schema_comparison_first_sustained_hit,counterpoint_symbolic_n3_wide_20_108_span18_v001-p001_over_018-schema0,schema1_noisy_rate_one_drop,counterpoint_symbolic_n3_wide_20_108_span18_v001-p001_over_018-schema0,counterpoint_symbolic_n3_wide_20_108_span18_v001,p001_over_018,0,seed-7fe8666539580bdb,0,4,30,21,True,0.0,runtime_learner_summary
counterpoint_second_serious_schema_comparison_v001,counterpoint_symbolic_n3_wide_20_108_span18_v001-p001_over_018-schema0-schema1_noisy_rate_one_drop-trainrep0,smoke_schema_comparison_first_sustained_hit,counterpoint_symbolic_n3_wide_20_108_span18_v001-p001_over_018-schema0,schema1_noisy_rate_one_drop,counterpoint_symbolic_n3_wide_20_108_span18_v001-p001_over_018-schema0,counterpoint_symbolic_n3_wide_20_108_span18_v001,p001_over_018,0,seed-7fe8666539580bdb,0,4,31,21,True,1.6295454545454544,runtime_learner_summary
counterpoint_second_serious_schema_comparison_v001,counterpoint_symbolic_n3_wide_20_108_span18_v001-p001_over_018-schema0-schema1_noisy_rate_one_drop-trainrep0,smoke_schema_comparison_first_sustained_hit,counterpoint_symbolic_n3_wide_20_108_span18_v001-p001_over_018-schema0,schema1_noisy_rate_one_drop,counterpoint_symbolic_n3_wide_20_108_span18_v001-p001_over_018-schema0,counterpoint_symbolic_n3_wide_20_108_span18_v001,p001_over_018,0,seed-7fe8666539580bdb,0,4,32,21,True,0.0,runtime_learner_summary
counterpoint_second_serious_schema_comparison_v001,counterpoint_symbolic_n3_wide_20_108_span18_v001-p001_over_018-schema0-schema1_noisy_rate_one_drop-trainrep0,smoke_schema_comparison_first_sustained_hit,counterpoint_symbolic_n3_wide_20_108_span18_v001-p001_over_018-schema0,schema1_noisy_rate_one_drop,counterpoint_symbolic_n3_wide_20_108_span18_v001-p001_over_018-schema0,counterpoint_symbolic_n3_wide_20_108_span18_v001,p001_over_018,0,seed-7fe8666539580bdb,0,5,9,9,True,0.0,runtime_learner_summary
counterpoint_second_serious_schema_comparison_v001,counterpoint_symbolic_n3_wide_20_108_span18_v001-p001_over_018-schema0-schema1_noisy_rate_one_drop-trainrep0,smoke_schema_comparison_first_sustained_hit,counterpoint_symbolic_n3_wide_20_108_span18_v001-p001_over_018-schema0,schema1_noisy_rate_one_drop,counterpoint_symbolic_n3_wide_20_108_span18_v001-p001_over_018-schema0,counterpoint_symbolic_n3_wide_20_108_span18_v001,p001_over_018,0,seed-7fe8666539580bdb,0,5,23,22,True,0.0,runtime_learner_summary
counterpoint_second_serious_schema_comparison_v001,counterpoint_symbolic_n3_wide_20_108_span18_v001-p001_over_018-schema0-schema1_noisy_rate_one_drop-trainrep0,smoke_schema_comparison_first_sustained_hit,counterpoint_symbolic_n3_wide_20_108_span18_v001-p001_over_018-schema0,schema1_noisy_rate_one_drop,counterpoint_symbolic_n3_wide_20_108_span18_v001-p001_over_018-schema0,counterpoint_symbolic_n3_wide_20_108_span18_v001,p001_over_018,0,seed-7fe8666539580bdb,0,5,24,22,True,0.0,runtime_learner_summary
counterpoint_second_serious_schema_comparison_v001,counterpoint_symbolic_n3_wide_20_108_span18_v001-p001_over_018-schema0-schema1_noisy_rate_one_drop-trainrep0,smoke_schema_comparison_first_sustained_hit,counterpoint_symbolic_n3_wide_20_108_span18_v001-p001_over_018-schema0,schema1_noisy_rate_one_drop,counterpoint_symbolic_n3_wide_20_108_span18_v001-p001_over_018-schema0,counterpoint_symbolic_n3_wide_20_108_span18_v001,p001_over_018,0,seed-7fe8666539580bdb,0,5,25,22,True,0.0,runtime_learner_summary
counterpoint_second_serious_schema_comparison_v001,counterpoint_symbolic_n3_wide_20_108_span18_v001-p001_over_018-schema0-schema1_noisy_rate_one_drop-trainrep0,smoke_schema_comparison_first_sustained_hit,counterpoint_symbolic_n3_wide_20_108_span18_v001-p001_over_018-schema0,schema1_noisy_rate_one_drop,counterpoint_symbolic_n3_wide_20_108_span18_v001-p001_over_018-schema0,counterpoint_symbolic_n3_wide_20_108_span18_v001,p001_over_018,0,seed-7fe8666539580bdb,0,5,44,22,True,0.9568181818181818,runtime_learner_summary
counterpoint_second_serious_schema_comparison_v001,counterpoint_symbolic_n3_wide_20_108_span18_v001-p001_over_018-schema0-schema1_noisy_rate_one_drop-trainrep0,smoke_schema_comparison_first_sustained_hit,counterpoint_symbolic_n3_wide_20_108_span18_v001-p001_over_018-schema0,schema1_noisy_rate_one_drop,counterpoint_symbolic_n3_wide_20_108_span18_v001-p001_over_018-schema0,counterpoint_symbolic_n3_wide_20_108_span18_v001,p001_over_018,0,seed-7fe8666539580bdb,0,5,45,22,True,0.0,runtime_learner_summary
counterpoint_second_serious_schema_comparison_v001,counterpoint_symbolic_n3_wide_20_108_span18_v001-p001_over_018-schema0-schema1_noisy_rate_one_drop-trainrep0,smoke_schema_comparison_first_sustained_hit,counterpoint_symbolic_n3_wide_20_108_span18_v001-p001_over_018-schema0,schema1_noisy_rate_one_drop,counterpoint_symbolic_n3_wide_20_108_span18_v001-p001_over_018-schema0,counterpoint_symbolic_n3_wide_20_108_span18_v001,p001_over_018,0,seed-7fe8666539580bdb,0,5,46,22,True,0.0,runtime_learner_summary
counterpoint_second_serious_schema_comparison_v001,counterpoint_symbolic_n3_wide_20_108_span18_v001-p001_over_018-schema0-schema1_noisy_rate_one_drop-trainrep0,smoke_schema_comparison_first_sustained_hit,counterpoint_symbolic_n3_wide_20_108_span18_v001-p001_over_018-schema0,schema1_noisy_rate_one_drop,counterpoint_symbolic_n3_wide_20_108_span18_v001-p001_over_018-schema0,counterpoint_symbolic_n3_wide_20_108_span18_v001,p001_over_018,0,seed-7fe8666539580bdb,0,5,47,22,True,0.0,runtime_learner_summary
counterpoint_second_serious_schema_comparison_v001,counterpoint_symbolic_n3_wide_20_108_span18_v001-p001_over_018-schema0-schema1_noisy_rate_one_drop-trainrep0,smoke_schema_comparison_first_sustained_hit,counterpoint_symbolic_n3_wide_20_108_span18_v001-p001_over_018-schema0,schema1_noisy_rate_one_drop,counterpoint_symbolic_n3_wide_20_108_span18_v001-p001_over_018-schema0,counterpoint_symbolic_n3_wide_20_108_span18_v001,p001_over_018,0,seed-7fe8666539580bdb,0,5,52,8,True,2.3624848484848484,runtime_learner_summary
counterpoint_second_serious_schema_comparison_v001,counterpoint_symbolic_n3_wide_20_108_span18_v001-p001_over_018-schema0-schema1_noisy_rate_one_drop-trainrep0,smoke_schema_comparison_first_sustained_hit,counterpoint_symbolic_n3_wide_20_108_span18_v001-p001_over_018-schema0,schema1_noisy_rate_one_drop,counterpoint_symbolic_n3_wide_20_108_span18_v001-p001_over_018-schema0,counterpoint_symbolic_n3_wide_20_108_span18_v001,p001_over_018,0,seed-7fe8666539580bdb,0,5,53,8,True,0.0,runtime_learner_summary
counterpoint_second_serious_schema_comparison_v001,counterpoint_symbolic_n3_wide_20_108_span18_v001-p001_over_018-schema0-schema1_noisy_rate_one_drop-trainrep0,smoke_schema_comparison_first_sustained_hit,counterpoint_symbolic_n3_wide_20_108_span18_v001-p001_over_018-schema0,schema1_noisy_rate_one_drop,counterpoint_symbolic_n3_wide_20_108_span18_v001-p001_over_018-schema0,counterpoint_symbolic_n3_wide_20_108_span18_v001,p001_over_018,0,seed-7fe8666539580bdb,0,6,2,2,True,0.0,runtime_learner_summary
counterpoint_second_serious_schema_comparison_v001,counterpoint_symbolic_n3_wide_20_108_span18_v001-p001_over_018-schema0-schema1_noisy_rate_one_drop-trainrep0,smoke_schema_comparison_first_sustained_hit,counterpoint_symbolic_n3_wide_20_108_span18_v001-p001_over_018-schema0,schema1_noisy_rate_one_drop,counterpoint_symbolic_n3_wide_20_108_span18_v001-p001_over_018-schema0,counterpoint_symbolic_n3_wide_20_108_span18_v001,p001_over_018,0,seed-7fe8666539580bdb,0,6,23,22,True,0.0,runtime_learner_summary
counterpoint_second_serious_schema_comparison_v001,counterpoint_symbolic_n3_wide_20_108_span18_v001-p001_over_018-schema0-schema1_noisy_rate_one_drop-trainrep0,smoke_schema_comparison_first_sustained_hit,counterpoint_symbolic_n3_wide_20_108_span18_v001-p001_over_018-schema0,schema1_noisy_rate_one_drop,counterpoint_symbolic_n3_wide_20_108_span18_v001-p001_over_018-schema0,counterpoint_symbolic_n3_wide_20_108_span18_v001,p001_over_018,0,seed-7fe8666539580bdb,0,6,24,22,True,0.0,runtime_learner_summary
counterpoint_second_serious_schema_comparison_v001,counterpoint_symbolic_n3_wide_20_108_span18_v001-p001_over_018-schema0-schema1_noisy_rate_one_drop-trainrep0,smoke_schema_comparison_first_sustained_hit,counterpoint_symbolic_n3_wide_20_108_span18_v001-p001_over_018-schema0,schema1_noisy_rate_one_drop,counterpoint_symbolic_n3_wide_20_108_span18_v001-p001_over_018-schema0,counterpoint_symbolic_n3_wide_20_108_span18_v001,p001_over_018,0,seed-7fe8666539580bdb,0,6,25,22,True,0.0,runtime_learner_summary
counterpoint_second_serious_schema_comparison_v001,counterpoint_symbolic_n3_wide_20_108_span18_v001-p001_over_018-schema0-schema1_noisy_rate_one_drop-trainrep0,smoke_schema_comparison_first_sustained_hit,counterpoint_symbolic_n3_wide_20_108_span18_v001-p001_over_018-schema0,schema1_noisy_rate_one_drop,counterpoint_symbolic_n3_wide_20_108_span18_v001-p001_over_018-schema0,counterpoint_symbolic_n3_wide_20_108_span18_v001,p001_over_018,0,seed-7fe8666539580bdb,0,6,26,22,True,0.1978181818181819,runtime_learner_summary
counterpoint_second_serious_schema_comparison_v001,counterpoint_symbolic_n3_wide_20_108_span18_v001-p001_over_018-schema0-schema1_noisy_rate_one_drop-trainrep0,smoke_schema_comparison_first_sustained_hit,counterpoint_symbolic_n3_wide_20_108_span18_v001-p001_over_018-schema0,schema1_noisy_rate_one_drop,counterpoint_symbolic_n3_wide_20_108_span18_v001-p001_over_018-schema0,counterpoint_symbolic_n3_wide_20_108_span18_v001,p001_over_018,0,seed-7fe8666539580bdb,0,6,27,22,True,0.0,runtime_learner_summary
counterpoint_second_serious_schema_comparison_v001,counterpoint_symbolic_n3_wide_20_108_span18_v001-p001_over_018-schema0-schema1_noisy_rate_one_drop-trainrep0,smoke_schema_comparison_first_sustained_hit,counterpoint_symbolic_n3_wide_20_108_span18_v001-p001_over_018-schema0,schema1_noisy_rate_one_drop,counterpoint_symbolic_n3_wide_20_108_span18_v001-p001_over_018-schema0,counterpoint_symbolic_n3_wide_20_108_span18_v001,p001_over_018,0,seed-7fe8666539580bdb,0,6,28,22,True,0.0,runtime_learner_summary
counterpoint_second_serious_schema_comparison_v001,counterpoint_symbolic_n3_wide_20_108_span18_v001-p001_over_018-schema0-schema1_noisy_rate_one_drop-trainrep0,smoke_schema_comparison_first_sustained_hit,counterpoint_symbolic_n3_wide_20_108_span18_v001-p001_over_018-schema0,schema1_noisy_rate_one_drop,counterpoint_symbolic_n3_wide_20_108_span18_v001-p001_over_018-schema0,counterpoint_symbolic_n3_wide_20_108_span18_v001,p001_over_018,0,seed-7fe8666539580bdb,0,6,30,21,True,0.0,runtime_learner_summary
counterpoint_second_serious_schema_comparison_v001,counterpoint_symbolic_n3_wide_20_108_span18_v001-p001_over_018-schema0-schema1_noisy_rate_one_drop-trainrep0,smoke_schema_comparison_first_sustained_hit,counterpoint_symbolic_n3_wide_20_108_span18_v001-p001_over_018-schema0,schema1_noisy_rate_one_drop,counterpoint_symbolic_n3_wide_20_108_span18_v001-p001_over_018-schema0,counterpoint_symbolic_n3_wide_20_108_span18_v001,p001_over_018,0,seed-7fe8666539580bdb,0,6,31,21,True,0.5855454545454544,runtime_learner_summary
counterpoint_second_serious_schema_comparison_v001,counterpoint_symbolic_n3_wide_20_108_span18_v001-p001_over_018-schema0-schema1_noisy_rate_one_drop-trainrep0,smoke_schema_comparison_first_sustained_hit,counterpoint_symbolic_n3_wide_20_108_span18_v001-p001_over_018-schema0,schema1_noisy_rate_one_drop,counterpoint_symbolic_n3_wide_20_108_span18_v001-p001_over_018-schema0,counterpoint_symbolic_n3_wide_20_108_span18_v001,p001_over_018,0,seed-7fe8666539580bdb,0,6,32,21,True,0.0,runtime_learner_summary
counterpoint_second_serious_schema_comparison_v001,counterpoint_symbolic_n3_wide_20_108_span18_v001-p001_over_018-schema0-schema1_noisy_rate_one_drop-trainrep0,smoke_schema_comparison_first_sustained_hit,counterpoint_symbolic_n3_wide_20_108_span18_v001-p001_over_018-schema0,schema1_noisy_rate_one_drop,counterpoint_symbolic_n3_wide_20_108_span18_v001-p001_over_018-schema0,counterpoint_symbolic_n3_wide_20_108_span18_v001,p001_over_018,0,seed-7fe8666539580bdb,0,7,9,9,True,0.0,runtime_learner_summary
counterpoint_second_serious_schema_comparison_v001,counterpoint_symbolic_n3_wide_20_108_span18_v001-p001_over_018-schema0-schema1_noisy_rate_one_drop-trainrep0,smoke_schema_comparison_first_sustained_hit,counterpoint_symbolic_n3_wide_20_108_span18_v001-p001_over_018-schema0,schema1_noisy_rate_one_drop,counterpoint_symbolic_n3_wide_20_108_span18_v001-p001_over_018-schema0,counterpoint_symbolic_n3_wide_20_108_span18_v001,p001_over_018,0,seed-7fe8666539580bdb,0,7,23,22,True,0.0,runtime_learner_summary
counterpoint_second_serious_schema_comparison_v001,counterpoint_symbolic_n3_wide_20_108_span18_v001-p001_over_018-schema0-schema1_noisy_rate_one_drop-trainrep0,smoke_schema_comparison_first_sustained_hit,counterpoint_symbolic_n3_wide_20_108_span18_v001-p001_over_018-schema0,schema1_noisy_rate_one_drop,counterpoint_symbolic_n3_wide_20_108_span18_v001-p001_over_018-schema0,counterpoint_symbolic_n3_wide_20_108_span18_v001,p001_over_018,0,seed-7fe8666539580bdb,0,7,24,22,True,0.0,runtime_learner_summary
counterpoint_second_serious_schema_comparison_v001,counterpoint_symbolic_n3_wide_20_108_span18_v001-p001_over_018-schema0-schema1_noisy_rate_one_drop-trainrep0,smoke_schema_comparison_first_sustained_hit,counterpoint_symbolic_n3_wide_20_108_span18_v001-p001_over_018-schema0,schema1_noisy_rate_one_drop,counterpoint_symbolic_n3_wide_20_108_span18_v001-p001_over_018-schema0,counterpoint_symbolic_n3_wide_20_108_span18_v001,p001_over_018,0,seed-7fe8666539580bdb,0,7,25,22,True,0.0,runtime_learner_summary
counterpoint_second_serious_schema_comparison_v001,counterpoint_symbolic_n3_wide_20_108_span18_v001-p001_over_018-schema0-schema1_noisy_rate_one_drop-trainrep0,smoke_schema_comparison_first_sustained_hit,counterpoint_symbolic_n3_wide_20_108_span18_v001-p001_over_018-schema0,schema1_noisy_rate_one_drop,counterpoint_symbolic_n3_wide_20_108_span18_v001-p001_over_018-schema0,counterpoint_symbolic_n3_wide_20_108_span18_v001,p001_over_018,0,seed-7fe8666539580bdb,0,7,26,22,True,1.6712121212121211,runtime_learner_summary
counterpoint_second_serious_schema_comparison_v001,counterpoint_symbolic_n3_wide_20_108_span18_v001-p001_over_018-schema0-schema1_noisy_rate_one_drop-trainrep0,smoke_schema_comparison_first_sustained_hit,counterpoint_symbolic_n3_wide_20_108_span18_v001-p001_over_018-schema0,schema1_noisy_rate_one_drop,counterpoint_symbolic_n3_wide_20_108_span18_v001-p001_over_018-schema0,counterpoint_symbolic_n3_wide_20_108_span18_v001,p001_over_018,0,seed-7fe8666539580bdb,0,7,27,22,True,0.0,runtime_learner_summary
counterpoint_second_serious_schema_comparison_v001,counterpoint_symbolic_n3_wide_20_108_span18_v001-p001_over_018-schema0-schema1_noisy_rate_one_drop-trainrep0,smoke_schema_comparison_first_sustained_hit,counterpoint_symbolic_n3_wide_20_108_span18_v001-p001_over_018-schema0,schema1_noisy_rate_one_drop,counterpoint_symbolic_n3_wide_20_108_span18_v001-p001_over_018-schema0,counterpoint_symbolic_n3_wide_20_108_span18_v001,p001_over_018,0,seed-7fe8666539580bdb,0,7,28,22,True,0.0,runtime_learner_summary
counterpoint_second_serious_schema_comparison_v001,counterpoint_symbolic_n3_wide_20_108_span18_v001-p001_over_018-schema0-schema1_noisy_rate_one_drop-trainrep0,smoke_schema_comparison_first_sustained_hit,counterpoint_symbolic_n3_wide_20_108_span18_v001-p001_over_018-schema0,schema1_noisy_rate_one_drop,counterpoint_symbolic_n3_wide_20_108_span18_v001-p001_over_018-schema0,counterpoint_symbolic_n3_wide_20_108_span18_v001,p001_over_018,0,seed-7fe8666539580bdb,0,7,30,21,True,0.0,runtime_learner_summary
counterpoint_second_serious_schema_comparison_v001,counterpoint_symbolic_n3_wide_20_108_span18_v001-p001_over_018-schema0-schema1_noisy_rate_one_drop-trainrep0,smoke_schema_comparison_first_sustained_hit,counterpoint_symbolic_n3_wide_20_108_span18_v001-p001_over_018-schema0,schema1_noisy_rate_one_drop,counterpoint_symbolic_n3_wide_20_108_span18_v001-p001_over_018-schema0,counterpoint_symbolic_n3_wide_20_108_span18_v001,p001_over_018,0,seed-7fe8666539580bdb,0,7,31,21,True,0.7857575757575759,runtime_learner_summary
counterpoint_second_serious_schema_comparison_v001,counterpoint_symbolic_n3_wide_20_108_span18_v001-p001_over_018-schema0-schema1_noisy_rate_one_drop-trainrep0,smoke_schema_comparison_first_sustained_hit,counterpoint_symbolic_n3_wide_20_108_span18_v001-p001_over_018-schema0,schema1_noisy_rate_one_drop,counterpoint_symbolic_n3_wide_20_108_span18_v001-p001_over_018-schema0,counterpoint_symbolic_n3_wide_20_108_span18_v001,p001_over_018,0,seed-7fe8666539580bdb,0,7,32,21,True,0.0,runtime_learner_summary
