evaluation_id,run_id,candidate_id,instance_id,arm_id,schema_seed,seed_bundle_id,training_replicate_index,episode_index,controller_event_index,active_tier_before,active_tier_after,deepest_known_tier,selected_tier,selected_tier_executable,predicted_movement_direction,control_action,decision_pressure,training_due,action_consistent,blocked_reason,concrete_step_emitted,lift_attempt_emitted
counterpoint_noisy_rate_full_tower_training_diagnostic_v001,counterpoint_symbolic_n3_small_v001-p001_over_018-schema0-trainrep0,counterpoint_symbolic_n3_small_v001-p001_over_018-schema0,counterpoint_symbolic_n3_small_v001,p001_over_018,0,seed-7fe8666539580bdb,0,0,0,0,1,1,1,True,descend,descend,1.0,False,True,,False,False
counterpoint_noisy_rate_full_tower_training_diagnostic_v001,counterpoint_symbolic_n3_small_v001-p001_over_018-schema0-trainrep0,counterpoint_symbolic_n3_small_v001-p001_over_018-schema0,counterpoint_symbolic_n3_small_v001,p001_over_018,0,seed-7fe8666539580bdb,0,0,1,1,1,1,1,True,at_selected,explore,1.0,False,True,lift_failure,False,True
counterpoint_noisy_rate_full_tower_training_diagnostic_v001,counterpoint_symbolic_n3_small_v001-p001_over_018-schema0-trainrep0,counterpoint_symbolic_n3_small_v001-p001_over_018-schema0,counterpoint_symbolic_n3_small_v001,p001_over_018,0,seed-7fe8666539580bdb,0,0,2,1,1,1,1,True,at_selected,explore,0.8,False,True,lift_failure,False,True
counterpoint_noisy_rate_full_tower_training_diagnostic_v001,counterpoint_symbolic_n3_small_v001-p001_over_018-schema0-trainrep0,counterpoint_symbolic_n3_small_v001-p001_over_018-schema0,counterpoint_symbolic_n3_small_v001,p001_over_018,0,seed-7fe8666539580bdb,0,0,3,1,1,1,1,True,at_selected,explore,0.6,False,True,lift_failure,False,True
counterpoint_noisy_rate_full_tower_training_diagnostic_v001,counterpoint_symbolic_n3_small_v001-p001_over_018-schema0-trainrep0,counterpoint_symbolic_n3_small_v001-p001_over_018-schema0,counterpoint_symbolic_n3_small_v001,p001_over_018,0,seed-7fe8666539580bdb,0,0,4,1,1,1,1,True,at_selected,explore,0.6,False,True,lift_failure,False,True
counterpoint_noisy_rate_full_tower_training_diagnostic_v001,counterpoint_symbolic_n3_small_v001-p001_over_018-schema0-trainrep0,counterpoint_symbolic_n3_small_v001-p001_over_018-schema0,counterpoint_symbolic_n3_small_v001,p001_over_018,0,seed-7fe8666539580bdb,0,0,5,1,1,1,1,True,at_selected,train,0.6,True,True,,False,False
counterpoint_noisy_rate_full_tower_training_diagnostic_v001,counterpoint_symbolic_n3_small_v001-p001_over_018-schema0-trainrep0,counterpoint_symbolic_n3_small_v001-p001_over_018-schema0,counterpoint_symbolic_n3_small_v001,p001_over_018,0,seed-7fe8666539580bdb,0,0,6,1,1,1,1,True,at_selected,explore,0.39999999999999997,False,True,lift_failure,False,True
counterpoint_noisy_rate_full_tower_training_diagnostic_v001,counterpoint_symbolic_n3_small_v001-p001_over_018-schema0-trainrep0,counterpoint_symbolic_n3_small_v001-p001_over_018-schema0,counterpoint_symbolic_n3_small_v001,p001_over_018,0,seed-7fe8666539580bdb,0,0,7,1,1,1,1,True,at_selected,explore,0.43333333333333335,False,True,lift_failure,False,True
counterpoint_noisy_rate_full_tower_training_diagnostic_v001,counterpoint_symbolic_n3_small_v001-p001_over_018-schema0-trainrep0,counterpoint_symbolic_n3_small_v001-p001_over_018-schema0,counterpoint_symbolic_n3_small_v001,p001_over_018,0,seed-7fe8666539580bdb,0,0,8,1,1,1,1,True,at_selected,explore,0.45714285714285713,False,True,lift_failure,False,True
counterpoint_noisy_rate_full_tower_training_diagnostic_v001,counterpoint_symbolic_n3_small_v001-p001_over_018-schema0-trainrep0,counterpoint_symbolic_n3_small_v001-p001_over_018-schema0,counterpoint_symbolic_n3_small_v001,p001_over_018,0,seed-7fe8666539580bdb,0,0,9,1,1,1,1,True,at_selected,train,0.475,True,True,,False,False
counterpoint_noisy_rate_full_tower_training_diagnostic_v001,counterpoint_symbolic_n3_small_v001-p001_over_018-schema0-trainrep0,counterpoint_symbolic_n3_small_v001-p001_over_018-schema0,counterpoint_symbolic_n3_small_v001,p001_over_018,0,seed-7fe8666539580bdb,0,0,10,1,1,1,1,True,at_selected,explore,0.37777777777777777,False,True,lift_failure,False,True
counterpoint_noisy_rate_full_tower_training_diagnostic_v001,counterpoint_symbolic_n3_small_v001-p001_over_018-schema0-trainrep0,counterpoint_symbolic_n3_small_v001-p001_over_018-schema0,counterpoint_symbolic_n3_small_v001,p001_over_018,0,seed-7fe8666539580bdb,0,0,11,1,1,1,1,True,at_selected,explore,0.39999999999999997,False,True,,True,True
counterpoint_noisy_rate_full_tower_training_diagnostic_v001,counterpoint_symbolic_n3_small_v001-p001_over_018-schema0-trainrep0,counterpoint_symbolic_n3_small_v001-p001_over_018-schema0,counterpoint_symbolic_n3_small_v001,p001_over_018,0,seed-7fe8666539580bdb,0,0,12,1,1,1,1,True,at_selected,explore,0.32727272727272727,False,True,,True,True
counterpoint_noisy_rate_full_tower_training_diagnostic_v001,counterpoint_symbolic_n3_small_v001-p001_over_018-schema0-trainrep0,counterpoint_symbolic_n3_small_v001-p001_over_018-schema0,counterpoint_symbolic_n3_small_v001,p001_over_018,0,seed-7fe8666539580bdb,0,0,13,1,1,1,1,True,at_selected,train,0.26666666666666666,True,True,,False,False
counterpoint_noisy_rate_full_tower_training_diagnostic_v001,counterpoint_symbolic_n3_small_v001-p001_over_018-schema0-trainrep0,counterpoint_symbolic_n3_small_v001-p001_over_018-schema0,counterpoint_symbolic_n3_small_v001,p001_over_018,0,seed-7fe8666539580bdb,0,0,14,1,1,1,1,True,at_selected,explore,0.21538461538461534,False,True,lift_failure,False,True
counterpoint_noisy_rate_full_tower_training_diagnostic_v001,counterpoint_symbolic_n3_small_v001-p001_over_018-schema0-trainrep0,counterpoint_symbolic_n3_small_v001-p001_over_018-schema0,counterpoint_symbolic_n3_small_v001,p001_over_018,0,seed-7fe8666539580bdb,0,0,15,1,1,1,1,True,at_selected,explore,0.24285714285714283,False,True,lift_failure,False,True
counterpoint_noisy_rate_full_tower_training_diagnostic_v001,counterpoint_symbolic_n3_small_v001-p001_over_018-schema0-trainrep0,counterpoint_symbolic_n3_small_v001-p001_over_018-schema0,counterpoint_symbolic_n3_small_v001,p001_over_018,0,seed-7fe8666539580bdb,0,0,16,1,1,1,1,True,at_selected,explore,0.26666666666666666,False,True,,True,True
counterpoint_noisy_rate_full_tower_training_diagnostic_v001,counterpoint_symbolic_n3_small_v001-p001_over_018-schema0-trainrep0,counterpoint_symbolic_n3_small_v001-p001_over_018-schema0,counterpoint_symbolic_n3_small_v001,p001_over_018,0,seed-7fe8666539580bdb,0,0,17,1,1,1,1,True,at_selected,train,0.22499999999999998,True,True,,False,False
counterpoint_noisy_rate_full_tower_training_diagnostic_v001,counterpoint_symbolic_n3_small_v001-p001_over_018-schema0-trainrep0,counterpoint_symbolic_n3_small_v001-p001_over_018-schema0,counterpoint_symbolic_n3_small_v001,p001_over_018,0,seed-7fe8666539580bdb,0,0,18,1,1,1,1,True,at_selected,explore,0.22604166666666659,False,True,lift_failure,False,True
counterpoint_noisy_rate_full_tower_training_diagnostic_v001,counterpoint_symbolic_n3_small_v001-p001_over_018-schema0-trainrep0,counterpoint_symbolic_n3_small_v001-p001_over_018-schema0,counterpoint_symbolic_n3_small_v001,p001_over_018,0,seed-7fe8666539580bdb,0,0,19,1,1,1,1,True,at_selected,explore,0.21111111111111108,False,True,lift_failure,False,True
counterpoint_noisy_rate_full_tower_training_diagnostic_v001,counterpoint_symbolic_n3_small_v001-p001_over_018-schema0-trainrep0,counterpoint_symbolic_n3_small_v001-p001_over_018-schema0,counterpoint_symbolic_n3_small_v001,p001_over_018,0,seed-7fe8666539580bdb,0,0,20,1,1,1,1,True,at_selected,explore,0.23157894736842105,False,True,lift_failure,False,True
counterpoint_noisy_rate_full_tower_training_diagnostic_v001,counterpoint_symbolic_n3_small_v001-p001_over_018-schema0-trainrep0,counterpoint_symbolic_n3_small_v001-p001_over_018-schema0,counterpoint_symbolic_n3_small_v001,p001_over_018,0,seed-7fe8666539580bdb,0,0,21,1,1,1,1,True,at_selected,train,0.25,True,True,,False,False
counterpoint_noisy_rate_full_tower_training_diagnostic_v001,counterpoint_symbolic_n3_small_v001-p001_over_018-schema0-trainrep0,counterpoint_symbolic_n3_small_v001-p001_over_018-schema0,counterpoint_symbolic_n3_small_v001,p001_over_018,0,seed-7fe8666539580bdb,0,0,22,1,1,1,1,True,at_selected,explore,0.21904761904761905,False,True,lift_failure,False,True
counterpoint_noisy_rate_full_tower_training_diagnostic_v001,counterpoint_symbolic_n3_small_v001-p001_over_018-schema0-trainrep0,counterpoint_symbolic_n3_small_v001-p001_over_018-schema0,counterpoint_symbolic_n3_small_v001,p001_over_018,0,seed-7fe8666539580bdb,0,0,23,1,1,1,1,True,at_selected,explore,0.23636363636363633,False,True,,True,True
counterpoint_noisy_rate_full_tower_training_diagnostic_v001,counterpoint_symbolic_n3_small_v001-p001_over_018-schema0-trainrep0,counterpoint_symbolic_n3_small_v001-p001_over_018-schema0,counterpoint_symbolic_n3_small_v001,p001_over_018,0,seed-7fe8666539580bdb,0,0,24,1,1,1,1,True,at_selected,explore,0.208695652173913,False,True,lift_failure,False,True
counterpoint_noisy_rate_full_tower_training_diagnostic_v001,counterpoint_symbolic_n3_small_v001-p001_over_018-schema0-trainrep0,counterpoint_symbolic_n3_small_v001-p001_over_018-schema0,counterpoint_symbolic_n3_small_v001,p001_over_018,0,seed-7fe8666539580bdb,0,0,25,1,1,1,1,True,at_selected,train,0.22499999999999998,True,True,,False,False
counterpoint_noisy_rate_full_tower_training_diagnostic_v001,counterpoint_symbolic_n3_small_v001-p001_over_018-schema0-trainrep0,counterpoint_symbolic_n3_small_v001-p001_over_018-schema0,counterpoint_symbolic_n3_small_v001,p001_over_018,0,seed-7fe8666539580bdb,0,0,26,1,1,1,1,True,at_selected,exploit_execute,0.2,False,True,lift_failure,False,True
counterpoint_noisy_rate_full_tower_training_diagnostic_v001,counterpoint_symbolic_n3_small_v001-p001_over_018-schema0-trainrep0,counterpoint_symbolic_n3_small_v001-p001_over_018-schema0,counterpoint_symbolic_n3_small_v001,p001_over_018,0,seed-7fe8666539580bdb,0,0,27,1,1,1,1,True,at_selected,explore,0.21538461538461534,False,True,lift_failure,False,True
counterpoint_noisy_rate_full_tower_training_diagnostic_v001,counterpoint_symbolic_n3_small_v001-p001_over_018-schema0-trainrep0,counterpoint_symbolic_n3_small_v001-p001_over_018-schema0,counterpoint_symbolic_n3_small_v001,p001_over_018,0,seed-7fe8666539580bdb,0,0,28,1,1,1,1,True,at_selected,explore,0.22962962962962963,False,True,lift_failure,False,True
counterpoint_noisy_rate_full_tower_training_diagnostic_v001,counterpoint_symbolic_n3_small_v001-p001_over_018-schema0-trainrep0,counterpoint_symbolic_n3_small_v001-p001_over_018-schema0,counterpoint_symbolic_n3_small_v001,p001_over_018,0,seed-7fe8666539580bdb,0,0,29,1,1,1,1,True,at_selected,train,0.24285714285714283,True,True,,False,False
counterpoint_noisy_rate_full_tower_training_diagnostic_v001,counterpoint_symbolic_n3_small_v001-p001_over_018-schema0-trainrep0,counterpoint_symbolic_n3_small_v001-p001_over_018-schema0,counterpoint_symbolic_n3_small_v001,p001_over_018,0,seed-7fe8666539580bdb,0,0,30,1,1,1,1,True,at_selected,explore,0.2206896551724138,False,True,lift_failure,False,True
counterpoint_noisy_rate_full_tower_training_diagnostic_v001,counterpoint_symbolic_n3_small_v001-p001_over_018-schema0-trainrep0,counterpoint_symbolic_n3_small_v001-p001_over_018-schema0,counterpoint_symbolic_n3_small_v001,p001_over_018,0,seed-7fe8666539580bdb,0,0,31,1,1,1,1,True,at_selected,explore,0.23333333333333334,False,True,lift_failure,False,True
counterpoint_noisy_rate_full_tower_training_diagnostic_v001,counterpoint_symbolic_n3_small_v001-p001_over_018-schema0-trainrep0,counterpoint_symbolic_n3_small_v001-p001_over_018-schema0,counterpoint_symbolic_n3_small_v001,p001_over_018,0,seed-7fe8666539580bdb,0,0,32,1,1,1,1,True,at_selected,explore,0.2451612903225806,False,True,lift_failure,False,True
counterpoint_noisy_rate_full_tower_training_diagnostic_v001,counterpoint_symbolic_n3_small_v001-p001_over_018-schema0-trainrep0,counterpoint_symbolic_n3_small_v001-p001_over_018-schema0,counterpoint_symbolic_n3_small_v001,p001_over_018,0,seed-7fe8666539580bdb,0,0,33,1,1,1,1,True,at_selected,train,0.25625,True,True,,False,False
counterpoint_noisy_rate_full_tower_training_diagnostic_v001,counterpoint_symbolic_n3_small_v001-p001_over_018-schema0-trainrep0,counterpoint_symbolic_n3_small_v001-p001_over_018-schema0,counterpoint_symbolic_n3_small_v001,p001_over_018,0,seed-7fe8666539580bdb,0,0,34,1,1,1,1,True,at_selected,explore,0.23636363636363633,False,True,lift_failure,False,True
counterpoint_noisy_rate_full_tower_training_diagnostic_v001,counterpoint_symbolic_n3_small_v001-p001_over_018-schema0-trainrep0,counterpoint_symbolic_n3_small_v001-p001_over_018-schema0,counterpoint_symbolic_n3_small_v001,p001_over_018,0,seed-7fe8666539580bdb,0,0,35,1,1,1,1,True,at_selected,explore,0.24705882352941172,False,True,lift_failure,False,True
counterpoint_noisy_rate_full_tower_training_diagnostic_v001,counterpoint_symbolic_n3_small_v001-p001_over_018-schema0-trainrep0,counterpoint_symbolic_n3_small_v001-p001_over_018-schema0,counterpoint_symbolic_n3_small_v001,p001_over_018,0,seed-7fe8666539580bdb,0,0,36,1,1,1,1,True,at_selected,explore,0.2571428571428571,False,True,lift_failure,False,True
counterpoint_noisy_rate_full_tower_training_diagnostic_v001,counterpoint_symbolic_n3_small_v001-p001_over_018-schema0-trainrep0,counterpoint_symbolic_n3_small_v001-p001_over_018-schema0,counterpoint_symbolic_n3_small_v001,p001_over_018,0,seed-7fe8666539580bdb,0,0,37,1,1,1,1,True,at_selected,train,0.26666666666666666,True,True,,False,False
counterpoint_noisy_rate_full_tower_training_diagnostic_v001,counterpoint_symbolic_n3_small_v001-p001_over_018-schema0-trainrep0,counterpoint_symbolic_n3_small_v001-p001_over_018-schema0,counterpoint_symbolic_n3_small_v001,p001_over_018,0,seed-7fe8666539580bdb,0,0,38,1,1,1,1,True,at_selected,explore,0.2486486486486486,False,True,lift_failure,False,True
counterpoint_noisy_rate_full_tower_training_diagnostic_v001,counterpoint_symbolic_n3_small_v001-p001_over_018-schema0-trainrep0,counterpoint_symbolic_n3_small_v001-p001_over_018-schema0,counterpoint_symbolic_n3_small_v001,p001_over_018,0,seed-7fe8666539580bdb,0,0,39,1,1,1,1,True,at_selected,explore,0.25789473684210523,False,True,lift_failure,False,True
counterpoint_noisy_rate_full_tower_training_diagnostic_v001,counterpoint_symbolic_n3_small_v001-p001_over_018-schema0-trainrep0,counterpoint_symbolic_n3_small_v001-p001_over_018-schema0,counterpoint_symbolic_n3_small_v001,p001_over_018,0,seed-7fe8666539580bdb,0,0,40,1,1,1,1,True,at_selected,explore,0.26666666666666666,False,True,lift_failure,False,True
counterpoint_noisy_rate_full_tower_training_diagnostic_v001,counterpoint_symbolic_n3_small_v001-p001_over_018-schema0-trainrep0,counterpoint_symbolic_n3_small_v001-p001_over_018-schema0,counterpoint_symbolic_n3_small_v001,p001_over_018,0,seed-7fe8666539580bdb,0,0,41,1,1,1,1,True,at_selected,train,0.27499999999999997,True,True,,False,False
counterpoint_noisy_rate_full_tower_training_diagnostic_v001,counterpoint_symbolic_n3_small_v001-p001_over_018-schema0-trainrep0,counterpoint_symbolic_n3_small_v001-p001_over_018-schema0,counterpoint_symbolic_n3_small_v001,p001_over_018,0,seed-7fe8666539580bdb,0,0,42,1,1,1,1,True,at_selected,explore,0.2585365853658536,False,True,lift_failure,False,True
counterpoint_noisy_rate_full_tower_training_diagnostic_v001,counterpoint_symbolic_n3_small_v001-p001_over_018-schema0-trainrep0,counterpoint_symbolic_n3_small_v001-p001_over_018-schema0,counterpoint_symbolic_n3_small_v001,p001_over_018,0,seed-7fe8666539580bdb,0,0,43,1,1,1,1,True,at_selected,explore,0.26666666666666666,False,True,,True,True
counterpoint_noisy_rate_full_tower_training_diagnostic_v001,counterpoint_symbolic_n3_small_v001-p001_over_018-schema0-trainrep0,counterpoint_symbolic_n3_small_v001-p001_over_018-schema0,counterpoint_symbolic_n3_small_v001,p001_over_018,0,seed-7fe8666539580bdb,0,0,44,1,1,1,1,True,at_selected,explore,0.2511627906976744,False,True,lift_failure,False,True
counterpoint_noisy_rate_full_tower_training_diagnostic_v001,counterpoint_symbolic_n3_small_v001-p001_over_018-schema0-trainrep0,counterpoint_symbolic_n3_small_v001-p001_over_018-schema0,counterpoint_symbolic_n3_small_v001,p001_over_018,0,seed-7fe8666539580bdb,0,0,45,1,1,1,1,True,at_selected,train,0.2590909090909091,True,True,,False,False
counterpoint_noisy_rate_full_tower_training_diagnostic_v001,counterpoint_symbolic_n3_small_v001-p001_over_018-schema0-trainrep0,counterpoint_symbolic_n3_small_v001-p001_over_018-schema0,counterpoint_symbolic_n3_small_v001,p001_over_018,0,seed-7fe8666539580bdb,0,0,46,1,1,1,1,True,at_selected,explore,0.2444444444444444,False,True,,True,True
counterpoint_noisy_rate_full_tower_training_diagnostic_v001,counterpoint_symbolic_n3_small_v001-p001_over_018-schema0-trainrep0,counterpoint_symbolic_n3_small_v001-p001_over_018-schema0,counterpoint_symbolic_n3_small_v001,p001_over_018,0,seed-7fe8666539580bdb,0,0,47,1,1,1,1,True,at_selected,explore,0.23043478260869565,False,True,lift_failure,False,True
counterpoint_noisy_rate_full_tower_training_diagnostic_v001,counterpoint_symbolic_n3_small_v001-p001_over_018-schema0-trainrep0,counterpoint_symbolic_n3_small_v001-p001_over_018-schema0,counterpoint_symbolic_n3_small_v001,p001_over_018,0,seed-7fe8666539580bdb,0,0,48,1,1,1,1,True,at_selected,explore,0.2382978723404255,False,True,lift_failure,False,True
counterpoint_noisy_rate_full_tower_training_diagnostic_v001,counterpoint_symbolic_n3_small_v001-p001_over_018-schema0-trainrep0,counterpoint_symbolic_n3_small_v001-p001_over_018-schema0,counterpoint_symbolic_n3_small_v001,p001_over_018,0,seed-7fe8666539580bdb,0,0,49,1,1,1,1,True,at_selected,train,0.2458333333333333,True,True,,False,False
counterpoint_noisy_rate_full_tower_training_diagnostic_v001,counterpoint_symbolic_n3_small_v001-p001_over_018-schema0-trainrep0,counterpoint_symbolic_n3_small_v001-p001_over_018-schema0,counterpoint_symbolic_n3_small_v001,p001_over_018,0,seed-7fe8666539580bdb,0,0,50,1,1,1,1,True,at_selected,explore,0.23265306122448975,False,True,lift_failure,False,True
counterpoint_noisy_rate_full_tower_training_diagnostic_v001,counterpoint_symbolic_n3_small_v001-p001_over_018-schema0-trainrep0,counterpoint_symbolic_n3_small_v001-p001_over_018-schema0,counterpoint_symbolic_n3_small_v001,p001_over_018,0,seed-7fe8666539580bdb,0,0,51,1,1,1,1,True,at_selected,explore,0.24,False,True,lift_failure,False,True
counterpoint_noisy_rate_full_tower_training_diagnostic_v001,counterpoint_symbolic_n3_small_v001-p001_over_018-schema0-trainrep0,counterpoint_symbolic_n3_small_v001-p001_over_018-schema0,counterpoint_symbolic_n3_small_v001,p001_over_018,0,seed-7fe8666539580bdb,0,0,52,1,1,1,1,True,at_selected,explore,0.24705882352941172,False,True,lift_failure,False,True
counterpoint_noisy_rate_full_tower_training_diagnostic_v001,counterpoint_symbolic_n3_small_v001-p001_over_018-schema0-trainrep0,counterpoint_symbolic_n3_small_v001-p001_over_018-schema0,counterpoint_symbolic_n3_small_v001,p001_over_018,0,seed-7fe8666539580bdb,0,0,53,1,1,1,1,True,at_selected,train,0.25384615384615383,True,True,,False,False
counterpoint_noisy_rate_full_tower_training_diagnostic_v001,counterpoint_symbolic_n3_small_v001-p001_over_018-schema0-trainrep0,counterpoint_symbolic_n3_small_v001-p001_over_018-schema0,counterpoint_symbolic_n3_small_v001,p001_over_018,0,seed-7fe8666539580bdb,0,0,54,1,1,1,1,True,at_selected,explore,0.24150943396226415,False,True,lift_failure,False,True
counterpoint_noisy_rate_full_tower_training_diagnostic_v001,counterpoint_symbolic_n3_small_v001-p001_over_018-schema0-trainrep0,counterpoint_symbolic_n3_small_v001-p001_over_018-schema0,counterpoint_symbolic_n3_small_v001,p001_over_018,0,seed-7fe8666539580bdb,0,0,55,1,1,1,1,True,at_selected,explore,0.24814814814814812,False,True,,True,True
counterpoint_noisy_rate_full_tower_training_diagnostic_v001,counterpoint_symbolic_n3_small_v001-p001_over_018-schema0-trainrep0,counterpoint_symbolic_n3_small_v001-p001_over_018-schema0,counterpoint_symbolic_n3_small_v001,p001_over_018,0,seed-7fe8666539580bdb,0,0,56,1,1,1,1,True,at_selected,explore,0.23636363636363633,False,True,lift_failure,False,True
counterpoint_noisy_rate_full_tower_training_diagnostic_v001,counterpoint_symbolic_n3_small_v001-p001_over_018-schema0-trainrep0,counterpoint_symbolic_n3_small_v001-p001_over_018-schema0,counterpoint_symbolic_n3_small_v001,p001_over_018,0,seed-7fe8666539580bdb,0,0,57,1,1,1,1,True,at_selected,train,0.24285714285714283,True,True,,False,False
counterpoint_noisy_rate_full_tower_training_diagnostic_v001,counterpoint_symbolic_n3_small_v001-p001_over_018-schema0-trainrep0,counterpoint_symbolic_n3_small_v001-p001_over_018-schema0,counterpoint_symbolic_n3_small_v001,p001_over_018,0,seed-7fe8666539580bdb,0,0,58,1,1,1,1,True,at_selected,explore,0.23157894736842105,False,True,lift_failure,False,True
counterpoint_noisy_rate_full_tower_training_diagnostic_v001,counterpoint_symbolic_n3_small_v001-p001_over_018-schema0-trainrep0,counterpoint_symbolic_n3_small_v001-p001_over_018-schema0,counterpoint_symbolic_n3_small_v001,p001_over_018,0,seed-7fe8666539580bdb,0,0,59,1,1,1,1,True,at_selected,explore,0.2379310344827586,False,True,lift_failure,False,True
counterpoint_noisy_rate_full_tower_training_diagnostic_v001,counterpoint_symbolic_n3_small_v001-p001_over_018-schema0-trainrep0,counterpoint_symbolic_n3_small_v001-p001_over_018-schema0,counterpoint_symbolic_n3_small_v001,p001_over_018,0,seed-7fe8666539580bdb,0,0,60,1,1,1,1,True,at_selected,explore,0.24406779661016947,False,True,lift_failure,False,True
counterpoint_noisy_rate_full_tower_training_diagnostic_v001,counterpoint_symbolic_n3_small_v001-p001_over_018-schema0-trainrep0,counterpoint_symbolic_n3_small_v001-p001_over_018-schema0,counterpoint_symbolic_n3_small_v001,p001_over_018,0,seed-7fe8666539580bdb,0,0,61,1,1,1,1,True,at_selected,train,0.25,True,True,,False,False
counterpoint_noisy_rate_full_tower_training_diagnostic_v001,counterpoint_symbolic_n3_small_v001-p001_over_018-schema0-trainrep0,counterpoint_symbolic_n3_small_v001-p001_over_018-schema0,counterpoint_symbolic_n3_small_v001,p001_over_018,0,seed-7fe8666539580bdb,0,0,62,1,1,1,1,True,at_selected,explore,0.23934426229508193,False,True,lift_failure,False,True
counterpoint_noisy_rate_full_tower_training_diagnostic_v001,counterpoint_symbolic_n3_small_v001-p001_over_018-schema0-trainrep0,counterpoint_symbolic_n3_small_v001-p001_over_018-schema0,counterpoint_symbolic_n3_small_v001,p001_over_018,0,seed-7fe8666539580bdb,0,0,63,1,1,1,1,True,at_selected,explore,0.2451612903225806,False,True,lift_failure,False,True
counterpoint_noisy_rate_full_tower_training_diagnostic_v001,counterpoint_symbolic_n3_small_v001-p001_over_018-schema0-trainrep0,counterpoint_symbolic_n3_small_v001-p001_over_018-schema0,counterpoint_symbolic_n3_small_v001,p001_over_018,0,seed-7fe8666539580bdb,0,1,0,0,1,1,1,True,descend,descend,1.0,False,True,,False,False
counterpoint_noisy_rate_full_tower_training_diagnostic_v001,counterpoint_symbolic_n3_small_v001-p001_over_018-schema0-trainrep0,counterpoint_symbolic_n3_small_v001-p001_over_018-schema0,counterpoint_symbolic_n3_small_v001,p001_over_018,0,seed-7fe8666539580bdb,0,1,1,1,1,1,1,True,at_selected,explore,1.0,False,True,lift_failure,False,True
counterpoint_noisy_rate_full_tower_training_diagnostic_v001,counterpoint_symbolic_n3_small_v001-p001_over_018-schema0-trainrep0,counterpoint_symbolic_n3_small_v001-p001_over_018-schema0,counterpoint_symbolic_n3_small_v001,p001_over_018,0,seed-7fe8666539580bdb,0,1,2,1,1,1,1,True,at_selected,explore,0.8,False,True,lift_failure,False,True
counterpoint_noisy_rate_full_tower_training_diagnostic_v001,counterpoint_symbolic_n3_small_v001-p001_over_018-schema0-trainrep0,counterpoint_symbolic_n3_small_v001-p001_over_018-schema0,counterpoint_symbolic_n3_small_v001,p001_over_018,0,seed-7fe8666539580bdb,0,1,3,1,1,1,1,True,at_selected,explore,0.6,False,True,lift_failure,False,True
counterpoint_noisy_rate_full_tower_training_diagnostic_v001,counterpoint_symbolic_n3_small_v001-p001_over_018-schema0-trainrep0,counterpoint_symbolic_n3_small_v001-p001_over_018-schema0,counterpoint_symbolic_n3_small_v001,p001_over_018,0,seed-7fe8666539580bdb,0,1,4,1,1,1,1,True,at_selected,explore,0.6,False,True,lift_failure,False,True
counterpoint_noisy_rate_full_tower_training_diagnostic_v001,counterpoint_symbolic_n3_small_v001-p001_over_018-schema0-trainrep0,counterpoint_symbolic_n3_small_v001-p001_over_018-schema0,counterpoint_symbolic_n3_small_v001,p001_over_018,0,seed-7fe8666539580bdb,0,1,5,1,1,1,1,True,at_selected,train,0.6,True,True,,False,False
counterpoint_noisy_rate_full_tower_training_diagnostic_v001,counterpoint_symbolic_n3_small_v001-p001_over_018-schema0-trainrep0,counterpoint_symbolic_n3_small_v001-p001_over_018-schema0,counterpoint_symbolic_n3_small_v001,p001_over_018,0,seed-7fe8666539580bdb,0,1,6,1,1,1,1,True,at_selected,explore,0.39999999999999997,False,True,lift_failure,False,True
counterpoint_noisy_rate_full_tower_training_diagnostic_v001,counterpoint_symbolic_n3_small_v001-p001_over_018-schema0-trainrep0,counterpoint_symbolic_n3_small_v001-p001_over_018-schema0,counterpoint_symbolic_n3_small_v001,p001_over_018,0,seed-7fe8666539580bdb,0,1,7,1,1,1,1,True,at_selected,explore,0.43333333333333335,False,True,lift_failure,False,True
counterpoint_noisy_rate_full_tower_training_diagnostic_v001,counterpoint_symbolic_n3_small_v001-p001_over_018-schema0-trainrep0,counterpoint_symbolic_n3_small_v001-p001_over_018-schema0,counterpoint_symbolic_n3_small_v001,p001_over_018,0,seed-7fe8666539580bdb,0,1,8,1,1,1,1,True,at_selected,explore,0.45714285714285713,False,True,lift_failure,False,True
counterpoint_noisy_rate_full_tower_training_diagnostic_v001,counterpoint_symbolic_n3_small_v001-p001_over_018-schema0-trainrep0,counterpoint_symbolic_n3_small_v001-p001_over_018-schema0,counterpoint_symbolic_n3_small_v001,p001_over_018,0,seed-7fe8666539580bdb,0,1,9,1,1,1,1,True,at_selected,train,0.475,True,True,,False,False
counterpoint_noisy_rate_full_tower_training_diagnostic_v001,counterpoint_symbolic_n3_small_v001-p001_over_018-schema0-trainrep0,counterpoint_symbolic_n3_small_v001-p001_over_018-schema0,counterpoint_symbolic_n3_small_v001,p001_over_018,0,seed-7fe8666539580bdb,0,1,10,1,1,1,1,True,at_selected,explore,0.37777777777777777,False,True,lift_failure,False,True
counterpoint_noisy_rate_full_tower_training_diagnostic_v001,counterpoint_symbolic_n3_small_v001-p001_over_018-schema0-trainrep0,counterpoint_symbolic_n3_small_v001-p001_over_018-schema0,counterpoint_symbolic_n3_small_v001,p001_over_018,0,seed-7fe8666539580bdb,0,1,11,1,1,1,1,True,at_selected,explore,0.39999999999999997,False,True,lift_failure,False,True
counterpoint_noisy_rate_full_tower_training_diagnostic_v001,counterpoint_symbolic_n3_small_v001-p001_over_018-schema0-trainrep0,counterpoint_symbolic_n3_small_v001-p001_over_018-schema0,counterpoint_symbolic_n3_small_v001,p001_over_018,0,seed-7fe8666539580bdb,0,1,12,1,1,1,1,True,at_selected,explore,0.41818181818181815,False,True,lift_failure,False,True
counterpoint_noisy_rate_full_tower_training_diagnostic_v001,counterpoint_symbolic_n3_small_v001-p001_over_018-schema0-trainrep0,counterpoint_symbolic_n3_small_v001-p001_over_018-schema0,counterpoint_symbolic_n3_small_v001,p001_over_018,0,seed-7fe8666539580bdb,0,1,13,1,1,1,1,True,at_selected,train,0.43333333333333335,True,True,,False,False
counterpoint_noisy_rate_full_tower_training_diagnostic_v001,counterpoint_symbolic_n3_small_v001-p001_over_018-schema0-trainrep0,counterpoint_symbolic_n3_small_v001-p001_over_018-schema0,counterpoint_symbolic_n3_small_v001,p001_over_018,0,seed-7fe8666539580bdb,0,1,14,1,1,1,1,True,at_selected,explore,0.3692307692307692,False,True,lift_failure,False,True
counterpoint_noisy_rate_full_tower_training_diagnostic_v001,counterpoint_symbolic_n3_small_v001-p001_over_018-schema0-trainrep0,counterpoint_symbolic_n3_small_v001-p001_over_018-schema0,counterpoint_symbolic_n3_small_v001,p001_over_018,0,seed-7fe8666539580bdb,0,1,15,1,1,1,1,True,at_selected,explore,0.3857142857142857,False,True,lift_failure,False,True
counterpoint_noisy_rate_full_tower_training_diagnostic_v001,counterpoint_symbolic_n3_small_v001-p001_over_018-schema0-trainrep0,counterpoint_symbolic_n3_small_v001-p001_over_018-schema0,counterpoint_symbolic_n3_small_v001,p001_over_018,0,seed-7fe8666539580bdb,0,1,16,1,1,1,1,True,at_selected,explore,0.39999999999999997,False,True,,True,True
counterpoint_noisy_rate_full_tower_training_diagnostic_v001,counterpoint_symbolic_n3_small_v001-p001_over_018-schema0-trainrep0,counterpoint_symbolic_n3_small_v001-p001_over_018-schema0,counterpoint_symbolic_n3_small_v001,p001_over_018,0,seed-7fe8666539580bdb,0,1,17,1,1,1,1,True,at_selected,train,0.35,True,True,,False,False
counterpoint_noisy_rate_full_tower_training_diagnostic_v001,counterpoint_symbolic_n3_small_v001-p001_over_018-schema0-trainrep0,counterpoint_symbolic_n3_small_v001-p001_over_018-schema0,counterpoint_symbolic_n3_small_v001,p001_over_018,0,seed-7fe8666539580bdb,0,1,18,1,1,1,1,True,at_selected,explore,0.30588235294117644,False,True,,True,True
counterpoint_noisy_rate_full_tower_training_diagnostic_v001,counterpoint_symbolic_n3_small_v001-p001_over_018-schema0-trainrep0,counterpoint_symbolic_n3_small_v001-p001_over_018-schema0,counterpoint_symbolic_n3_small_v001,p001_over_018,0,seed-7fe8666539580bdb,0,1,19,1,1,1,1,True,at_selected,explore,0.26666666666666666,False,True,lift_failure,False,True
counterpoint_noisy_rate_full_tower_training_diagnostic_v001,counterpoint_symbolic_n3_small_v001-p001_over_018-schema0-trainrep0,counterpoint_symbolic_n3_small_v001-p001_over_018-schema0,counterpoint_symbolic_n3_small_v001,p001_over_018,0,seed-7fe8666539580bdb,0,1,20,1,1,1,1,True,at_selected,explore,0.28421052631578947,False,True,lift_failure,False,True
counterpoint_noisy_rate_full_tower_training_diagnostic_v001,counterpoint_symbolic_n3_small_v001-p001_over_018-schema0-trainrep0,counterpoint_symbolic_n3_small_v001-p001_over_018-schema0,counterpoint_symbolic_n3_small_v001,p001_over_018,0,seed-7fe8666539580bdb,0,1,21,1,1,1,1,True,at_selected,train,0.3,True,True,,False,False
counterpoint_noisy_rate_full_tower_training_diagnostic_v001,counterpoint_symbolic_n3_small_v001-p001_over_018-schema0-trainrep0,counterpoint_symbolic_n3_small_v001-p001_over_018-schema0,counterpoint_symbolic_n3_small_v001,p001_over_018,0,seed-7fe8666539580bdb,0,1,22,1,1,1,1,True,at_selected,explore,0.26666666666666666,False,True,lift_failure,False,True
counterpoint_noisy_rate_full_tower_training_diagnostic_v001,counterpoint_symbolic_n3_small_v001-p001_over_018-schema0-trainrep0,counterpoint_symbolic_n3_small_v001-p001_over_018-schema0,counterpoint_symbolic_n3_small_v001,p001_over_018,0,seed-7fe8666539580bdb,0,1,23,1,1,1,1,True,at_selected,explore,0.2818181818181818,False,True,lift_failure,False,True
counterpoint_noisy_rate_full_tower_training_diagnostic_v001,counterpoint_symbolic_n3_small_v001-p001_over_018-schema0-trainrep0,counterpoint_symbolic_n3_small_v001-p001_over_018-schema0,counterpoint_symbolic_n3_small_v001,p001_over_018,0,seed-7fe8666539580bdb,0,1,24,1,1,1,1,True,at_selected,explore,0.29565217391304344,False,True,lift_failure,False,True
counterpoint_noisy_rate_full_tower_training_diagnostic_v001,counterpoint_symbolic_n3_small_v001-p001_over_018-schema0-trainrep0,counterpoint_symbolic_n3_small_v001-p001_over_018-schema0,counterpoint_symbolic_n3_small_v001,p001_over_018,0,seed-7fe8666539580bdb,0,1,25,1,1,1,1,True,at_selected,train,0.3083333333333333,True,True,,False,False
counterpoint_noisy_rate_full_tower_training_diagnostic_v001,counterpoint_symbolic_n3_small_v001-p001_over_018-schema0-trainrep0,counterpoint_symbolic_n3_small_v001-p001_over_018-schema0,counterpoint_symbolic_n3_small_v001,p001_over_018,0,seed-7fe8666539580bdb,0,1,26,1,1,1,1,True,at_selected,explore,0.27999999999999997,False,True,lift_failure,False,True
counterpoint_noisy_rate_full_tower_training_diagnostic_v001,counterpoint_symbolic_n3_small_v001-p001_over_018-schema0-trainrep0,counterpoint_symbolic_n3_small_v001-p001_over_018-schema0,counterpoint_symbolic_n3_small_v001,p001_over_018,0,seed-7fe8666539580bdb,0,1,27,1,1,1,1,True,at_selected,explore,0.29230769230769227,False,True,lift_failure,False,True
counterpoint_noisy_rate_full_tower_training_diagnostic_v001,counterpoint_symbolic_n3_small_v001-p001_over_018-schema0-trainrep0,counterpoint_symbolic_n3_small_v001-p001_over_018-schema0,counterpoint_symbolic_n3_small_v001,p001_over_018,0,seed-7fe8666539580bdb,0,1,28,1,1,1,1,True,at_selected,explore,0.3037037037037037,False,True,lift_failure,False,True
counterpoint_noisy_rate_full_tower_training_diagnostic_v001,counterpoint_symbolic_n3_small_v001-p001_over_018-schema0-trainrep0,counterpoint_symbolic_n3_small_v001-p001_over_018-schema0,counterpoint_symbolic_n3_small_v001,p001_over_018,0,seed-7fe8666539580bdb,0,1,29,1,1,1,1,True,at_selected,train,0.3142857142857143,True,True,,False,False
counterpoint_noisy_rate_full_tower_training_diagnostic_v001,counterpoint_symbolic_n3_small_v001-p001_over_018-schema0-trainrep0,counterpoint_symbolic_n3_small_v001-p001_over_018-schema0,counterpoint_symbolic_n3_small_v001,p001_over_018,0,seed-7fe8666539580bdb,0,1,30,1,1,1,1,True,at_selected,explore,0.28965517241379307,False,True,lift_failure,False,True
counterpoint_noisy_rate_full_tower_training_diagnostic_v001,counterpoint_symbolic_n3_small_v001-p001_over_018-schema0-trainrep0,counterpoint_symbolic_n3_small_v001-p001_over_018-schema0,counterpoint_symbolic_n3_small_v001,p001_over_018,0,seed-7fe8666539580bdb,0,1,31,1,1,1,1,True,at_selected,explore,0.3,False,True,lift_failure,False,True
counterpoint_noisy_rate_full_tower_training_diagnostic_v001,counterpoint_symbolic_n3_small_v001-p001_over_018-schema0-trainrep0,counterpoint_symbolic_n3_small_v001-p001_over_018-schema0,counterpoint_symbolic_n3_small_v001,p001_over_018,0,seed-7fe8666539580bdb,0,1,32,1,1,1,1,True,at_selected,explore,0.30967741935483867,False,True,lift_failure,False,True
counterpoint_noisy_rate_full_tower_training_diagnostic_v001,counterpoint_symbolic_n3_small_v001-p001_over_018-schema0-trainrep0,counterpoint_symbolic_n3_small_v001-p001_over_018-schema0,counterpoint_symbolic_n3_small_v001,p001_over_018,0,seed-7fe8666539580bdb,0,1,33,1,1,1,1,True,at_selected,train,0.31875,True,True,,False,False
counterpoint_noisy_rate_full_tower_training_diagnostic_v001,counterpoint_symbolic_n3_small_v001-p001_over_018-schema0-trainrep0,counterpoint_symbolic_n3_small_v001-p001_over_018-schema0,counterpoint_symbolic_n3_small_v001,p001_over_018,0,seed-7fe8666539580bdb,0,1,34,1,1,1,1,True,at_selected,explore,0.29696969696969694,False,True,lift_failure,False,True
counterpoint_noisy_rate_full_tower_training_diagnostic_v001,counterpoint_symbolic_n3_small_v001-p001_over_018-schema0-trainrep0,counterpoint_symbolic_n3_small_v001-p001_over_018-schema0,counterpoint_symbolic_n3_small_v001,p001_over_018,0,seed-7fe8666539580bdb,0,1,35,1,1,1,1,True,at_selected,explore,0.30588235294117644,False,True,lift_failure,False,True
counterpoint_noisy_rate_full_tower_training_diagnostic_v001,counterpoint_symbolic_n3_small_v001-p001_over_018-schema0-trainrep0,counterpoint_symbolic_n3_small_v001-p001_over_018-schema0,counterpoint_symbolic_n3_small_v001,p001_over_018,0,seed-7fe8666539580bdb,0,1,36,1,1,1,1,True,at_selected,explore,0.3142857142857143,False,True,,True,True
counterpoint_noisy_rate_full_tower_training_diagnostic_v001,counterpoint_symbolic_n3_small_v001-p001_over_018-schema0-trainrep0,counterpoint_symbolic_n3_small_v001-p001_over_018-schema0,counterpoint_symbolic_n3_small_v001,p001_over_018,0,seed-7fe8666539580bdb,0,1,37,1,1,1,1,True,at_selected,train,0.2944444444444444,True,True,,False,False
counterpoint_noisy_rate_full_tower_training_diagnostic_v001,counterpoint_symbolic_n3_small_v001-p001_over_018-schema0-trainrep0,counterpoint_symbolic_n3_small_v001-p001_over_018-schema0,counterpoint_symbolic_n3_small_v001,p001_over_018,0,seed-7fe8666539580bdb,0,1,38,1,1,1,1,True,at_selected,explore,0.27567567567567564,False,True,,True,True
counterpoint_noisy_rate_full_tower_training_diagnostic_v001,counterpoint_symbolic_n3_small_v001-p001_over_018-schema0-trainrep0,counterpoint_symbolic_n3_small_v001-p001_over_018-schema0,counterpoint_symbolic_n3_small_v001,p001_over_018,0,seed-7fe8666539580bdb,0,1,39,1,1,1,1,True,at_selected,explore,0.25789473684210523,False,True,lift_failure,False,True
counterpoint_noisy_rate_full_tower_training_diagnostic_v001,counterpoint_symbolic_n3_small_v001-p001_over_018-schema0-trainrep0,counterpoint_symbolic_n3_small_v001-p001_over_018-schema0,counterpoint_symbolic_n3_small_v001,p001_over_018,0,seed-7fe8666539580bdb,0,1,40,1,1,1,1,True,at_selected,explore,0.26666666666666666,False,True,lift_failure,False,True
counterpoint_noisy_rate_full_tower_training_diagnostic_v001,counterpoint_symbolic_n3_small_v001-p001_over_018-schema0-trainrep0,counterpoint_symbolic_n3_small_v001-p001_over_018-schema0,counterpoint_symbolic_n3_small_v001,p001_over_018,0,seed-7fe8666539580bdb,0,1,41,1,1,1,1,True,at_selected,train,0.27499999999999997,True,True,,False,False
counterpoint_noisy_rate_full_tower_training_diagnostic_v001,counterpoint_symbolic_n3_small_v001-p001_over_018-schema0-trainrep0,counterpoint_symbolic_n3_small_v001-p001_over_018-schema0,counterpoint_symbolic_n3_small_v001,p001_over_018,0,seed-7fe8666539580bdb,0,1,42,1,1,1,1,True,at_selected,explore,0.2585365853658536,False,True,lift_failure,False,True
counterpoint_noisy_rate_full_tower_training_diagnostic_v001,counterpoint_symbolic_n3_small_v001-p001_over_018-schema0-trainrep0,counterpoint_symbolic_n3_small_v001-p001_over_018-schema0,counterpoint_symbolic_n3_small_v001,p001_over_018,0,seed-7fe8666539580bdb,0,1,43,1,1,1,1,True,at_selected,explore,0.26666666666666666,False,True,lift_failure,False,True
counterpoint_noisy_rate_full_tower_training_diagnostic_v001,counterpoint_symbolic_n3_small_v001-p001_over_018-schema0-trainrep0,counterpoint_symbolic_n3_small_v001-p001_over_018-schema0,counterpoint_symbolic_n3_small_v001,p001_over_018,0,seed-7fe8666539580bdb,0,1,44,1,1,1,1,True,at_selected,explore,0.27441860465116275,False,True,,True,True
counterpoint_noisy_rate_full_tower_training_diagnostic_v001,counterpoint_symbolic_n3_small_v001-p001_over_018-schema0-trainrep0,counterpoint_symbolic_n3_small_v001-p001_over_018-schema0,counterpoint_symbolic_n3_small_v001,p001_over_018,0,seed-7fe8666539580bdb,0,1,45,1,1,1,1,True,at_selected,train,0.2590909090909091,True,True,,False,False
counterpoint_noisy_rate_full_tower_training_diagnostic_v001,counterpoint_symbolic_n3_small_v001-p001_over_018-schema0-trainrep0,counterpoint_symbolic_n3_small_v001-p001_over_018-schema0,counterpoint_symbolic_n3_small_v001,p001_over_018,0,seed-7fe8666539580bdb,0,1,46,1,1,1,1,True,at_selected,explore,0.2444444444444444,False,True,,True,True
counterpoint_noisy_rate_full_tower_training_diagnostic_v001,counterpoint_symbolic_n3_small_v001-p001_over_018-schema0-trainrep0,counterpoint_symbolic_n3_small_v001-p001_over_018-schema0,counterpoint_symbolic_n3_small_v001,p001_over_018,0,seed-7fe8666539580bdb,0,1,47,1,1,1,1,True,at_selected,explore,0.23043478260869565,False,True,,True,True
counterpoint_noisy_rate_full_tower_training_diagnostic_v001,counterpoint_symbolic_n3_small_v001-p001_over_018-schema0-trainrep0,counterpoint_symbolic_n3_small_v001-p001_over_018-schema0,counterpoint_symbolic_n3_small_v001,p001_over_018,0,seed-7fe8666539580bdb,0,1,48,1,1,1,1,True,at_selected,explore,0.21702127659574466,False,True,lift_failure,False,True
counterpoint_noisy_rate_full_tower_training_diagnostic_v001,counterpoint_symbolic_n3_small_v001-p001_over_018-schema0-trainrep0,counterpoint_symbolic_n3_small_v001-p001_over_018-schema0,counterpoint_symbolic_n3_small_v001,p001_over_018,0,seed-7fe8666539580bdb,0,1,49,1,1,1,1,True,at_selected,train,0.22499999999999998,True,True,,False,False
counterpoint_noisy_rate_full_tower_training_diagnostic_v001,counterpoint_symbolic_n3_small_v001-p001_over_018-schema0-trainrep0,counterpoint_symbolic_n3_small_v001-p001_over_018-schema0,counterpoint_symbolic_n3_small_v001,p001_over_018,0,seed-7fe8666539580bdb,0,1,50,1,1,1,1,True,at_selected,explore,0.21224489795918366,False,True,lift_failure,False,True
counterpoint_noisy_rate_full_tower_training_diagnostic_v001,counterpoint_symbolic_n3_small_v001-p001_over_018-schema0-trainrep0,counterpoint_symbolic_n3_small_v001-p001_over_018-schema0,counterpoint_symbolic_n3_small_v001,p001_over_018,0,seed-7fe8666539580bdb,0,1,51,1,1,1,1,True,at_selected,explore,0.21999999999999997,False,True,lift_failure,False,True
counterpoint_noisy_rate_full_tower_training_diagnostic_v001,counterpoint_symbolic_n3_small_v001-p001_over_018-schema0-trainrep0,counterpoint_symbolic_n3_small_v001-p001_over_018-schema0,counterpoint_symbolic_n3_small_v001,p001_over_018,0,seed-7fe8666539580bdb,0,1,52,1,1,1,1,True,at_selected,explore,0.22745098039215683,False,True,lift_failure,False,True
counterpoint_noisy_rate_full_tower_training_diagnostic_v001,counterpoint_symbolic_n3_small_v001-p001_over_018-schema0-trainrep0,counterpoint_symbolic_n3_small_v001-p001_over_018-schema0,counterpoint_symbolic_n3_small_v001,p001_over_018,0,seed-7fe8666539580bdb,0,1,53,1,1,1,1,True,at_selected,train,0.23461538461538461,True,True,,False,False
counterpoint_noisy_rate_full_tower_training_diagnostic_v001,counterpoint_symbolic_n3_small_v001-p001_over_018-schema0-trainrep0,counterpoint_symbolic_n3_small_v001-p001_over_018-schema0,counterpoint_symbolic_n3_small_v001,p001_over_018,0,seed-7fe8666539580bdb,0,1,54,1,1,1,1,True,at_selected,explore,0.22264150943396221,False,True,lift_failure,False,True
counterpoint_noisy_rate_full_tower_training_diagnostic_v001,counterpoint_symbolic_n3_small_v001-p001_over_018-schema0-trainrep0,counterpoint_symbolic_n3_small_v001-p001_over_018-schema0,counterpoint_symbolic_n3_small_v001,p001_over_018,0,seed-7fe8666539580bdb,0,1,55,1,1,1,1,True,at_selected,explore,0.22962962962962963,False,True,lift_failure,False,True
counterpoint_noisy_rate_full_tower_training_diagnostic_v001,counterpoint_symbolic_n3_small_v001-p001_over_018-schema0-trainrep0,counterpoint_symbolic_n3_small_v001-p001_over_018-schema0,counterpoint_symbolic_n3_small_v001,p001_over_018,0,seed-7fe8666539580bdb,0,1,56,1,1,1,1,True,at_selected,explore,0.23636363636363633,False,True,lift_failure,False,True
counterpoint_noisy_rate_full_tower_training_diagnostic_v001,counterpoint_symbolic_n3_small_v001-p001_over_018-schema0-trainrep0,counterpoint_symbolic_n3_small_v001-p001_over_018-schema0,counterpoint_symbolic_n3_small_v001,p001_over_018,0,seed-7fe8666539580bdb,0,1,57,1,1,1,1,True,at_selected,train,0.24285714285714283,True,True,,False,False
counterpoint_noisy_rate_full_tower_training_diagnostic_v001,counterpoint_symbolic_n3_small_v001-p001_over_018-schema0-trainrep0,counterpoint_symbolic_n3_small_v001-p001_over_018-schema0,counterpoint_symbolic_n3_small_v001,p001_over_018,0,seed-7fe8666539580bdb,0,1,58,1,1,1,1,True,at_selected,explore,0.23157894736842105,False,True,lift_failure,False,True
counterpoint_noisy_rate_full_tower_training_diagnostic_v001,counterpoint_symbolic_n3_small_v001-p001_over_018-schema0-trainrep0,counterpoint_symbolic_n3_small_v001-p001_over_018-schema0,counterpoint_symbolic_n3_small_v001,p001_over_018,0,seed-7fe8666539580bdb,0,1,59,1,1,1,1,True,at_selected,explore,0.2379310344827586,False,True,lift_failure,False,True
counterpoint_noisy_rate_full_tower_training_diagnostic_v001,counterpoint_symbolic_n3_small_v001-p001_over_018-schema0-trainrep0,counterpoint_symbolic_n3_small_v001-p001_over_018-schema0,counterpoint_symbolic_n3_small_v001,p001_over_018,0,seed-7fe8666539580bdb,0,1,60,1,1,1,1,True,at_selected,explore,0.24406779661016947,False,True,lift_failure,False,True
counterpoint_noisy_rate_full_tower_training_diagnostic_v001,counterpoint_symbolic_n3_small_v001-p001_over_018-schema0-trainrep0,counterpoint_symbolic_n3_small_v001-p001_over_018-schema0,counterpoint_symbolic_n3_small_v001,p001_over_018,0,seed-7fe8666539580bdb,0,1,61,1,1,1,1,True,at_selected,train,0.25,True,True,,False,False
counterpoint_noisy_rate_full_tower_training_diagnostic_v001,counterpoint_symbolic_n3_small_v001-p001_over_018-schema0-trainrep0,counterpoint_symbolic_n3_small_v001-p001_over_018-schema0,counterpoint_symbolic_n3_small_v001,p001_over_018,0,seed-7fe8666539580bdb,0,1,62,1,1,1,1,True,at_selected,explore,0.23934426229508193,False,True,lift_failure,False,True
counterpoint_noisy_rate_full_tower_training_diagnostic_v001,counterpoint_symbolic_n3_small_v001-p001_over_018-schema0-trainrep0,counterpoint_symbolic_n3_small_v001-p001_over_018-schema0,counterpoint_symbolic_n3_small_v001,p001_over_018,0,seed-7fe8666539580bdb,0,1,63,1,1,1,1,True,at_selected,explore,0.2451612903225806,False,True,lift_failure,False,True
counterpoint_noisy_rate_full_tower_training_diagnostic_v001,counterpoint_symbolic_n3_small_v001-p001_over_018-schema0-trainrep0,counterpoint_symbolic_n3_small_v001-p001_over_018-schema0,counterpoint_symbolic_n3_small_v001,p001_over_018,0,seed-7fe8666539580bdb,0,2,0,0,1,1,1,True,descend,descend,1.0,False,True,,False,False
counterpoint_noisy_rate_full_tower_training_diagnostic_v001,counterpoint_symbolic_n3_small_v001-p001_over_018-schema0-trainrep0,counterpoint_symbolic_n3_small_v001-p001_over_018-schema0,counterpoint_symbolic_n3_small_v001,p001_over_018,0,seed-7fe8666539580bdb,0,2,1,1,1,1,1,True,at_selected,explore,1.0,False,True,,True,True
counterpoint_noisy_rate_full_tower_training_diagnostic_v001,counterpoint_symbolic_n3_small_v001-p001_over_018-schema0-trainrep0,counterpoint_symbolic_n3_small_v001-p001_over_018-schema0,counterpoint_symbolic_n3_small_v001,p001_over_018,0,seed-7fe8666539580bdb,0,2,2,1,1,1,1,True,at_selected,explore,0.8,False,True,,True,True
counterpoint_noisy_rate_full_tower_training_diagnostic_v001,counterpoint_symbolic_n3_small_v001-p001_over_018-schema0-trainrep0,counterpoint_symbolic_n3_small_v001-p001_over_018-schema0,counterpoint_symbolic_n3_small_v001,p001_over_018,0,seed-7fe8666539580bdb,0,2,3,1,1,1,1,True,at_selected,explore,0.6,False,True,,True,True
counterpoint_noisy_rate_full_tower_training_diagnostic_v001,counterpoint_symbolic_n3_small_v001-p001_over_018-schema0-trainrep0,counterpoint_symbolic_n3_small_v001-p001_over_018-schema0,counterpoint_symbolic_n3_small_v001,p001_over_018,0,seed-7fe8666539580bdb,0,2,4,1,1,1,1,True,at_selected,explore,0.4,False,True,lift_failure,False,True
counterpoint_noisy_rate_full_tower_training_diagnostic_v001,counterpoint_symbolic_n3_small_v001-p001_over_018-schema0-trainrep0,counterpoint_symbolic_n3_small_v001-p001_over_018-schema0,counterpoint_symbolic_n3_small_v001,p001_over_018,0,seed-7fe8666539580bdb,0,2,5,1,1,1,1,True,at_selected,train,0.2,True,True,,False,False
counterpoint_noisy_rate_full_tower_training_diagnostic_v001,counterpoint_symbolic_n3_small_v001-p001_over_018-schema0-trainrep0,counterpoint_symbolic_n3_small_v001-p001_over_018-schema0,counterpoint_symbolic_n3_small_v001,p001_over_018,0,seed-7fe8666539580bdb,0,2,6,1,1,1,1,True,at_selected,exploit_execute,0.2,False,True,lift_failure,False,True
counterpoint_noisy_rate_full_tower_training_diagnostic_v001,counterpoint_symbolic_n3_small_v001-p001_over_018-schema0-trainrep0,counterpoint_symbolic_n3_small_v001-p001_over_018-schema0,counterpoint_symbolic_n3_small_v001,p001_over_018,0,seed-7fe8666539580bdb,0,2,7,1,0,1,0,True,lift,lift,0.2,False,True,,False,False
counterpoint_noisy_rate_full_tower_training_diagnostic_v001,counterpoint_symbolic_n3_small_v001-p001_over_018-schema0-trainrep0,counterpoint_symbolic_n3_small_v001-p001_over_018-schema0,counterpoint_symbolic_n3_small_v001,p001_over_018,0,seed-7fe8666539580bdb,0,2,8,0,0,1,0,True,at_selected,explore,1.0,False,True,,True,True
counterpoint_noisy_rate_full_tower_training_diagnostic_v001,counterpoint_symbolic_n3_small_v001-p001_over_018-schema0-trainrep0,counterpoint_symbolic_n3_small_v001-p001_over_018-schema0,counterpoint_symbolic_n3_small_v001,p001_over_018,0,seed-7fe8666539580bdb,0,2,9,0,0,1,0,True,at_selected,explore,0.8,False,True,,True,True
counterpoint_noisy_rate_full_tower_training_diagnostic_v001,counterpoint_symbolic_n3_small_v001-p001_over_018-schema0-trainrep0,counterpoint_symbolic_n3_small_v001-p001_over_018-schema0,counterpoint_symbolic_n3_small_v001,p001_over_018,0,seed-7fe8666539580bdb,0,2,10,0,0,1,0,True,at_selected,train,0.6,True,True,,False,False
counterpoint_noisy_rate_full_tower_training_diagnostic_v001,counterpoint_symbolic_n3_small_v001-p001_over_018-schema0-trainrep0,counterpoint_symbolic_n3_small_v001-p001_over_018-schema0,counterpoint_symbolic_n3_small_v001,p001_over_018,0,seed-7fe8666539580bdb,0,2,11,0,0,1,0,True,at_selected,explore,0.6,False,True,,True,True
counterpoint_noisy_rate_full_tower_training_diagnostic_v001,counterpoint_symbolic_n3_small_v001-p001_over_018-schema0-trainrep0,counterpoint_symbolic_n3_small_v001-p001_over_018-schema0,counterpoint_symbolic_n3_small_v001,p001_over_018,0,seed-7fe8666539580bdb,0,2,12,0,0,1,0,True,at_selected,explore,0.4,False,True,,True,True
counterpoint_noisy_rate_full_tower_training_diagnostic_v001,counterpoint_symbolic_n3_small_v001-p001_over_018-schema0-trainrep0,counterpoint_symbolic_n3_small_v001-p001_over_018-schema0,counterpoint_symbolic_n3_small_v001,p001_over_018,0,seed-7fe8666539580bdb,0,2,13,0,0,1,0,True,at_selected,exploit_execute,0.2,False,True,,True,True
counterpoint_noisy_rate_full_tower_training_diagnostic_v001,counterpoint_symbolic_n3_small_v001-p001_over_018-schema0-trainrep0,counterpoint_symbolic_n3_small_v001-p001_over_018-schema0,counterpoint_symbolic_n3_small_v001,p001_over_018,0,seed-7fe8666539580bdb,0,3,0,0,1,1,1,True,descend,descend,1.0,False,True,,False,False
counterpoint_noisy_rate_full_tower_training_diagnostic_v001,counterpoint_symbolic_n3_small_v001-p001_over_018-schema0-trainrep0,counterpoint_symbolic_n3_small_v001-p001_over_018-schema0,counterpoint_symbolic_n3_small_v001,p001_over_018,0,seed-7fe8666539580bdb,0,3,1,1,1,1,1,True,at_selected,explore,1.0,False,True,lift_failure,False,True
counterpoint_noisy_rate_full_tower_training_diagnostic_v001,counterpoint_symbolic_n3_small_v001-p001_over_018-schema0-trainrep0,counterpoint_symbolic_n3_small_v001-p001_over_018-schema0,counterpoint_symbolic_n3_small_v001,p001_over_018,0,seed-7fe8666539580bdb,0,3,2,1,1,1,1,True,at_selected,explore,0.8,False,True,,True,True
counterpoint_noisy_rate_full_tower_training_diagnostic_v001,counterpoint_symbolic_n3_small_v001-p001_over_018-schema0-trainrep0,counterpoint_symbolic_n3_small_v001-p001_over_018-schema0,counterpoint_symbolic_n3_small_v001,p001_over_018,0,seed-7fe8666539580bdb,0,3,3,1,1,1,1,True,at_selected,explore,0.6,False,True,,True,True
counterpoint_noisy_rate_full_tower_training_diagnostic_v001,counterpoint_symbolic_n3_small_v001-p001_over_018-schema0-trainrep0,counterpoint_symbolic_n3_small_v001-p001_over_018-schema0,counterpoint_symbolic_n3_small_v001,p001_over_018,0,seed-7fe8666539580bdb,0,3,4,1,1,1,1,True,at_selected,explore,0.4,False,True,,True,True
counterpoint_noisy_rate_full_tower_training_diagnostic_v001,counterpoint_symbolic_n3_small_v001-p001_over_018-schema0-trainrep0,counterpoint_symbolic_n3_small_v001-p001_over_018-schema0,counterpoint_symbolic_n3_small_v001,p001_over_018,0,seed-7fe8666539580bdb,0,3,5,1,1,1,1,True,at_selected,train,0.2,True,True,,False,False
counterpoint_noisy_rate_full_tower_training_diagnostic_v001,counterpoint_symbolic_n3_small_v001-p001_over_018-schema0-trainrep0,counterpoint_symbolic_n3_small_v001-p001_over_018-schema0,counterpoint_symbolic_n3_small_v001,p001_over_018,0,seed-7fe8666539580bdb,0,3,6,1,1,1,1,True,at_selected,explore,0.5092777777777777,False,True,lift_failure,False,True
counterpoint_noisy_rate_full_tower_training_diagnostic_v001,counterpoint_symbolic_n3_small_v001-p001_over_018-schema0-trainrep0,counterpoint_symbolic_n3_small_v001-p001_over_018-schema0,counterpoint_symbolic_n3_small_v001,p001_over_018,0,seed-7fe8666539580bdb,0,3,7,1,1,1,1,True,at_selected,exploit_execute,0.2,False,True,lift_failure,False,True
counterpoint_noisy_rate_full_tower_training_diagnostic_v001,counterpoint_symbolic_n3_small_v001-p001_over_018-schema0-trainrep0,counterpoint_symbolic_n3_small_v001-p001_over_018-schema0,counterpoint_symbolic_n3_small_v001,p001_over_018,0,seed-7fe8666539580bdb,0,3,8,1,1,1,1,True,at_selected,exploit_execute,0.2,False,True,lift_failure,False,True
counterpoint_noisy_rate_full_tower_training_diagnostic_v001,counterpoint_symbolic_n3_small_v001-p001_over_018-schema0-trainrep0,counterpoint_symbolic_n3_small_v001-p001_over_018-schema0,counterpoint_symbolic_n3_small_v001,p001_over_018,0,seed-7fe8666539580bdb,0,3,9,1,1,1,1,True,at_selected,train,0.2,True,True,,False,False
counterpoint_noisy_rate_full_tower_training_diagnostic_v001,counterpoint_symbolic_n3_small_v001-p001_over_018-schema0-trainrep0,counterpoint_symbolic_n3_small_v001-p001_over_018-schema0,counterpoint_symbolic_n3_small_v001,p001_over_018,0,seed-7fe8666539580bdb,0,3,10,1,1,1,1,True,at_selected,exploit_execute,0.2,False,True,lift_failure,False,True
counterpoint_noisy_rate_full_tower_training_diagnostic_v001,counterpoint_symbolic_n3_small_v001-p001_over_018-schema0-trainrep0,counterpoint_symbolic_n3_small_v001-p001_over_018-schema0,counterpoint_symbolic_n3_small_v001,p001_over_018,0,seed-7fe8666539580bdb,0,3,11,1,1,1,1,True,at_selected,exploit_execute,0.2,False,True,lift_failure,False,True
counterpoint_noisy_rate_full_tower_training_diagnostic_v001,counterpoint_symbolic_n3_small_v001-p001_over_018-schema0-trainrep0,counterpoint_symbolic_n3_small_v001-p001_over_018-schema0,counterpoint_symbolic_n3_small_v001,p001_over_018,0,seed-7fe8666539580bdb,0,3,12,1,1,1,1,True,at_selected,exploit_execute,0.2,False,True,,True,True
counterpoint_noisy_rate_full_tower_training_diagnostic_v001,counterpoint_symbolic_n3_small_v001-p001_over_018-schema0-trainrep0,counterpoint_symbolic_n3_small_v001-p001_over_018-schema0,counterpoint_symbolic_n3_small_v001,p001_over_018,0,seed-7fe8666539580bdb,0,3,13,1,1,1,1,True,at_selected,train,0.2,True,True,,False,False
counterpoint_noisy_rate_full_tower_training_diagnostic_v001,counterpoint_symbolic_n3_small_v001-p001_over_018-schema0-trainrep0,counterpoint_symbolic_n3_small_v001-p001_over_018-schema0,counterpoint_symbolic_n3_small_v001,p001_over_018,0,seed-7fe8666539580bdb,0,3,14,1,1,1,1,True,at_selected,explore,0.49641471354166666,False,True,lift_failure,False,True
counterpoint_noisy_rate_full_tower_training_diagnostic_v001,counterpoint_symbolic_n3_small_v001-p001_over_018-schema0-trainrep0,counterpoint_symbolic_n3_small_v001-p001_over_018-schema0,counterpoint_symbolic_n3_small_v001,p001_over_018,0,seed-7fe8666539580bdb,0,3,15,1,1,1,1,True,at_selected,exploit_execute,0.2,False,True,lift_failure,False,True
counterpoint_noisy_rate_full_tower_training_diagnostic_v001,counterpoint_symbolic_n3_small_v001-p001_over_018-schema0-trainrep0,counterpoint_symbolic_n3_small_v001-p001_over_018-schema0,counterpoint_symbolic_n3_small_v001,p001_over_018,0,seed-7fe8666539580bdb,0,3,16,1,1,1,1,True,at_selected,exploit_execute,0.2,False,True,lift_failure,False,True
counterpoint_noisy_rate_full_tower_training_diagnostic_v001,counterpoint_symbolic_n3_small_v001-p001_over_018-schema0-trainrep0,counterpoint_symbolic_n3_small_v001-p001_over_018-schema0,counterpoint_symbolic_n3_small_v001,p001_over_018,0,seed-7fe8666539580bdb,0,3,17,1,1,1,1,True,at_selected,train,0.2,True,True,,False,False
counterpoint_noisy_rate_full_tower_training_diagnostic_v001,counterpoint_symbolic_n3_small_v001-p001_over_018-schema0-trainrep0,counterpoint_symbolic_n3_small_v001-p001_over_018-schema0,counterpoint_symbolic_n3_small_v001,p001_over_018,0,seed-7fe8666539580bdb,0,3,18,1,1,1,1,True,at_selected,exploit_execute,0.2,False,True,lift_failure,False,True
counterpoint_noisy_rate_full_tower_training_diagnostic_v001,counterpoint_symbolic_n3_small_v001-p001_over_018-schema0-trainrep0,counterpoint_symbolic_n3_small_v001-p001_over_018-schema0,counterpoint_symbolic_n3_small_v001,p001_over_018,0,seed-7fe8666539580bdb,0,3,19,1,1,1,1,True,at_selected,exploit_execute,0.2,False,True,,True,True
counterpoint_noisy_rate_full_tower_training_diagnostic_v001,counterpoint_symbolic_n3_small_v001-p001_over_018-schema0-trainrep0,counterpoint_symbolic_n3_small_v001-p001_over_018-schema0,counterpoint_symbolic_n3_small_v001,p001_over_018,0,seed-7fe8666539580bdb,0,3,20,1,1,1,1,True,at_selected,exploit_execute,0.2,False,True,lift_failure,False,True
counterpoint_noisy_rate_full_tower_training_diagnostic_v001,counterpoint_symbolic_n3_small_v001-p001_over_018-schema0-trainrep0,counterpoint_symbolic_n3_small_v001-p001_over_018-schema0,counterpoint_symbolic_n3_small_v001,p001_over_018,0,seed-7fe8666539580bdb,0,3,21,1,1,1,1,True,at_selected,train,0.2,True,True,,False,False
counterpoint_noisy_rate_full_tower_training_diagnostic_v001,counterpoint_symbolic_n3_small_v001-p001_over_018-schema0-trainrep0,counterpoint_symbolic_n3_small_v001-p001_over_018-schema0,counterpoint_symbolic_n3_small_v001,p001_over_018,0,seed-7fe8666539580bdb,0,3,22,1,1,1,1,True,at_selected,exploit_execute,0.2,False,True,lift_failure,False,True
counterpoint_noisy_rate_full_tower_training_diagnostic_v001,counterpoint_symbolic_n3_small_v001-p001_over_018-schema0-trainrep0,counterpoint_symbolic_n3_small_v001-p001_over_018-schema0,counterpoint_symbolic_n3_small_v001,p001_over_018,0,seed-7fe8666539580bdb,0,3,23,1,1,1,1,True,at_selected,exploit_execute,0.2,False,True,lift_failure,False,True
counterpoint_noisy_rate_full_tower_training_diagnostic_v001,counterpoint_symbolic_n3_small_v001-p001_over_018-schema0-trainrep0,counterpoint_symbolic_n3_small_v001-p001_over_018-schema0,counterpoint_symbolic_n3_small_v001,p001_over_018,0,seed-7fe8666539580bdb,0,3,24,1,1,1,1,True,at_selected,exploit_execute,0.2,False,True,lift_failure,False,True
counterpoint_noisy_rate_full_tower_training_diagnostic_v001,counterpoint_symbolic_n3_small_v001-p001_over_018-schema0-trainrep0,counterpoint_symbolic_n3_small_v001-p001_over_018-schema0,counterpoint_symbolic_n3_small_v001,p001_over_018,0,seed-7fe8666539580bdb,0,3,25,1,1,1,1,True,at_selected,train,0.2,True,True,,False,False
counterpoint_noisy_rate_full_tower_training_diagnostic_v001,counterpoint_symbolic_n3_small_v001-p001_over_018-schema0-trainrep0,counterpoint_symbolic_n3_small_v001-p001_over_018-schema0,counterpoint_symbolic_n3_small_v001,p001_over_018,0,seed-7fe8666539580bdb,0,3,26,1,1,1,1,True,at_selected,exploit_execute,0.2,False,True,lift_failure,False,True
counterpoint_noisy_rate_full_tower_training_diagnostic_v001,counterpoint_symbolic_n3_small_v001-p001_over_018-schema0-trainrep0,counterpoint_symbolic_n3_small_v001-p001_over_018-schema0,counterpoint_symbolic_n3_small_v001,p001_over_018,0,seed-7fe8666539580bdb,0,3,27,1,1,1,1,True,at_selected,exploit_execute,0.2,False,True,lift_failure,False,True
counterpoint_noisy_rate_full_tower_training_diagnostic_v001,counterpoint_symbolic_n3_small_v001-p001_over_018-schema0-trainrep0,counterpoint_symbolic_n3_small_v001-p001_over_018-schema0,counterpoint_symbolic_n3_small_v001,p001_over_018,0,seed-7fe8666539580bdb,0,3,28,1,1,1,1,True,at_selected,exploit_execute,0.2,False,True,lift_failure,False,True
counterpoint_noisy_rate_full_tower_training_diagnostic_v001,counterpoint_symbolic_n3_small_v001-p001_over_018-schema0-trainrep0,counterpoint_symbolic_n3_small_v001-p001_over_018-schema0,counterpoint_symbolic_n3_small_v001,p001_over_018,0,seed-7fe8666539580bdb,0,3,29,1,1,1,1,True,at_selected,train,0.20714285714285713,True,True,,False,False
counterpoint_noisy_rate_full_tower_training_diagnostic_v001,counterpoint_symbolic_n3_small_v001-p001_over_018-schema0-trainrep0,counterpoint_symbolic_n3_small_v001-p001_over_018-schema0,counterpoint_symbolic_n3_small_v001,p001_over_018,0,seed-7fe8666539580bdb,0,3,30,1,1,1,1,True,at_selected,exploit_execute,0.2,False,True,lift_failure,False,True
counterpoint_noisy_rate_full_tower_training_diagnostic_v001,counterpoint_symbolic_n3_small_v001-p001_over_018-schema0-trainrep0,counterpoint_symbolic_n3_small_v001-p001_over_018-schema0,counterpoint_symbolic_n3_small_v001,p001_over_018,0,seed-7fe8666539580bdb,0,3,31,1,1,1,1,True,at_selected,exploit_execute,0.2,False,True,lift_failure,False,True
counterpoint_noisy_rate_full_tower_training_diagnostic_v001,counterpoint_symbolic_n3_small_v001-p001_over_018-schema0-trainrep0,counterpoint_symbolic_n3_small_v001-p001_over_018-schema0,counterpoint_symbolic_n3_small_v001,p001_over_018,0,seed-7fe8666539580bdb,0,3,32,1,1,1,1,True,at_selected,explore,0.2129032258064516,False,True,lift_failure,False,True
counterpoint_noisy_rate_full_tower_training_diagnostic_v001,counterpoint_symbolic_n3_small_v001-p001_over_018-schema0-trainrep0,counterpoint_symbolic_n3_small_v001-p001_over_018-schema0,counterpoint_symbolic_n3_small_v001,p001_over_018,0,seed-7fe8666539580bdb,0,3,33,1,1,1,1,True,at_selected,train,0.22499999999999998,True,True,,False,False
counterpoint_noisy_rate_full_tower_training_diagnostic_v001,counterpoint_symbolic_n3_small_v001-p001_over_018-schema0-trainrep0,counterpoint_symbolic_n3_small_v001-p001_over_018-schema0,counterpoint_symbolic_n3_small_v001,p001_over_018,0,seed-7fe8666539580bdb,0,3,34,1,1,1,1,True,at_selected,explore,0.20606060606060606,False,True,lift_failure,False,True
counterpoint_noisy_rate_full_tower_training_diagnostic_v001,counterpoint_symbolic_n3_small_v001-p001_over_018-schema0-trainrep0,counterpoint_symbolic_n3_small_v001-p001_over_018-schema0,counterpoint_symbolic_n3_small_v001,p001_over_018,0,seed-7fe8666539580bdb,0,3,35,1,1,1,1,True,at_selected,explore,0.21764705882352942,False,True,,True,True
counterpoint_noisy_rate_full_tower_training_diagnostic_v001,counterpoint_symbolic_n3_small_v001-p001_over_018-schema0-trainrep0,counterpoint_symbolic_n3_small_v001-p001_over_018-schema0,counterpoint_symbolic_n3_small_v001,p001_over_018,0,seed-7fe8666539580bdb,0,3,36,1,1,1,1,True,at_selected,exploit_execute,0.2,False,True,,True,True
counterpoint_noisy_rate_full_tower_training_diagnostic_v001,counterpoint_symbolic_n3_small_v001-p001_over_018-schema0-trainrep0,counterpoint_symbolic_n3_small_v001-p001_over_018-schema0,counterpoint_symbolic_n3_small_v001,p001_over_018,0,seed-7fe8666539580bdb,0,3,37,1,1,1,1,True,at_selected,train,0.2,True,True,,False,False
counterpoint_noisy_rate_full_tower_training_diagnostic_v001,counterpoint_symbolic_n3_small_v001-p001_over_018-schema0-trainrep0,counterpoint_symbolic_n3_small_v001-p001_over_018-schema0,counterpoint_symbolic_n3_small_v001,p001_over_018,0,seed-7fe8666539580bdb,0,3,38,1,1,1,1,True,at_selected,explore,0.4852223108061977,False,True,lift_failure,False,True
counterpoint_noisy_rate_full_tower_training_diagnostic_v001,counterpoint_symbolic_n3_small_v001-p001_over_018-schema0-trainrep0,counterpoint_symbolic_n3_small_v001-p001_over_018-schema0,counterpoint_symbolic_n3_small_v001,p001_over_018,0,seed-7fe8666539580bdb,0,3,39,1,1,1,1,True,at_selected,exploit_execute,0.2,False,True,lift_failure,False,True
counterpoint_noisy_rate_full_tower_training_diagnostic_v001,counterpoint_symbolic_n3_small_v001-p001_over_018-schema0-trainrep0,counterpoint_symbolic_n3_small_v001-p001_over_018-schema0,counterpoint_symbolic_n3_small_v001,p001_over_018,0,seed-7fe8666539580bdb,0,3,40,1,1,1,1,True,at_selected,exploit_execute,0.2,False,True,,True,True
