evaluation_id,run_id,run_mode,candidate_group_id,schema_class_id,candidate_id,instance_id,arm_id,schema_seed,seed_bundle_id,training_replicate_index,episode_index,controller_event_index,active_tier_before,active_tier_after,deepest_known_tier,selected_tier,selected_tier_executable,predicted_movement_direction,control_action,decision_pressure,training_due,action_consistent,blocked_reason,concrete_step_emitted,lift_attempt_emitted
counterpoint_second_serious_schema_comparison_v001,counterpoint_symbolic_n3_wide_20_108_span18_v001-p001_over_018-schema0-schema0_no_contraction-trainrep0,smoke_schema_comparison_first_sustained_hit,counterpoint_symbolic_n3_wide_20_108_span18_v001-p001_over_018-schema0,schema0_no_contraction,counterpoint_symbolic_n3_wide_20_108_span18_v001-p001_over_018-schema0-schema0,counterpoint_symbolic_n3_wide_20_108_span18_v001,schema0_no_contraction,0,seed-7fe8666539580bdb,0,0,0,0,0,0,0,True,at_selected,explore,1.0,False,True,,True,True
counterpoint_second_serious_schema_comparison_v001,counterpoint_symbolic_n3_wide_20_108_span18_v001-p001_over_018-schema0-schema0_no_contraction-trainrep0,smoke_schema_comparison_first_sustained_hit,counterpoint_symbolic_n3_wide_20_108_span18_v001-p001_over_018-schema0,schema0_no_contraction,counterpoint_symbolic_n3_wide_20_108_span18_v001-p001_over_018-schema0-schema0,counterpoint_symbolic_n3_wide_20_108_span18_v001,schema0_no_contraction,0,seed-7fe8666539580bdb,0,0,1,0,0,0,0,True,at_selected,explore,0.8,False,True,,True,True
counterpoint_second_serious_schema_comparison_v001,counterpoint_symbolic_n3_wide_20_108_span18_v001-p001_over_018-schema0-schema0_no_contraction-trainrep0,smoke_schema_comparison_first_sustained_hit,counterpoint_symbolic_n3_wide_20_108_span18_v001-p001_over_018-schema0,schema0_no_contraction,counterpoint_symbolic_n3_wide_20_108_span18_v001-p001_over_018-schema0-schema0,counterpoint_symbolic_n3_wide_20_108_span18_v001,schema0_no_contraction,0,seed-7fe8666539580bdb,0,0,2,0,0,0,0,True,at_selected,explore,0.6,False,True,,True,True
counterpoint_second_serious_schema_comparison_v001,counterpoint_symbolic_n3_wide_20_108_span18_v001-p001_over_018-schema0-schema0_no_contraction-trainrep0,smoke_schema_comparison_first_sustained_hit,counterpoint_symbolic_n3_wide_20_108_span18_v001-p001_over_018-schema0,schema0_no_contraction,counterpoint_symbolic_n3_wide_20_108_span18_v001-p001_over_018-schema0-schema0,counterpoint_symbolic_n3_wide_20_108_span18_v001,schema0_no_contraction,0,seed-7fe8666539580bdb,0,0,3,0,0,0,0,True,at_selected,explore,0.4,False,True,,True,True
counterpoint_second_serious_schema_comparison_v001,counterpoint_symbolic_n3_wide_20_108_span18_v001-p001_over_018-schema0-schema0_no_contraction-trainrep0,smoke_schema_comparison_first_sustained_hit,counterpoint_symbolic_n3_wide_20_108_span18_v001-p001_over_018-schema0,schema0_no_contraction,counterpoint_symbolic_n3_wide_20_108_span18_v001-p001_over_018-schema0-schema0,counterpoint_symbolic_n3_wide_20_108_span18_v001,schema0_no_contraction,0,seed-7fe8666539580bdb,0,0,4,0,0,0,0,True,at_selected,train,0.2,True,True,,False,False
counterpoint_second_serious_schema_comparison_v001,counterpoint_symbolic_n3_wide_20_108_span18_v001-p001_over_018-schema0-schema0_no_contraction-trainrep0,smoke_schema_comparison_first_sustained_hit,counterpoint_symbolic_n3_wide_20_108_span18_v001-p001_over_018-schema0,schema0_no_contraction,counterpoint_symbolic_n3_wide_20_108_span18_v001-p001_over_018-schema0-schema0,counterpoint_symbolic_n3_wide_20_108_span18_v001,schema0_no_contraction,0,seed-7fe8666539580bdb,0,0,5,0,0,0,0,True,at_selected,explore,0.3640151515151515,False,True,,True,True
counterpoint_second_serious_schema_comparison_v001,counterpoint_symbolic_n3_wide_20_108_span18_v001-p001_over_018-schema0-schema0_no_contraction-trainrep0,smoke_schema_comparison_first_sustained_hit,counterpoint_symbolic_n3_wide_20_108_span18_v001-p001_over_018-schema0,schema0_no_contraction,counterpoint_symbolic_n3_wide_20_108_span18_v001-p001_over_018-schema0-schema0,counterpoint_symbolic_n3_wide_20_108_span18_v001,schema0_no_contraction,0,seed-7fe8666539580bdb,0,0,6,0,0,0,,,no_executable_unclosed,exploit_execute,0.2,False,True,no_executable_unclosed,True,True
counterpoint_second_serious_schema_comparison_v001,counterpoint_symbolic_n3_wide_20_108_span18_v001-p001_over_018-schema0-schema0_no_contraction-trainrep0,smoke_schema_comparison_first_sustained_hit,counterpoint_symbolic_n3_wide_20_108_span18_v001-p001_over_018-schema0,schema0_no_contraction,counterpoint_symbolic_n3_wide_20_108_span18_v001-p001_over_018-schema0-schema0,counterpoint_symbolic_n3_wide_20_108_span18_v001,schema0_no_contraction,0,seed-7fe8666539580bdb,0,0,7,0,0,0,,,no_executable_unclosed,exploit_execute,0.2,False,True,no_executable_unclosed,True,True
counterpoint_second_serious_schema_comparison_v001,counterpoint_symbolic_n3_wide_20_108_span18_v001-p001_over_018-schema0-schema0_no_contraction-trainrep0,smoke_schema_comparison_first_sustained_hit,counterpoint_symbolic_n3_wide_20_108_span18_v001-p001_over_018-schema0,schema0_no_contraction,counterpoint_symbolic_n3_wide_20_108_span18_v001-p001_over_018-schema0-schema0,counterpoint_symbolic_n3_wide_20_108_span18_v001,schema0_no_contraction,0,seed-7fe8666539580bdb,0,0,8,0,0,0,,,no_executable_unclosed,train,0.2,True,True,no_executable_unclosed,False,False
counterpoint_second_serious_schema_comparison_v001,counterpoint_symbolic_n3_wide_20_108_span18_v001-p001_over_018-schema0-schema0_no_contraction-trainrep0,smoke_schema_comparison_first_sustained_hit,counterpoint_symbolic_n3_wide_20_108_span18_v001-p001_over_018-schema0,schema0_no_contraction,counterpoint_symbolic_n3_wide_20_108_span18_v001-p001_over_018-schema0-schema0,counterpoint_symbolic_n3_wide_20_108_span18_v001,schema0_no_contraction,0,seed-7fe8666539580bdb,0,0,9,0,0,0,0,True,at_selected,explore,0.5824706439393941,False,True,,True,True
counterpoint_second_serious_schema_comparison_v001,counterpoint_symbolic_n3_wide_20_108_span18_v001-p001_over_018-schema0-schema0_no_contraction-trainrep0,smoke_schema_comparison_first_sustained_hit,counterpoint_symbolic_n3_wide_20_108_span18_v001-p001_over_018-schema0,schema0_no_contraction,counterpoint_symbolic_n3_wide_20_108_span18_v001-p001_over_018-schema0-schema0,counterpoint_symbolic_n3_wide_20_108_span18_v001,schema0_no_contraction,0,seed-7fe8666539580bdb,0,1,0,0,0,0,0,True,at_selected,explore,1.0,False,True,,True,True
counterpoint_second_serious_schema_comparison_v001,counterpoint_symbolic_n3_wide_20_108_span18_v001-p001_over_018-schema0-schema0_no_contraction-trainrep0,smoke_schema_comparison_first_sustained_hit,counterpoint_symbolic_n3_wide_20_108_span18_v001-p001_over_018-schema0,schema0_no_contraction,counterpoint_symbolic_n3_wide_20_108_span18_v001-p001_over_018-schema0-schema0,counterpoint_symbolic_n3_wide_20_108_span18_v001,schema0_no_contraction,0,seed-7fe8666539580bdb,0,1,1,0,0,0,0,True,at_selected,explore,0.8,False,True,,True,True
counterpoint_second_serious_schema_comparison_v001,counterpoint_symbolic_n3_wide_20_108_span18_v001-p001_over_018-schema0-schema0_no_contraction-trainrep0,smoke_schema_comparison_first_sustained_hit,counterpoint_symbolic_n3_wide_20_108_span18_v001-p001_over_018-schema0,schema0_no_contraction,counterpoint_symbolic_n3_wide_20_108_span18_v001-p001_over_018-schema0-schema0,counterpoint_symbolic_n3_wide_20_108_span18_v001,schema0_no_contraction,0,seed-7fe8666539580bdb,0,1,2,0,0,0,0,True,at_selected,explore,0.6,False,True,,True,True
counterpoint_second_serious_schema_comparison_v001,counterpoint_symbolic_n3_wide_20_108_span18_v001-p001_over_018-schema0-schema0_no_contraction-trainrep0,smoke_schema_comparison_first_sustained_hit,counterpoint_symbolic_n3_wide_20_108_span18_v001-p001_over_018-schema0,schema0_no_contraction,counterpoint_symbolic_n3_wide_20_108_span18_v001-p001_over_018-schema0-schema0,counterpoint_symbolic_n3_wide_20_108_span18_v001,schema0_no_contraction,0,seed-7fe8666539580bdb,0,1,3,0,0,0,0,True,at_selected,explore,0.4,False,True,,True,True
counterpoint_second_serious_schema_comparison_v001,counterpoint_symbolic_n3_wide_20_108_span18_v001-p001_over_018-schema0-schema0_no_contraction-trainrep0,smoke_schema_comparison_first_sustained_hit,counterpoint_symbolic_n3_wide_20_108_span18_v001-p001_over_018-schema0,schema0_no_contraction,counterpoint_symbolic_n3_wide_20_108_span18_v001-p001_over_018-schema0-schema0,counterpoint_symbolic_n3_wide_20_108_span18_v001,schema0_no_contraction,0,seed-7fe8666539580bdb,0,1,4,0,0,0,0,True,at_selected,train,0.2,True,True,,False,False
counterpoint_second_serious_schema_comparison_v001,counterpoint_symbolic_n3_wide_20_108_span18_v001-p001_over_018-schema0-schema0_no_contraction-trainrep0,smoke_schema_comparison_first_sustained_hit,counterpoint_symbolic_n3_wide_20_108_span18_v001-p001_over_018-schema0,schema0_no_contraction,counterpoint_symbolic_n3_wide_20_108_span18_v001-p001_over_018-schema0-schema0,counterpoint_symbolic_n3_wide_20_108_span18_v001,schema0_no_contraction,0,seed-7fe8666539580bdb,0,1,5,0,0,0,0,True,at_selected,explore,0.3549242424242425,False,True,,True,True
counterpoint_second_serious_schema_comparison_v001,counterpoint_symbolic_n3_wide_20_108_span18_v001-p001_over_018-schema0-schema0_no_contraction-trainrep0,smoke_schema_comparison_first_sustained_hit,counterpoint_symbolic_n3_wide_20_108_span18_v001-p001_over_018-schema0,schema0_no_contraction,counterpoint_symbolic_n3_wide_20_108_span18_v001-p001_over_018-schema0-schema0,counterpoint_symbolic_n3_wide_20_108_span18_v001,schema0_no_contraction,0,seed-7fe8666539580bdb,0,1,6,0,0,0,,,no_executable_unclosed,exploit_execute,0.2,False,True,no_executable_unclosed,True,True
counterpoint_second_serious_schema_comparison_v001,counterpoint_symbolic_n3_wide_20_108_span18_v001-p001_over_018-schema0-schema0_no_contraction-trainrep0,smoke_schema_comparison_first_sustained_hit,counterpoint_symbolic_n3_wide_20_108_span18_v001-p001_over_018-schema0,schema0_no_contraction,counterpoint_symbolic_n3_wide_20_108_span18_v001-p001_over_018-schema0-schema0,counterpoint_symbolic_n3_wide_20_108_span18_v001,schema0_no_contraction,0,seed-7fe8666539580bdb,0,1,7,0,0,0,,,no_executable_unclosed,exploit_execute,0.2,False,True,no_executable_unclosed,True,True
counterpoint_second_serious_schema_comparison_v001,counterpoint_symbolic_n3_wide_20_108_span18_v001-p001_over_018-schema0-schema0_no_contraction-trainrep0,smoke_schema_comparison_first_sustained_hit,counterpoint_symbolic_n3_wide_20_108_span18_v001-p001_over_018-schema0,schema0_no_contraction,counterpoint_symbolic_n3_wide_20_108_span18_v001-p001_over_018-schema0-schema0,counterpoint_symbolic_n3_wide_20_108_span18_v001,schema0_no_contraction,0,seed-7fe8666539580bdb,0,1,8,0,0,0,,,no_executable_unclosed,train,0.2,True,True,no_executable_unclosed,False,False
counterpoint_second_serious_schema_comparison_v001,counterpoint_symbolic_n3_wide_20_108_span18_v001-p001_over_018-schema0-schema0_no_contraction-trainrep0,smoke_schema_comparison_first_sustained_hit,counterpoint_symbolic_n3_wide_20_108_span18_v001-p001_over_018-schema0,schema0_no_contraction,counterpoint_symbolic_n3_wide_20_108_span18_v001-p001_over_018-schema0-schema0,counterpoint_symbolic_n3_wide_20_108_span18_v001,schema0_no_contraction,0,seed-7fe8666539580bdb,0,1,9,0,0,0,0,True,at_selected,explore,0.21858428030303034,False,True,,True,True
counterpoint_second_serious_schema_comparison_v001,counterpoint_symbolic_n3_wide_20_108_span18_v001-p001_over_018-schema0-schema0_no_contraction-trainrep0,smoke_schema_comparison_first_sustained_hit,counterpoint_symbolic_n3_wide_20_108_span18_v001-p001_over_018-schema0,schema0_no_contraction,counterpoint_symbolic_n3_wide_20_108_span18_v001-p001_over_018-schema0-schema0,counterpoint_symbolic_n3_wide_20_108_span18_v001,schema0_no_contraction,0,seed-7fe8666539580bdb,0,2,0,0,0,0,0,True,at_selected,explore,1.0,False,True,,True,True
counterpoint_second_serious_schema_comparison_v001,counterpoint_symbolic_n3_wide_20_108_span18_v001-p001_over_018-schema0-schema0_no_contraction-trainrep0,smoke_schema_comparison_first_sustained_hit,counterpoint_symbolic_n3_wide_20_108_span18_v001-p001_over_018-schema0,schema0_no_contraction,counterpoint_symbolic_n3_wide_20_108_span18_v001-p001_over_018-schema0-schema0,counterpoint_symbolic_n3_wide_20_108_span18_v001,schema0_no_contraction,0,seed-7fe8666539580bdb,0,2,1,0,0,0,0,True,at_selected,explore,0.8,False,True,,True,True
counterpoint_second_serious_schema_comparison_v001,counterpoint_symbolic_n3_wide_20_108_span18_v001-p001_over_018-schema0-schema0_no_contraction-trainrep0,smoke_schema_comparison_first_sustained_hit,counterpoint_symbolic_n3_wide_20_108_span18_v001-p001_over_018-schema0,schema0_no_contraction,counterpoint_symbolic_n3_wide_20_108_span18_v001-p001_over_018-schema0-schema0,counterpoint_symbolic_n3_wide_20_108_span18_v001,schema0_no_contraction,0,seed-7fe8666539580bdb,0,2,2,0,0,0,0,True,at_selected,explore,0.6,False,True,,True,True
counterpoint_second_serious_schema_comparison_v001,counterpoint_symbolic_n3_wide_20_108_span18_v001-p001_over_018-schema0-schema0_no_contraction-trainrep0,smoke_schema_comparison_first_sustained_hit,counterpoint_symbolic_n3_wide_20_108_span18_v001-p001_over_018-schema0,schema0_no_contraction,counterpoint_symbolic_n3_wide_20_108_span18_v001-p001_over_018-schema0-schema0,counterpoint_symbolic_n3_wide_20_108_span18_v001,schema0_no_contraction,0,seed-7fe8666539580bdb,0,2,3,0,0,0,0,True,at_selected,explore,0.4,False,True,,True,True
counterpoint_second_serious_schema_comparison_v001,counterpoint_symbolic_n3_wide_20_108_span18_v001-p001_over_018-schema0-schema0_no_contraction-trainrep0,smoke_schema_comparison_first_sustained_hit,counterpoint_symbolic_n3_wide_20_108_span18_v001-p001_over_018-schema0,schema0_no_contraction,counterpoint_symbolic_n3_wide_20_108_span18_v001-p001_over_018-schema0-schema0,counterpoint_symbolic_n3_wide_20_108_span18_v001,schema0_no_contraction,0,seed-7fe8666539580bdb,0,2,4,0,0,0,0,True,at_selected,train,0.2,True,True,,False,False
counterpoint_second_serious_schema_comparison_v001,counterpoint_symbolic_n3_wide_20_108_span18_v001-p001_over_018-schema0-schema0_no_contraction-trainrep0,smoke_schema_comparison_first_sustained_hit,counterpoint_symbolic_n3_wide_20_108_span18_v001-p001_over_018-schema0,schema0_no_contraction,counterpoint_symbolic_n3_wide_20_108_span18_v001-p001_over_018-schema0-schema0,counterpoint_symbolic_n3_wide_20_108_span18_v001,schema0_no_contraction,0,seed-7fe8666539580bdb,0,2,5,0,0,0,0,True,at_selected,explore,0.24659090909090908,False,True,,True,True
counterpoint_second_serious_schema_comparison_v001,counterpoint_symbolic_n3_wide_20_108_span18_v001-p001_over_018-schema0-schema0_no_contraction-trainrep0,smoke_schema_comparison_first_sustained_hit,counterpoint_symbolic_n3_wide_20_108_span18_v001-p001_over_018-schema0,schema0_no_contraction,counterpoint_symbolic_n3_wide_20_108_span18_v001-p001_over_018-schema0-schema0,counterpoint_symbolic_n3_wide_20_108_span18_v001,schema0_no_contraction,0,seed-7fe8666539580bdb,0,2,6,0,0,0,,,no_executable_unclosed,exploit_execute,0.2,False,True,no_executable_unclosed,True,True
counterpoint_second_serious_schema_comparison_v001,counterpoint_symbolic_n3_wide_20_108_span18_v001-p001_over_018-schema0-schema0_no_contraction-trainrep0,smoke_schema_comparison_first_sustained_hit,counterpoint_symbolic_n3_wide_20_108_span18_v001-p001_over_018-schema0,schema0_no_contraction,counterpoint_symbolic_n3_wide_20_108_span18_v001-p001_over_018-schema0-schema0,counterpoint_symbolic_n3_wide_20_108_span18_v001,schema0_no_contraction,0,seed-7fe8666539580bdb,0,2,7,0,0,0,,,no_executable_unclosed,exploit_execute,0.2,False,True,no_executable_unclosed,True,True
counterpoint_second_serious_schema_comparison_v001,counterpoint_symbolic_n3_wide_20_108_span18_v001-p001_over_018-schema0-schema0_no_contraction-trainrep0,smoke_schema_comparison_first_sustained_hit,counterpoint_symbolic_n3_wide_20_108_span18_v001-p001_over_018-schema0,schema0_no_contraction,counterpoint_symbolic_n3_wide_20_108_span18_v001-p001_over_018-schema0-schema0,counterpoint_symbolic_n3_wide_20_108_span18_v001,schema0_no_contraction,0,seed-7fe8666539580bdb,0,2,8,0,0,0,,,no_executable_unclosed,train,0.2,True,True,no_executable_unclosed,False,False
counterpoint_second_serious_schema_comparison_v001,counterpoint_symbolic_n3_wide_20_108_span18_v001-p001_over_018-schema0-schema0_no_contraction-trainrep0,smoke_schema_comparison_first_sustained_hit,counterpoint_symbolic_n3_wide_20_108_span18_v001-p001_over_018-schema0,schema0_no_contraction,counterpoint_symbolic_n3_wide_20_108_span18_v001-p001_over_018-schema0-schema0,counterpoint_symbolic_n3_wide_20_108_span18_v001,schema0_no_contraction,0,seed-7fe8666539580bdb,0,2,9,0,0,0,0,True,at_selected,explore,0.3568892045454545,False,True,,True,True
counterpoint_second_serious_schema_comparison_v001,counterpoint_symbolic_n3_wide_20_108_span18_v001-p001_over_018-schema0-schema0_no_contraction-trainrep0,smoke_schema_comparison_first_sustained_hit,counterpoint_symbolic_n3_wide_20_108_span18_v001-p001_over_018-schema0,schema0_no_contraction,counterpoint_symbolic_n3_wide_20_108_span18_v001-p001_over_018-schema0-schema0,counterpoint_symbolic_n3_wide_20_108_span18_v001,schema0_no_contraction,0,seed-7fe8666539580bdb,0,3,0,0,0,0,0,True,at_selected,explore,1.0,False,True,,True,True
counterpoint_second_serious_schema_comparison_v001,counterpoint_symbolic_n3_wide_20_108_span18_v001-p001_over_018-schema0-schema0_no_contraction-trainrep0,smoke_schema_comparison_first_sustained_hit,counterpoint_symbolic_n3_wide_20_108_span18_v001-p001_over_018-schema0,schema0_no_contraction,counterpoint_symbolic_n3_wide_20_108_span18_v001-p001_over_018-schema0-schema0,counterpoint_symbolic_n3_wide_20_108_span18_v001,schema0_no_contraction,0,seed-7fe8666539580bdb,0,3,1,0,0,0,0,True,at_selected,explore,0.8,False,True,,True,True
counterpoint_second_serious_schema_comparison_v001,counterpoint_symbolic_n3_wide_20_108_span18_v001-p001_over_018-schema0-schema0_no_contraction-trainrep0,smoke_schema_comparison_first_sustained_hit,counterpoint_symbolic_n3_wide_20_108_span18_v001-p001_over_018-schema0,schema0_no_contraction,counterpoint_symbolic_n3_wide_20_108_span18_v001-p001_over_018-schema0-schema0,counterpoint_symbolic_n3_wide_20_108_span18_v001,schema0_no_contraction,0,seed-7fe8666539580bdb,0,3,2,0,0,0,0,True,at_selected,explore,0.6,False,True,,True,True
counterpoint_second_serious_schema_comparison_v001,counterpoint_symbolic_n3_wide_20_108_span18_v001-p001_over_018-schema0-schema0_no_contraction-trainrep0,smoke_schema_comparison_first_sustained_hit,counterpoint_symbolic_n3_wide_20_108_span18_v001-p001_over_018-schema0,schema0_no_contraction,counterpoint_symbolic_n3_wide_20_108_span18_v001-p001_over_018-schema0-schema0,counterpoint_symbolic_n3_wide_20_108_span18_v001,schema0_no_contraction,0,seed-7fe8666539580bdb,0,3,3,0,0,0,0,True,at_selected,explore,0.4,False,True,,True,True
counterpoint_second_serious_schema_comparison_v001,counterpoint_symbolic_n3_wide_20_108_span18_v001-p001_over_018-schema0-schema0_no_contraction-trainrep0,smoke_schema_comparison_first_sustained_hit,counterpoint_symbolic_n3_wide_20_108_span18_v001-p001_over_018-schema0,schema0_no_contraction,counterpoint_symbolic_n3_wide_20_108_span18_v001-p001_over_018-schema0-schema0,counterpoint_symbolic_n3_wide_20_108_span18_v001,schema0_no_contraction,0,seed-7fe8666539580bdb,0,3,4,0,0,0,0,True,at_selected,train,0.2,True,True,,False,False
counterpoint_second_serious_schema_comparison_v001,counterpoint_symbolic_n3_wide_20_108_span18_v001-p001_over_018-schema0-schema0_no_contraction-trainrep0,smoke_schema_comparison_first_sustained_hit,counterpoint_symbolic_n3_wide_20_108_span18_v001-p001_over_018-schema0,schema0_no_contraction,counterpoint_symbolic_n3_wide_20_108_span18_v001-p001_over_018-schema0-schema0,counterpoint_symbolic_n3_wide_20_108_span18_v001,schema0_no_contraction,0,seed-7fe8666539580bdb,0,3,5,0,0,0,0,True,at_selected,explore,0.26515151515151525,False,True,,True,True
counterpoint_second_serious_schema_comparison_v001,counterpoint_symbolic_n3_wide_20_108_span18_v001-p001_over_018-schema0-schema0_no_contraction-trainrep0,smoke_schema_comparison_first_sustained_hit,counterpoint_symbolic_n3_wide_20_108_span18_v001-p001_over_018-schema0,schema0_no_contraction,counterpoint_symbolic_n3_wide_20_108_span18_v001-p001_over_018-schema0-schema0,counterpoint_symbolic_n3_wide_20_108_span18_v001,schema0_no_contraction,0,seed-7fe8666539580bdb,0,3,6,0,0,0,,,no_executable_unclosed,exploit_execute,0.2,False,True,no_executable_unclosed,True,True
counterpoint_second_serious_schema_comparison_v001,counterpoint_symbolic_n3_wide_20_108_span18_v001-p001_over_018-schema0-schema0_no_contraction-trainrep0,smoke_schema_comparison_first_sustained_hit,counterpoint_symbolic_n3_wide_20_108_span18_v001-p001_over_018-schema0,schema0_no_contraction,counterpoint_symbolic_n3_wide_20_108_span18_v001-p001_over_018-schema0-schema0,counterpoint_symbolic_n3_wide_20_108_span18_v001,schema0_no_contraction,0,seed-7fe8666539580bdb,0,3,7,0,0,0,,,no_executable_unclosed,exploit_execute,0.2,False,True,no_executable_unclosed,True,True
counterpoint_second_serious_schema_comparison_v001,counterpoint_symbolic_n3_wide_20_108_span18_v001-p001_over_018-schema0-schema0_no_contraction-trainrep0,smoke_schema_comparison_first_sustained_hit,counterpoint_symbolic_n3_wide_20_108_span18_v001-p001_over_018-schema0,schema0_no_contraction,counterpoint_symbolic_n3_wide_20_108_span18_v001-p001_over_018-schema0-schema0,counterpoint_symbolic_n3_wide_20_108_span18_v001,schema0_no_contraction,0,seed-7fe8666539580bdb,0,3,8,0,0,0,,,no_executable_unclosed,train,0.2,True,True,no_executable_unclosed,False,False
counterpoint_second_serious_schema_comparison_v001,counterpoint_symbolic_n3_wide_20_108_span18_v001-p001_over_018-schema0-schema0_no_contraction-trainrep0,smoke_schema_comparison_first_sustained_hit,counterpoint_symbolic_n3_wide_20_108_span18_v001-p001_over_018-schema0,schema0_no_contraction,counterpoint_symbolic_n3_wide_20_108_span18_v001-p001_over_018-schema0-schema0,counterpoint_symbolic_n3_wide_20_108_span18_v001,schema0_no_contraction,0,seed-7fe8666539580bdb,0,3,9,0,0,0,0,True,at_selected,explore,0.3303977272727273,False,True,,True,True
counterpoint_second_serious_schema_comparison_v001,counterpoint_symbolic_n3_wide_20_108_span18_v001-p001_over_018-schema0-schema0_no_contraction-trainrep0,smoke_schema_comparison_first_sustained_hit,counterpoint_symbolic_n3_wide_20_108_span18_v001-p001_over_018-schema0,schema0_no_contraction,counterpoint_symbolic_n3_wide_20_108_span18_v001-p001_over_018-schema0-schema0,counterpoint_symbolic_n3_wide_20_108_span18_v001,schema0_no_contraction,0,seed-7fe8666539580bdb,0,4,0,0,0,0,0,True,at_selected,explore,1.0,False,True,,True,True
counterpoint_second_serious_schema_comparison_v001,counterpoint_symbolic_n3_wide_20_108_span18_v001-p001_over_018-schema0-schema0_no_contraction-trainrep0,smoke_schema_comparison_first_sustained_hit,counterpoint_symbolic_n3_wide_20_108_span18_v001-p001_over_018-schema0,schema0_no_contraction,counterpoint_symbolic_n3_wide_20_108_span18_v001-p001_over_018-schema0-schema0,counterpoint_symbolic_n3_wide_20_108_span18_v001,schema0_no_contraction,0,seed-7fe8666539580bdb,0,4,1,0,0,0,0,True,at_selected,explore,0.8,False,True,,True,True
counterpoint_second_serious_schema_comparison_v001,counterpoint_symbolic_n3_wide_20_108_span18_v001-p001_over_018-schema0-schema0_no_contraction-trainrep0,smoke_schema_comparison_first_sustained_hit,counterpoint_symbolic_n3_wide_20_108_span18_v001-p001_over_018-schema0,schema0_no_contraction,counterpoint_symbolic_n3_wide_20_108_span18_v001-p001_over_018-schema0-schema0,counterpoint_symbolic_n3_wide_20_108_span18_v001,schema0_no_contraction,0,seed-7fe8666539580bdb,0,4,2,0,0,0,0,True,at_selected,explore,0.6,False,True,,True,True
counterpoint_second_serious_schema_comparison_v001,counterpoint_symbolic_n3_wide_20_108_span18_v001-p001_over_018-schema0-schema0_no_contraction-trainrep0,smoke_schema_comparison_first_sustained_hit,counterpoint_symbolic_n3_wide_20_108_span18_v001-p001_over_018-schema0,schema0_no_contraction,counterpoint_symbolic_n3_wide_20_108_span18_v001-p001_over_018-schema0-schema0,counterpoint_symbolic_n3_wide_20_108_span18_v001,schema0_no_contraction,0,seed-7fe8666539580bdb,0,4,3,0,0,0,0,True,at_selected,explore,0.4,False,True,,True,True
counterpoint_second_serious_schema_comparison_v001,counterpoint_symbolic_n3_wide_20_108_span18_v001-p001_over_018-schema0-schema0_no_contraction-trainrep0,smoke_schema_comparison_first_sustained_hit,counterpoint_symbolic_n3_wide_20_108_span18_v001-p001_over_018-schema0,schema0_no_contraction,counterpoint_symbolic_n3_wide_20_108_span18_v001-p001_over_018-schema0-schema0,counterpoint_symbolic_n3_wide_20_108_span18_v001,schema0_no_contraction,0,seed-7fe8666539580bdb,0,4,4,0,0,0,0,True,at_selected,train,0.2,True,True,,False,False
counterpoint_second_serious_schema_comparison_v001,counterpoint_symbolic_n3_wide_20_108_span18_v001-p001_over_018-schema0-schema0_no_contraction-trainrep0,smoke_schema_comparison_first_sustained_hit,counterpoint_symbolic_n3_wide_20_108_span18_v001-p001_over_018-schema0,schema0_no_contraction,counterpoint_symbolic_n3_wide_20_108_span18_v001-p001_over_018-schema0-schema0,counterpoint_symbolic_n3_wide_20_108_span18_v001,schema0_no_contraction,0,seed-7fe8666539580bdb,0,4,5,0,0,0,0,True,at_selected,explore,0.38409090909090915,False,True,,True,True
counterpoint_second_serious_schema_comparison_v001,counterpoint_symbolic_n3_wide_20_108_span18_v001-p001_over_018-schema0-schema0_no_contraction-trainrep0,smoke_schema_comparison_first_sustained_hit,counterpoint_symbolic_n3_wide_20_108_span18_v001-p001_over_018-schema0,schema0_no_contraction,counterpoint_symbolic_n3_wide_20_108_span18_v001-p001_over_018-schema0-schema0,counterpoint_symbolic_n3_wide_20_108_span18_v001,schema0_no_contraction,0,seed-7fe8666539580bdb,0,4,6,0,0,0,,,no_executable_unclosed,exploit_execute,0.2,False,True,no_executable_unclosed,True,True
counterpoint_second_serious_schema_comparison_v001,counterpoint_symbolic_n3_wide_20_108_span18_v001-p001_over_018-schema0-schema0_no_contraction-trainrep0,smoke_schema_comparison_first_sustained_hit,counterpoint_symbolic_n3_wide_20_108_span18_v001-p001_over_018-schema0,schema0_no_contraction,counterpoint_symbolic_n3_wide_20_108_span18_v001-p001_over_018-schema0-schema0,counterpoint_symbolic_n3_wide_20_108_span18_v001,schema0_no_contraction,0,seed-7fe8666539580bdb,0,4,7,0,0,0,,,no_executable_unclosed,exploit_execute,0.2,False,True,no_executable_unclosed,True,True
counterpoint_second_serious_schema_comparison_v001,counterpoint_symbolic_n3_wide_20_108_span18_v001-p001_over_018-schema0-schema0_no_contraction-trainrep0,smoke_schema_comparison_first_sustained_hit,counterpoint_symbolic_n3_wide_20_108_span18_v001-p001_over_018-schema0,schema0_no_contraction,counterpoint_symbolic_n3_wide_20_108_span18_v001-p001_over_018-schema0-schema0,counterpoint_symbolic_n3_wide_20_108_span18_v001,schema0_no_contraction,0,seed-7fe8666539580bdb,0,4,8,0,0,0,,,no_executable_unclosed,train,0.2,True,True,no_executable_unclosed,False,False
counterpoint_second_serious_schema_comparison_v001,counterpoint_symbolic_n3_wide_20_108_span18_v001-p001_over_018-schema0-schema0_no_contraction-trainrep0,smoke_schema_comparison_first_sustained_hit,counterpoint_symbolic_n3_wide_20_108_span18_v001-p001_over_018-schema0,schema0_no_contraction,counterpoint_symbolic_n3_wide_20_108_span18_v001-p001_over_018-schema0-schema0,counterpoint_symbolic_n3_wide_20_108_span18_v001,schema0_no_contraction,0,seed-7fe8666539580bdb,0,4,9,0,0,0,0,True,at_selected,explore,0.25336174242424236,False,True,,True,True
counterpoint_second_serious_schema_comparison_v001,counterpoint_symbolic_n3_wide_20_108_span18_v001-p001_over_018-schema0-schema0_no_contraction-trainrep0,smoke_schema_comparison_first_sustained_hit,counterpoint_symbolic_n3_wide_20_108_span18_v001-p001_over_018-schema0,schema0_no_contraction,counterpoint_symbolic_n3_wide_20_108_span18_v001-p001_over_018-schema0-schema0,counterpoint_symbolic_n3_wide_20_108_span18_v001,schema0_no_contraction,0,seed-7fe8666539580bdb,0,5,0,0,0,0,0,True,at_selected,explore,1.0,False,True,,True,True
counterpoint_second_serious_schema_comparison_v001,counterpoint_symbolic_n3_wide_20_108_span18_v001-p001_over_018-schema0-schema0_no_contraction-trainrep0,smoke_schema_comparison_first_sustained_hit,counterpoint_symbolic_n3_wide_20_108_span18_v001-p001_over_018-schema0,schema0_no_contraction,counterpoint_symbolic_n3_wide_20_108_span18_v001-p001_over_018-schema0-schema0,counterpoint_symbolic_n3_wide_20_108_span18_v001,schema0_no_contraction,0,seed-7fe8666539580bdb,0,5,1,0,0,0,0,True,at_selected,explore,0.8,False,True,,True,True
counterpoint_second_serious_schema_comparison_v001,counterpoint_symbolic_n3_wide_20_108_span18_v001-p001_over_018-schema0-schema0_no_contraction-trainrep0,smoke_schema_comparison_first_sustained_hit,counterpoint_symbolic_n3_wide_20_108_span18_v001-p001_over_018-schema0,schema0_no_contraction,counterpoint_symbolic_n3_wide_20_108_span18_v001-p001_over_018-schema0-schema0,counterpoint_symbolic_n3_wide_20_108_span18_v001,schema0_no_contraction,0,seed-7fe8666539580bdb,0,5,2,0,0,0,0,True,at_selected,explore,0.6,False,True,,True,True
counterpoint_second_serious_schema_comparison_v001,counterpoint_symbolic_n3_wide_20_108_span18_v001-p001_over_018-schema0-schema0_no_contraction-trainrep0,smoke_schema_comparison_first_sustained_hit,counterpoint_symbolic_n3_wide_20_108_span18_v001-p001_over_018-schema0,schema0_no_contraction,counterpoint_symbolic_n3_wide_20_108_span18_v001-p001_over_018-schema0-schema0,counterpoint_symbolic_n3_wide_20_108_span18_v001,schema0_no_contraction,0,seed-7fe8666539580bdb,0,5,3,0,0,0,0,True,at_selected,explore,0.4,False,True,,True,True
counterpoint_second_serious_schema_comparison_v001,counterpoint_symbolic_n3_wide_20_108_span18_v001-p001_over_018-schema0-schema0_no_contraction-trainrep0,smoke_schema_comparison_first_sustained_hit,counterpoint_symbolic_n3_wide_20_108_span18_v001-p001_over_018-schema0,schema0_no_contraction,counterpoint_symbolic_n3_wide_20_108_span18_v001-p001_over_018-schema0-schema0,counterpoint_symbolic_n3_wide_20_108_span18_v001,schema0_no_contraction,0,seed-7fe8666539580bdb,0,5,4,0,0,0,0,True,at_selected,train,0.2,True,True,,False,False
counterpoint_second_serious_schema_comparison_v001,counterpoint_symbolic_n3_wide_20_108_span18_v001-p001_over_018-schema0-schema0_no_contraction-trainrep0,smoke_schema_comparison_first_sustained_hit,counterpoint_symbolic_n3_wide_20_108_span18_v001-p001_over_018-schema0,schema0_no_contraction,counterpoint_symbolic_n3_wide_20_108_span18_v001-p001_over_018-schema0-schema0,counterpoint_symbolic_n3_wide_20_108_span18_v001,schema0_no_contraction,0,seed-7fe8666539580bdb,0,5,5,0,0,0,0,True,at_selected,explore,0.2765151515151515,False,True,,True,True
counterpoint_second_serious_schema_comparison_v001,counterpoint_symbolic_n3_wide_20_108_span18_v001-p001_over_018-schema0-schema0_no_contraction-trainrep0,smoke_schema_comparison_first_sustained_hit,counterpoint_symbolic_n3_wide_20_108_span18_v001-p001_over_018-schema0,schema0_no_contraction,counterpoint_symbolic_n3_wide_20_108_span18_v001-p001_over_018-schema0-schema0,counterpoint_symbolic_n3_wide_20_108_span18_v001,schema0_no_contraction,0,seed-7fe8666539580bdb,0,5,6,0,0,0,,,no_executable_unclosed,exploit_execute,0.2,False,True,no_executable_unclosed,True,True
counterpoint_second_serious_schema_comparison_v001,counterpoint_symbolic_n3_wide_20_108_span18_v001-p001_over_018-schema0-schema0_no_contraction-trainrep0,smoke_schema_comparison_first_sustained_hit,counterpoint_symbolic_n3_wide_20_108_span18_v001-p001_over_018-schema0,schema0_no_contraction,counterpoint_symbolic_n3_wide_20_108_span18_v001-p001_over_018-schema0-schema0,counterpoint_symbolic_n3_wide_20_108_span18_v001,schema0_no_contraction,0,seed-7fe8666539580bdb,0,5,7,0,0,0,,,no_executable_unclosed,exploit_execute,0.2,False,True,no_executable_unclosed,True,True
counterpoint_second_serious_schema_comparison_v001,counterpoint_symbolic_n3_wide_20_108_span18_v001-p001_over_018-schema0-schema0_no_contraction-trainrep0,smoke_schema_comparison_first_sustained_hit,counterpoint_symbolic_n3_wide_20_108_span18_v001-p001_over_018-schema0,schema0_no_contraction,counterpoint_symbolic_n3_wide_20_108_span18_v001-p001_over_018-schema0-schema0,counterpoint_symbolic_n3_wide_20_108_span18_v001,schema0_no_contraction,0,seed-7fe8666539580bdb,0,5,8,0,0,0,,,no_executable_unclosed,train,0.2,True,True,no_executable_unclosed,False,False
counterpoint_second_serious_schema_comparison_v001,counterpoint_symbolic_n3_wide_20_108_span18_v001-p001_over_018-schema0-schema0_no_contraction-trainrep0,smoke_schema_comparison_first_sustained_hit,counterpoint_symbolic_n3_wide_20_108_span18_v001-p001_over_018-schema0,schema0_no_contraction,counterpoint_symbolic_n3_wide_20_108_span18_v001-p001_over_018-schema0-schema0,counterpoint_symbolic_n3_wide_20_108_span18_v001,schema0_no_contraction,0,seed-7fe8666539580bdb,0,5,9,0,0,0,0,True,at_selected,explore,0.3633049242424242,False,True,,True,True
counterpoint_second_serious_schema_comparison_v001,counterpoint_symbolic_n3_wide_20_108_span18_v001-p001_over_018-schema0-schema0_no_contraction-trainrep0,smoke_schema_comparison_first_sustained_hit,counterpoint_symbolic_n3_wide_20_108_span18_v001-p001_over_018-schema0,schema0_no_contraction,counterpoint_symbolic_n3_wide_20_108_span18_v001-p001_over_018-schema0-schema0,counterpoint_symbolic_n3_wide_20_108_span18_v001,schema0_no_contraction,0,seed-7fe8666539580bdb,0,6,0,0,0,0,0,True,at_selected,explore,1.0,False,True,,True,True
counterpoint_second_serious_schema_comparison_v001,counterpoint_symbolic_n3_wide_20_108_span18_v001-p001_over_018-schema0-schema0_no_contraction-trainrep0,smoke_schema_comparison_first_sustained_hit,counterpoint_symbolic_n3_wide_20_108_span18_v001-p001_over_018-schema0,schema0_no_contraction,counterpoint_symbolic_n3_wide_20_108_span18_v001-p001_over_018-schema0-schema0,counterpoint_symbolic_n3_wide_20_108_span18_v001,schema0_no_contraction,0,seed-7fe8666539580bdb,0,6,1,0,0,0,0,True,at_selected,explore,0.8,False,True,,True,True
counterpoint_second_serious_schema_comparison_v001,counterpoint_symbolic_n3_wide_20_108_span18_v001-p001_over_018-schema0-schema0_no_contraction-trainrep0,smoke_schema_comparison_first_sustained_hit,counterpoint_symbolic_n3_wide_20_108_span18_v001-p001_over_018-schema0,schema0_no_contraction,counterpoint_symbolic_n3_wide_20_108_span18_v001-p001_over_018-schema0-schema0,counterpoint_symbolic_n3_wide_20_108_span18_v001,schema0_no_contraction,0,seed-7fe8666539580bdb,0,6,2,0,0,0,0,True,at_selected,explore,0.6,False,True,,True,True
counterpoint_second_serious_schema_comparison_v001,counterpoint_symbolic_n3_wide_20_108_span18_v001-p001_over_018-schema0-schema0_no_contraction-trainrep0,smoke_schema_comparison_first_sustained_hit,counterpoint_symbolic_n3_wide_20_108_span18_v001-p001_over_018-schema0,schema0_no_contraction,counterpoint_symbolic_n3_wide_20_108_span18_v001-p001_over_018-schema0-schema0,counterpoint_symbolic_n3_wide_20_108_span18_v001,schema0_no_contraction,0,seed-7fe8666539580bdb,0,6,3,0,0,0,0,True,at_selected,explore,0.4,False,True,,True,True
counterpoint_second_serious_schema_comparison_v001,counterpoint_symbolic_n3_wide_20_108_span18_v001-p001_over_018-schema0-schema0_no_contraction-trainrep0,smoke_schema_comparison_first_sustained_hit,counterpoint_symbolic_n3_wide_20_108_span18_v001-p001_over_018-schema0,schema0_no_contraction,counterpoint_symbolic_n3_wide_20_108_span18_v001-p001_over_018-schema0-schema0,counterpoint_symbolic_n3_wide_20_108_span18_v001,schema0_no_contraction,0,seed-7fe8666539580bdb,0,6,4,0,0,0,0,True,at_selected,train,0.2,True,True,,False,False
counterpoint_second_serious_schema_comparison_v001,counterpoint_symbolic_n3_wide_20_108_span18_v001-p001_over_018-schema0-schema0_no_contraction-trainrep0,smoke_schema_comparison_first_sustained_hit,counterpoint_symbolic_n3_wide_20_108_span18_v001-p001_over_018-schema0,schema0_no_contraction,counterpoint_symbolic_n3_wide_20_108_span18_v001-p001_over_018-schema0-schema0,counterpoint_symbolic_n3_wide_20_108_span18_v001,schema0_no_contraction,0,seed-7fe8666539580bdb,0,6,5,0,0,0,0,True,at_selected,explore,0.3556818181818182,False,True,,True,True
counterpoint_second_serious_schema_comparison_v001,counterpoint_symbolic_n3_wide_20_108_span18_v001-p001_over_018-schema0-schema0_no_contraction-trainrep0,smoke_schema_comparison_first_sustained_hit,counterpoint_symbolic_n3_wide_20_108_span18_v001-p001_over_018-schema0,schema0_no_contraction,counterpoint_symbolic_n3_wide_20_108_span18_v001-p001_over_018-schema0-schema0,counterpoint_symbolic_n3_wide_20_108_span18_v001,schema0_no_contraction,0,seed-7fe8666539580bdb,0,6,6,0,0,0,,,no_executable_unclosed,exploit_execute,0.2,False,True,no_executable_unclosed,True,True
counterpoint_second_serious_schema_comparison_v001,counterpoint_symbolic_n3_wide_20_108_span18_v001-p001_over_018-schema0-schema0_no_contraction-trainrep0,smoke_schema_comparison_first_sustained_hit,counterpoint_symbolic_n3_wide_20_108_span18_v001-p001_over_018-schema0,schema0_no_contraction,counterpoint_symbolic_n3_wide_20_108_span18_v001-p001_over_018-schema0-schema0,counterpoint_symbolic_n3_wide_20_108_span18_v001,schema0_no_contraction,0,seed-7fe8666539580bdb,0,6,7,0,0,0,,,no_executable_unclosed,exploit_execute,0.2,False,True,no_executable_unclosed,True,True
counterpoint_second_serious_schema_comparison_v001,counterpoint_symbolic_n3_wide_20_108_span18_v001-p001_over_018-schema0-schema0_no_contraction-trainrep0,smoke_schema_comparison_first_sustained_hit,counterpoint_symbolic_n3_wide_20_108_span18_v001-p001_over_018-schema0,schema0_no_contraction,counterpoint_symbolic_n3_wide_20_108_span18_v001-p001_over_018-schema0-schema0,counterpoint_symbolic_n3_wide_20_108_span18_v001,schema0_no_contraction,0,seed-7fe8666539580bdb,0,6,8,0,0,0,,,no_executable_unclosed,train,0.2,True,True,no_executable_unclosed,False,False
counterpoint_second_serious_schema_comparison_v001,counterpoint_symbolic_n3_wide_20_108_span18_v001-p001_over_018-schema0-schema0_no_contraction-trainrep0,smoke_schema_comparison_first_sustained_hit,counterpoint_symbolic_n3_wide_20_108_span18_v001-p001_over_018-schema0,schema0_no_contraction,counterpoint_symbolic_n3_wide_20_108_span18_v001-p001_over_018-schema0-schema0,counterpoint_symbolic_n3_wide_20_108_span18_v001,schema0_no_contraction,0,seed-7fe8666539580bdb,0,6,9,0,0,0,0,True,at_selected,explore,0.30916193181818175,False,True,,True,True
counterpoint_second_serious_schema_comparison_v001,counterpoint_symbolic_n3_wide_20_108_span18_v001-p001_over_018-schema0-schema0_no_contraction-trainrep0,smoke_schema_comparison_first_sustained_hit,counterpoint_symbolic_n3_wide_20_108_span18_v001-p001_over_018-schema0,schema0_no_contraction,counterpoint_symbolic_n3_wide_20_108_span18_v001-p001_over_018-schema0-schema0,counterpoint_symbolic_n3_wide_20_108_span18_v001,schema0_no_contraction,0,seed-7fe8666539580bdb,0,7,0,0,0,0,0,True,at_selected,explore,1.0,False,True,,True,True
counterpoint_second_serious_schema_comparison_v001,counterpoint_symbolic_n3_wide_20_108_span18_v001-p001_over_018-schema0-schema0_no_contraction-trainrep0,smoke_schema_comparison_first_sustained_hit,counterpoint_symbolic_n3_wide_20_108_span18_v001-p001_over_018-schema0,schema0_no_contraction,counterpoint_symbolic_n3_wide_20_108_span18_v001-p001_over_018-schema0-schema0,counterpoint_symbolic_n3_wide_20_108_span18_v001,schema0_no_contraction,0,seed-7fe8666539580bdb,0,7,1,0,0,0,0,True,at_selected,explore,0.8,False,True,,True,True
counterpoint_second_serious_schema_comparison_v001,counterpoint_symbolic_n3_wide_20_108_span18_v001-p001_over_018-schema0-schema0_no_contraction-trainrep0,smoke_schema_comparison_first_sustained_hit,counterpoint_symbolic_n3_wide_20_108_span18_v001-p001_over_018-schema0,schema0_no_contraction,counterpoint_symbolic_n3_wide_20_108_span18_v001-p001_over_018-schema0-schema0,counterpoint_symbolic_n3_wide_20_108_span18_v001,schema0_no_contraction,0,seed-7fe8666539580bdb,0,7,2,0,0,0,0,True,at_selected,explore,0.6,False,True,,True,True
counterpoint_second_serious_schema_comparison_v001,counterpoint_symbolic_n3_wide_20_108_span18_v001-p001_over_018-schema0-schema0_no_contraction-trainrep0,smoke_schema_comparison_first_sustained_hit,counterpoint_symbolic_n3_wide_20_108_span18_v001-p001_over_018-schema0,schema0_no_contraction,counterpoint_symbolic_n3_wide_20_108_span18_v001-p001_over_018-schema0-schema0,counterpoint_symbolic_n3_wide_20_108_span18_v001,schema0_no_contraction,0,seed-7fe8666539580bdb,0,7,3,0,0,0,0,True,at_selected,explore,0.4,False,True,,True,True
counterpoint_second_serious_schema_comparison_v001,counterpoint_symbolic_n3_wide_20_108_span18_v001-p001_over_018-schema0-schema0_no_contraction-trainrep0,smoke_schema_comparison_first_sustained_hit,counterpoint_symbolic_n3_wide_20_108_span18_v001-p001_over_018-schema0,schema0_no_contraction,counterpoint_symbolic_n3_wide_20_108_span18_v001-p001_over_018-schema0-schema0,counterpoint_symbolic_n3_wide_20_108_span18_v001,schema0_no_contraction,0,seed-7fe8666539580bdb,0,7,4,0,0,0,0,True,at_selected,train,0.2,True,True,,False,False
counterpoint_second_serious_schema_comparison_v001,counterpoint_symbolic_n3_wide_20_108_span18_v001-p001_over_018-schema0-schema0_no_contraction-trainrep0,smoke_schema_comparison_first_sustained_hit,counterpoint_symbolic_n3_wide_20_108_span18_v001-p001_over_018-schema0,schema0_no_contraction,counterpoint_symbolic_n3_wide_20_108_span18_v001-p001_over_018-schema0-schema0,counterpoint_symbolic_n3_wide_20_108_span18_v001,schema0_no_contraction,0,seed-7fe8666539580bdb,0,7,5,0,0,0,0,True,at_selected,explore,0.3257575757575758,False,True,,True,True
counterpoint_second_serious_schema_comparison_v001,counterpoint_symbolic_n3_wide_20_108_span18_v001-p001_over_018-schema0-schema0_no_contraction-trainrep0,smoke_schema_comparison_first_sustained_hit,counterpoint_symbolic_n3_wide_20_108_span18_v001-p001_over_018-schema0,schema0_no_contraction,counterpoint_symbolic_n3_wide_20_108_span18_v001-p001_over_018-schema0-schema0,counterpoint_symbolic_n3_wide_20_108_span18_v001,schema0_no_contraction,0,seed-7fe8666539580bdb,0,7,6,0,0,0,,,no_executable_unclosed,exploit_execute,0.2,False,True,no_executable_unclosed,True,True
counterpoint_second_serious_schema_comparison_v001,counterpoint_symbolic_n3_wide_20_108_span18_v001-p001_over_018-schema0-schema0_no_contraction-trainrep0,smoke_schema_comparison_first_sustained_hit,counterpoint_symbolic_n3_wide_20_108_span18_v001-p001_over_018-schema0,schema0_no_contraction,counterpoint_symbolic_n3_wide_20_108_span18_v001-p001_over_018-schema0-schema0,counterpoint_symbolic_n3_wide_20_108_span18_v001,schema0_no_contraction,0,seed-7fe8666539580bdb,0,7,7,0,0,0,,,no_executable_unclosed,exploit_execute,0.2,False,True,no_executable_unclosed,True,True
counterpoint_second_serious_schema_comparison_v001,counterpoint_symbolic_n3_wide_20_108_span18_v001-p001_over_018-schema0-schema0_no_contraction-trainrep0,smoke_schema_comparison_first_sustained_hit,counterpoint_symbolic_n3_wide_20_108_span18_v001-p001_over_018-schema0,schema0_no_contraction,counterpoint_symbolic_n3_wide_20_108_span18_v001-p001_over_018-schema0-schema0,counterpoint_symbolic_n3_wide_20_108_span18_v001,schema0_no_contraction,0,seed-7fe8666539580bdb,0,7,8,0,0,0,,,no_executable_unclosed,train,0.2,True,True,no_executable_unclosed,False,False
counterpoint_second_serious_schema_comparison_v001,counterpoint_symbolic_n3_wide_20_108_span18_v001-p001_over_018-schema0-schema0_no_contraction-trainrep0,smoke_schema_comparison_first_sustained_hit,counterpoint_symbolic_n3_wide_20_108_span18_v001-p001_over_018-schema0,schema0_no_contraction,counterpoint_symbolic_n3_wide_20_108_span18_v001-p001_over_018-schema0-schema0,counterpoint_symbolic_n3_wide_20_108_span18_v001,schema0_no_contraction,0,seed-7fe8666539580bdb,0,7,9,0,0,0,0,True,at_selected,explore,0.3955492424242424,False,True,,True,True
counterpoint_second_serious_schema_comparison_v001,counterpoint_symbolic_n3_wide_20_108_span18_v001-p001_over_018-schema0-schema0_no_contraction-trainrep0,smoke_schema_comparison_first_sustained_hit,counterpoint_symbolic_n3_wide_20_108_span18_v001-p001_over_018-schema0,schema0_no_contraction,counterpoint_symbolic_n3_wide_20_108_span18_v001-p001_over_018-schema0-schema0,counterpoint_symbolic_n3_wide_20_108_span18_v001,schema0_no_contraction,0,seed-7fe8666539580bdb,0,8,0,0,0,0,0,True,at_selected,explore,1.0,False,True,,True,True
counterpoint_second_serious_schema_comparison_v001,counterpoint_symbolic_n3_wide_20_108_span18_v001-p001_over_018-schema0-schema0_no_contraction-trainrep0,smoke_schema_comparison_first_sustained_hit,counterpoint_symbolic_n3_wide_20_108_span18_v001-p001_over_018-schema0,schema0_no_contraction,counterpoint_symbolic_n3_wide_20_108_span18_v001-p001_over_018-schema0-schema0,counterpoint_symbolic_n3_wide_20_108_span18_v001,schema0_no_contraction,0,seed-7fe8666539580bdb,0,8,1,0,0,0,0,True,at_selected,explore,0.8,False,True,,True,True
counterpoint_second_serious_schema_comparison_v001,counterpoint_symbolic_n3_wide_20_108_span18_v001-p001_over_018-schema0-schema0_no_contraction-trainrep0,smoke_schema_comparison_first_sustained_hit,counterpoint_symbolic_n3_wide_20_108_span18_v001-p001_over_018-schema0,schema0_no_contraction,counterpoint_symbolic_n3_wide_20_108_span18_v001-p001_over_018-schema0-schema0,counterpoint_symbolic_n3_wide_20_108_span18_v001,schema0_no_contraction,0,seed-7fe8666539580bdb,0,8,2,0,0,0,0,True,at_selected,explore,0.6,False,True,,True,True
counterpoint_second_serious_schema_comparison_v001,counterpoint_symbolic_n3_wide_20_108_span18_v001-p001_over_018-schema0-schema0_no_contraction-trainrep0,smoke_schema_comparison_first_sustained_hit,counterpoint_symbolic_n3_wide_20_108_span18_v001-p001_over_018-schema0,schema0_no_contraction,counterpoint_symbolic_n3_wide_20_108_span18_v001-p001_over_018-schema0-schema0,counterpoint_symbolic_n3_wide_20_108_span18_v001,schema0_no_contraction,0,seed-7fe8666539580bdb,0,8,3,0,0,0,0,True,at_selected,explore,0.4,False,True,,True,True
counterpoint_second_serious_schema_comparison_v001,counterpoint_symbolic_n3_wide_20_108_span18_v001-p001_over_018-schema0-schema0_no_contraction-trainrep0,smoke_schema_comparison_first_sustained_hit,counterpoint_symbolic_n3_wide_20_108_span18_v001-p001_over_018-schema0,schema0_no_contraction,counterpoint_symbolic_n3_wide_20_108_span18_v001-p001_over_018-schema0-schema0,counterpoint_symbolic_n3_wide_20_108_span18_v001,schema0_no_contraction,0,seed-7fe8666539580bdb,0,8,4,0,0,0,0,True,at_selected,train,0.2,True,True,,False,False
counterpoint_second_serious_schema_comparison_v001,counterpoint_symbolic_n3_wide_20_108_span18_v001-p001_over_018-schema0-schema0_no_contraction-trainrep0,smoke_schema_comparison_first_sustained_hit,counterpoint_symbolic_n3_wide_20_108_span18_v001-p001_over_018-schema0,schema0_no_contraction,counterpoint_symbolic_n3_wide_20_108_span18_v001-p001_over_018-schema0-schema0,counterpoint_symbolic_n3_wide_20_108_span18_v001,schema0_no_contraction,0,seed-7fe8666539580bdb,0,8,5,0,0,0,0,True,at_selected,explore,0.21742424242424252,False,True,,True,True
counterpoint_second_serious_schema_comparison_v001,counterpoint_symbolic_n3_wide_20_108_span18_v001-p001_over_018-schema0-schema0_no_contraction-trainrep0,smoke_schema_comparison_first_sustained_hit,counterpoint_symbolic_n3_wide_20_108_span18_v001-p001_over_018-schema0,schema0_no_contraction,counterpoint_symbolic_n3_wide_20_108_span18_v001-p001_over_018-schema0-schema0,counterpoint_symbolic_n3_wide_20_108_span18_v001,schema0_no_contraction,0,seed-7fe8666539580bdb,0,8,6,0,0,0,,,no_executable_unclosed,exploit_execute,0.2,False,True,no_executable_unclosed,True,True
counterpoint_second_serious_schema_comparison_v001,counterpoint_symbolic_n3_wide_20_108_span18_v001-p001_over_018-schema0-schema0_no_contraction-trainrep0,smoke_schema_comparison_first_sustained_hit,counterpoint_symbolic_n3_wide_20_108_span18_v001-p001_over_018-schema0,schema0_no_contraction,counterpoint_symbolic_n3_wide_20_108_span18_v001-p001_over_018-schema0-schema0,counterpoint_symbolic_n3_wide_20_108_span18_v001,schema0_no_contraction,0,seed-7fe8666539580bdb,0,8,7,0,0,0,,,no_executable_unclosed,exploit_execute,0.2,False,True,no_executable_unclosed,True,True
counterpoint_second_serious_schema_comparison_v001,counterpoint_symbolic_n3_wide_20_108_span18_v001-p001_over_018-schema0-schema0_no_contraction-trainrep0,smoke_schema_comparison_first_sustained_hit,counterpoint_symbolic_n3_wide_20_108_span18_v001-p001_over_018-schema0,schema0_no_contraction,counterpoint_symbolic_n3_wide_20_108_span18_v001-p001_over_018-schema0-schema0,counterpoint_symbolic_n3_wide_20_108_span18_v001,schema0_no_contraction,0,seed-7fe8666539580bdb,0,8,8,0,0,0,,,no_executable_unclosed,train,0.2,True,True,no_executable_unclosed,False,False
counterpoint_second_serious_schema_comparison_v001,counterpoint_symbolic_n3_wide_20_108_span18_v001-p001_over_018-schema0-schema0_no_contraction-trainrep0,smoke_schema_comparison_first_sustained_hit,counterpoint_symbolic_n3_wide_20_108_span18_v001-p001_over_018-schema0,schema0_no_contraction,counterpoint_symbolic_n3_wide_20_108_span18_v001-p001_over_018-schema0-schema0,counterpoint_symbolic_n3_wide_20_108_span18_v001,schema0_no_contraction,0,seed-7fe8666539580bdb,0,8,9,0,0,0,0,True,at_selected,explore,0.6681420454545457,False,True,,True,True
counterpoint_second_serious_schema_comparison_v001,counterpoint_symbolic_n3_wide_20_108_span18_v001-p001_over_018-schema0-schema0_no_contraction-trainrep0,smoke_schema_comparison_first_sustained_hit,counterpoint_symbolic_n3_wide_20_108_span18_v001-p001_over_018-schema0,schema0_no_contraction,counterpoint_symbolic_n3_wide_20_108_span18_v001-p001_over_018-schema0-schema0,counterpoint_symbolic_n3_wide_20_108_span18_v001,schema0_no_contraction,0,seed-7fe8666539580bdb,0,9,0,0,0,0,0,True,at_selected,explore,1.0,False,True,,True,True
counterpoint_second_serious_schema_comparison_v001,counterpoint_symbolic_n3_wide_20_108_span18_v001-p001_over_018-schema0-schema0_no_contraction-trainrep0,smoke_schema_comparison_first_sustained_hit,counterpoint_symbolic_n3_wide_20_108_span18_v001-p001_over_018-schema0,schema0_no_contraction,counterpoint_symbolic_n3_wide_20_108_span18_v001-p001_over_018-schema0-schema0,counterpoint_symbolic_n3_wide_20_108_span18_v001,schema0_no_contraction,0,seed-7fe8666539580bdb,0,9,1,0,0,0,0,True,at_selected,explore,0.8,False,True,,True,True
counterpoint_second_serious_schema_comparison_v001,counterpoint_symbolic_n3_wide_20_108_span18_v001-p001_over_018-schema0-schema0_no_contraction-trainrep0,smoke_schema_comparison_first_sustained_hit,counterpoint_symbolic_n3_wide_20_108_span18_v001-p001_over_018-schema0,schema0_no_contraction,counterpoint_symbolic_n3_wide_20_108_span18_v001-p001_over_018-schema0-schema0,counterpoint_symbolic_n3_wide_20_108_span18_v001,schema0_no_contraction,0,seed-7fe8666539580bdb,0,9,2,0,0,0,0,True,at_selected,explore,0.6,False,True,,True,True
counterpoint_second_serious_schema_comparison_v001,counterpoint_symbolic_n3_wide_20_108_span18_v001-p001_over_018-schema0-schema0_no_contraction-trainrep0,smoke_schema_comparison_first_sustained_hit,counterpoint_symbolic_n3_wide_20_108_span18_v001-p001_over_018-schema0,schema0_no_contraction,counterpoint_symbolic_n3_wide_20_108_span18_v001-p001_over_018-schema0-schema0,counterpoint_symbolic_n3_wide_20_108_span18_v001,schema0_no_contraction,0,seed-7fe8666539580bdb,0,9,3,0,0,0,0,True,at_selected,explore,0.4,False,True,,True,True
counterpoint_second_serious_schema_comparison_v001,counterpoint_symbolic_n3_wide_20_108_span18_v001-p001_over_018-schema0-schema0_no_contraction-trainrep0,smoke_schema_comparison_first_sustained_hit,counterpoint_symbolic_n3_wide_20_108_span18_v001-p001_over_018-schema0,schema0_no_contraction,counterpoint_symbolic_n3_wide_20_108_span18_v001-p001_over_018-schema0-schema0,counterpoint_symbolic_n3_wide_20_108_span18_v001,schema0_no_contraction,0,seed-7fe8666539580bdb,0,9,4,0,0,0,0,True,at_selected,train,0.2,True,True,,False,False
counterpoint_second_serious_schema_comparison_v001,counterpoint_symbolic_n3_wide_20_108_span18_v001-p001_over_018-schema0-schema0_no_contraction-trainrep0,smoke_schema_comparison_first_sustained_hit,counterpoint_symbolic_n3_wide_20_108_span18_v001-p001_over_018-schema0,schema0_no_contraction,counterpoint_symbolic_n3_wide_20_108_span18_v001-p001_over_018-schema0-schema0,counterpoint_symbolic_n3_wide_20_108_span18_v001,schema0_no_contraction,0,seed-7fe8666539580bdb,0,9,5,0,0,0,0,True,at_selected,explore,0.27575757575757576,False,True,,True,True
counterpoint_second_serious_schema_comparison_v001,counterpoint_symbolic_n3_wide_20_108_span18_v001-p001_over_018-schema0-schema0_no_contraction-trainrep0,smoke_schema_comparison_first_sustained_hit,counterpoint_symbolic_n3_wide_20_108_span18_v001-p001_over_018-schema0,schema0_no_contraction,counterpoint_symbolic_n3_wide_20_108_span18_v001-p001_over_018-schema0-schema0,counterpoint_symbolic_n3_wide_20_108_span18_v001,schema0_no_contraction,0,seed-7fe8666539580bdb,0,9,6,0,0,0,,,no_executable_unclosed,exploit_execute,0.2,False,True,no_executable_unclosed,True,True
counterpoint_second_serious_schema_comparison_v001,counterpoint_symbolic_n3_wide_20_108_span18_v001-p001_over_018-schema0-schema0_no_contraction-trainrep0,smoke_schema_comparison_first_sustained_hit,counterpoint_symbolic_n3_wide_20_108_span18_v001-p001_over_018-schema0,schema0_no_contraction,counterpoint_symbolic_n3_wide_20_108_span18_v001-p001_over_018-schema0-schema0,counterpoint_symbolic_n3_wide_20_108_span18_v001,schema0_no_contraction,0,seed-7fe8666539580bdb,0,9,7,0,0,0,,,no_executable_unclosed,exploit_execute,0.2,False,True,no_executable_unclosed,True,True
counterpoint_second_serious_schema_comparison_v001,counterpoint_symbolic_n3_wide_20_108_span18_v001-p001_over_018-schema0-schema0_no_contraction-trainrep0,smoke_schema_comparison_first_sustained_hit,counterpoint_symbolic_n3_wide_20_108_span18_v001-p001_over_018-schema0,schema0_no_contraction,counterpoint_symbolic_n3_wide_20_108_span18_v001-p001_over_018-schema0-schema0,counterpoint_symbolic_n3_wide_20_108_span18_v001,schema0_no_contraction,0,seed-7fe8666539580bdb,0,9,8,0,0,0,,,no_executable_unclosed,train,0.2,True,True,no_executable_unclosed,False,False
counterpoint_second_serious_schema_comparison_v001,counterpoint_symbolic_n3_wide_20_108_span18_v001-p001_over_018-schema0-schema0_no_contraction-trainrep0,smoke_schema_comparison_first_sustained_hit,counterpoint_symbolic_n3_wide_20_108_span18_v001-p001_over_018-schema0,schema0_no_contraction,counterpoint_symbolic_n3_wide_20_108_span18_v001-p001_over_018-schema0-schema0,counterpoint_symbolic_n3_wide_20_108_span18_v001,schema0_no_contraction,0,seed-7fe8666539580bdb,0,9,9,0,0,0,0,True,at_selected,explore,0.3833333333333333,False,True,,True,True
counterpoint_second_serious_schema_comparison_v001,counterpoint_symbolic_n3_wide_20_108_span18_v001-p001_over_018-schema0-schema0_no_contraction-trainrep0,smoke_schema_comparison_first_sustained_hit,counterpoint_symbolic_n3_wide_20_108_span18_v001-p001_over_018-schema0,schema0_no_contraction,counterpoint_symbolic_n3_wide_20_108_span18_v001-p001_over_018-schema0-schema0,counterpoint_symbolic_n3_wide_20_108_span18_v001,schema0_no_contraction,0,seed-7fe8666539580bdb,0,10,0,0,0,0,0,True,at_selected,explore,1.0,False,True,,True,True
counterpoint_second_serious_schema_comparison_v001,counterpoint_symbolic_n3_wide_20_108_span18_v001-p001_over_018-schema0-schema0_no_contraction-trainrep0,smoke_schema_comparison_first_sustained_hit,counterpoint_symbolic_n3_wide_20_108_span18_v001-p001_over_018-schema0,schema0_no_contraction,counterpoint_symbolic_n3_wide_20_108_span18_v001-p001_over_018-schema0-schema0,counterpoint_symbolic_n3_wide_20_108_span18_v001,schema0_no_contraction,0,seed-7fe8666539580bdb,0,10,1,0,0,0,0,True,at_selected,explore,0.8,False,True,,True,True
counterpoint_second_serious_schema_comparison_v001,counterpoint_symbolic_n3_wide_20_108_span18_v001-p001_over_018-schema0-schema0_no_contraction-trainrep0,smoke_schema_comparison_first_sustained_hit,counterpoint_symbolic_n3_wide_20_108_span18_v001-p001_over_018-schema0,schema0_no_contraction,counterpoint_symbolic_n3_wide_20_108_span18_v001-p001_over_018-schema0-schema0,counterpoint_symbolic_n3_wide_20_108_span18_v001,schema0_no_contraction,0,seed-7fe8666539580bdb,0,10,2,0,0,0,0,True,at_selected,explore,0.6,False,True,,True,True
counterpoint_second_serious_schema_comparison_v001,counterpoint_symbolic_n3_wide_20_108_span18_v001-p001_over_018-schema0-schema0_no_contraction-trainrep0,smoke_schema_comparison_first_sustained_hit,counterpoint_symbolic_n3_wide_20_108_span18_v001-p001_over_018-schema0,schema0_no_contraction,counterpoint_symbolic_n3_wide_20_108_span18_v001-p001_over_018-schema0-schema0,counterpoint_symbolic_n3_wide_20_108_span18_v001,schema0_no_contraction,0,seed-7fe8666539580bdb,0,10,3,0,0,0,0,True,at_selected,explore,0.4,False,True,,True,True
counterpoint_second_serious_schema_comparison_v001,counterpoint_symbolic_n3_wide_20_108_span18_v001-p001_over_018-schema0-schema0_no_contraction-trainrep0,smoke_schema_comparison_first_sustained_hit,counterpoint_symbolic_n3_wide_20_108_span18_v001-p001_over_018-schema0,schema0_no_contraction,counterpoint_symbolic_n3_wide_20_108_span18_v001-p001_over_018-schema0-schema0,counterpoint_symbolic_n3_wide_20_108_span18_v001,schema0_no_contraction,0,seed-7fe8666539580bdb,0,10,4,0,0,0,0,True,at_selected,train,0.2,True,True,,False,False
counterpoint_second_serious_schema_comparison_v001,counterpoint_symbolic_n3_wide_20_108_span18_v001-p001_over_018-schema0-schema0_no_contraction-trainrep0,smoke_schema_comparison_first_sustained_hit,counterpoint_symbolic_n3_wide_20_108_span18_v001-p001_over_018-schema0,schema0_no_contraction,counterpoint_symbolic_n3_wide_20_108_span18_v001-p001_over_018-schema0-schema0,counterpoint_symbolic_n3_wide_20_108_span18_v001,schema0_no_contraction,0,seed-7fe8666539580bdb,0,10,5,0,0,0,0,True,at_selected,explore,0.31818181818181823,False,True,,True,True
counterpoint_second_serious_schema_comparison_v001,counterpoint_symbolic_n3_wide_20_108_span18_v001-p001_over_018-schema0-schema0_no_contraction-trainrep0,smoke_schema_comparison_first_sustained_hit,counterpoint_symbolic_n3_wide_20_108_span18_v001-p001_over_018-schema0,schema0_no_contraction,counterpoint_symbolic_n3_wide_20_108_span18_v001-p001_over_018-schema0-schema0,counterpoint_symbolic_n3_wide_20_108_span18_v001,schema0_no_contraction,0,seed-7fe8666539580bdb,0,10,6,0,0,0,,,no_executable_unclosed,exploit_execute,0.2,False,True,no_executable_unclosed,True,True
counterpoint_second_serious_schema_comparison_v001,counterpoint_symbolic_n3_wide_20_108_span18_v001-p001_over_018-schema0-schema0_no_contraction-trainrep0,smoke_schema_comparison_first_sustained_hit,counterpoint_symbolic_n3_wide_20_108_span18_v001-p001_over_018-schema0,schema0_no_contraction,counterpoint_symbolic_n3_wide_20_108_span18_v001-p001_over_018-schema0-schema0,counterpoint_symbolic_n3_wide_20_108_span18_v001,schema0_no_contraction,0,seed-7fe8666539580bdb,0,10,7,0,0,0,,,no_executable_unclosed,exploit_execute,0.2,False,True,no_executable_unclosed,True,True
counterpoint_second_serious_schema_comparison_v001,counterpoint_symbolic_n3_wide_20_108_span18_v001-p001_over_018-schema0-schema0_no_contraction-trainrep0,smoke_schema_comparison_first_sustained_hit,counterpoint_symbolic_n3_wide_20_108_span18_v001-p001_over_018-schema0,schema0_no_contraction,counterpoint_symbolic_n3_wide_20_108_span18_v001-p001_over_018-schema0-schema0,counterpoint_symbolic_n3_wide_20_108_span18_v001,schema0_no_contraction,0,seed-7fe8666539580bdb,0,10,8,0,0,0,,,no_executable_unclosed,train,0.2,True,True,no_executable_unclosed,False,False
counterpoint_second_serious_schema_comparison_v001,counterpoint_symbolic_n3_wide_20_108_span18_v001-p001_over_018-schema0-schema0_no_contraction-trainrep0,smoke_schema_comparison_first_sustained_hit,counterpoint_symbolic_n3_wide_20_108_span18_v001-p001_over_018-schema0,schema0_no_contraction,counterpoint_symbolic_n3_wide_20_108_span18_v001-p001_over_018-schema0-schema0,counterpoint_symbolic_n3_wide_20_108_span18_v001,schema0_no_contraction,0,seed-7fe8666539580bdb,0,10,9,0,0,0,0,True,at_selected,explore,0.3568181818181818,False,True,,True,True
counterpoint_second_serious_schema_comparison_v001,counterpoint_symbolic_n3_wide_20_108_span18_v001-p001_over_018-schema0-schema0_no_contraction-trainrep0,smoke_schema_comparison_first_sustained_hit,counterpoint_symbolic_n3_wide_20_108_span18_v001-p001_over_018-schema0,schema0_no_contraction,counterpoint_symbolic_n3_wide_20_108_span18_v001-p001_over_018-schema0-schema0,counterpoint_symbolic_n3_wide_20_108_span18_v001,schema0_no_contraction,0,seed-7fe8666539580bdb,0,11,0,0,0,0,0,True,at_selected,explore,1.0,False,True,,True,True
counterpoint_second_serious_schema_comparison_v001,counterpoint_symbolic_n3_wide_20_108_span18_v001-p001_over_018-schema0-schema0_no_contraction-trainrep0,smoke_schema_comparison_first_sustained_hit,counterpoint_symbolic_n3_wide_20_108_span18_v001-p001_over_018-schema0,schema0_no_contraction,counterpoint_symbolic_n3_wide_20_108_span18_v001-p001_over_018-schema0-schema0,counterpoint_symbolic_n3_wide_20_108_span18_v001,schema0_no_contraction,0,seed-7fe8666539580bdb,0,11,1,0,0,0,0,True,at_selected,explore,0.8,False,True,,True,True
counterpoint_second_serious_schema_comparison_v001,counterpoint_symbolic_n3_wide_20_108_span18_v001-p001_over_018-schema0-schema0_no_contraction-trainrep0,smoke_schema_comparison_first_sustained_hit,counterpoint_symbolic_n3_wide_20_108_span18_v001-p001_over_018-schema0,schema0_no_contraction,counterpoint_symbolic_n3_wide_20_108_span18_v001-p001_over_018-schema0-schema0,counterpoint_symbolic_n3_wide_20_108_span18_v001,schema0_no_contraction,0,seed-7fe8666539580bdb,0,11,2,0,0,0,0,True,at_selected,explore,0.6,False,True,,True,True
counterpoint_second_serious_schema_comparison_v001,counterpoint_symbolic_n3_wide_20_108_span18_v001-p001_over_018-schema0-schema0_no_contraction-trainrep0,smoke_schema_comparison_first_sustained_hit,counterpoint_symbolic_n3_wide_20_108_span18_v001-p001_over_018-schema0,schema0_no_contraction,counterpoint_symbolic_n3_wide_20_108_span18_v001-p001_over_018-schema0-schema0,counterpoint_symbolic_n3_wide_20_108_span18_v001,schema0_no_contraction,0,seed-7fe8666539580bdb,0,11,3,0,0,0,0,True,at_selected,explore,0.4,False,True,,True,True
counterpoint_second_serious_schema_comparison_v001,counterpoint_symbolic_n3_wide_20_108_span18_v001-p001_over_018-schema0-schema0_no_contraction-trainrep0,smoke_schema_comparison_first_sustained_hit,counterpoint_symbolic_n3_wide_20_108_span18_v001-p001_over_018-schema0,schema0_no_contraction,counterpoint_symbolic_n3_wide_20_108_span18_v001-p001_over_018-schema0-schema0,counterpoint_symbolic_n3_wide_20_108_span18_v001,schema0_no_contraction,0,seed-7fe8666539580bdb,0,11,4,0,0,0,0,True,at_selected,train,0.2,True,True,,False,False
counterpoint_second_serious_schema_comparison_v001,counterpoint_symbolic_n3_wide_20_108_span18_v001-p001_over_018-schema0-schema0_no_contraction-trainrep0,smoke_schema_comparison_first_sustained_hit,counterpoint_symbolic_n3_wide_20_108_span18_v001-p001_over_018-schema0,schema0_no_contraction,counterpoint_symbolic_n3_wide_20_108_span18_v001-p001_over_018-schema0-schema0,counterpoint_symbolic_n3_wide_20_108_span18_v001,schema0_no_contraction,0,seed-7fe8666539580bdb,0,11,5,0,0,0,0,True,at_selected,explore,0.33257575757575764,False,True,,True,True
counterpoint_second_serious_schema_comparison_v001,counterpoint_symbolic_n3_wide_20_108_span18_v001-p001_over_018-schema0-schema0_no_contraction-trainrep0,smoke_schema_comparison_first_sustained_hit,counterpoint_symbolic_n3_wide_20_108_span18_v001-p001_over_018-schema0,schema0_no_contraction,counterpoint_symbolic_n3_wide_20_108_span18_v001-p001_over_018-schema0-schema0,counterpoint_symbolic_n3_wide_20_108_span18_v001,schema0_no_contraction,0,seed-7fe8666539580bdb,0,11,6,0,0,0,,,no_executable_unclosed,exploit_execute,0.2,False,True,no_executable_unclosed,True,True
counterpoint_second_serious_schema_comparison_v001,counterpoint_symbolic_n3_wide_20_108_span18_v001-p001_over_018-schema0-schema0_no_contraction-trainrep0,smoke_schema_comparison_first_sustained_hit,counterpoint_symbolic_n3_wide_20_108_span18_v001-p001_over_018-schema0,schema0_no_contraction,counterpoint_symbolic_n3_wide_20_108_span18_v001-p001_over_018-schema0-schema0,counterpoint_symbolic_n3_wide_20_108_span18_v001,schema0_no_contraction,0,seed-7fe8666539580bdb,0,11,7,0,0,0,,,no_executable_unclosed,exploit_execute,0.2,False,True,no_executable_unclosed,True,True
counterpoint_second_serious_schema_comparison_v001,counterpoint_symbolic_n3_wide_20_108_span18_v001-p001_over_018-schema0-schema0_no_contraction-trainrep0,smoke_schema_comparison_first_sustained_hit,counterpoint_symbolic_n3_wide_20_108_span18_v001-p001_over_018-schema0,schema0_no_contraction,counterpoint_symbolic_n3_wide_20_108_span18_v001-p001_over_018-schema0-schema0,counterpoint_symbolic_n3_wide_20_108_span18_v001,schema0_no_contraction,0,seed-7fe8666539580bdb,0,11,8,0,0,0,,,no_executable_unclosed,train,0.2,True,True,no_executable_unclosed,False,False
counterpoint_second_serious_schema_comparison_v001,counterpoint_symbolic_n3_wide_20_108_span18_v001-p001_over_018-schema0-schema0_no_contraction-trainrep0,smoke_schema_comparison_first_sustained_hit,counterpoint_symbolic_n3_wide_20_108_span18_v001-p001_over_018-schema0,schema0_no_contraction,counterpoint_symbolic_n3_wide_20_108_span18_v001-p001_over_018-schema0-schema0,counterpoint_symbolic_n3_wide_20_108_span18_v001,schema0_no_contraction,0,seed-7fe8666539580bdb,0,11,9,0,0,0,0,True,at_selected,explore,0.3008996212121211,False,True,,True,True
counterpoint_second_serious_schema_comparison_v001,counterpoint_symbolic_n3_wide_20_108_span18_v001-p001_over_018-schema0-schema0_no_contraction-trainrep0,smoke_schema_comparison_first_sustained_hit,counterpoint_symbolic_n3_wide_20_108_span18_v001-p001_over_018-schema0,schema0_no_contraction,counterpoint_symbolic_n3_wide_20_108_span18_v001-p001_over_018-schema0-schema0,counterpoint_symbolic_n3_wide_20_108_span18_v001,schema0_no_contraction,0,seed-7fe8666539580bdb,0,12,0,0,0,0,0,True,at_selected,explore,1.0,False,True,,True,True
counterpoint_second_serious_schema_comparison_v001,counterpoint_symbolic_n3_wide_20_108_span18_v001-p001_over_018-schema0-schema0_no_contraction-trainrep0,smoke_schema_comparison_first_sustained_hit,counterpoint_symbolic_n3_wide_20_108_span18_v001-p001_over_018-schema0,schema0_no_contraction,counterpoint_symbolic_n3_wide_20_108_span18_v001-p001_over_018-schema0-schema0,counterpoint_symbolic_n3_wide_20_108_span18_v001,schema0_no_contraction,0,seed-7fe8666539580bdb,0,12,1,0,0,0,0,True,at_selected,explore,0.8,False,True,,True,True
counterpoint_second_serious_schema_comparison_v001,counterpoint_symbolic_n3_wide_20_108_span18_v001-p001_over_018-schema0-schema0_no_contraction-trainrep0,smoke_schema_comparison_first_sustained_hit,counterpoint_symbolic_n3_wide_20_108_span18_v001-p001_over_018-schema0,schema0_no_contraction,counterpoint_symbolic_n3_wide_20_108_span18_v001-p001_over_018-schema0-schema0,counterpoint_symbolic_n3_wide_20_108_span18_v001,schema0_no_contraction,0,seed-7fe8666539580bdb,0,12,2,0,0,0,0,True,at_selected,explore,0.6,False,True,,True,True
counterpoint_second_serious_schema_comparison_v001,counterpoint_symbolic_n3_wide_20_108_span18_v001-p001_over_018-schema0-schema0_no_contraction-trainrep0,smoke_schema_comparison_first_sustained_hit,counterpoint_symbolic_n3_wide_20_108_span18_v001-p001_over_018-schema0,schema0_no_contraction,counterpoint_symbolic_n3_wide_20_108_span18_v001-p001_over_018-schema0-schema0,counterpoint_symbolic_n3_wide_20_108_span18_v001,schema0_no_contraction,0,seed-7fe8666539580bdb,0,12,3,0,0,0,0,True,at_selected,explore,0.4,False,True,,True,True
counterpoint_second_serious_schema_comparison_v001,counterpoint_symbolic_n3_wide_20_108_span18_v001-p001_over_018-schema0-schema0_no_contraction-trainrep0,smoke_schema_comparison_first_sustained_hit,counterpoint_symbolic_n3_wide_20_108_span18_v001-p001_over_018-schema0,schema0_no_contraction,counterpoint_symbolic_n3_wide_20_108_span18_v001-p001_over_018-schema0-schema0,counterpoint_symbolic_n3_wide_20_108_span18_v001,schema0_no_contraction,0,seed-7fe8666539580bdb,0,12,4,0,0,0,0,True,at_selected,train,0.2,True,True,,False,False
counterpoint_second_serious_schema_comparison_v001,counterpoint_symbolic_n3_wide_20_108_span18_v001-p001_over_018-schema0-schema0_no_contraction-trainrep0,smoke_schema_comparison_first_sustained_hit,counterpoint_symbolic_n3_wide_20_108_span18_v001-p001_over_018-schema0,schema0_no_contraction,counterpoint_symbolic_n3_wide_20_108_span18_v001-p001_over_018-schema0-schema0,counterpoint_symbolic_n3_wide_20_108_span18_v001,schema0_no_contraction,0,seed-7fe8666539580bdb,0,12,5,0,0,0,0,True,at_selected,explore,0.24810606060606055,False,True,,True,True
counterpoint_second_serious_schema_comparison_v001,counterpoint_symbolic_n3_wide_20_108_span18_v001-p001_over_018-schema0-schema0_no_contraction-trainrep0,smoke_schema_comparison_first_sustained_hit,counterpoint_symbolic_n3_wide_20_108_span18_v001-p001_over_018-schema0,schema0_no_contraction,counterpoint_symbolic_n3_wide_20_108_span18_v001-p001_over_018-schema0-schema0,counterpoint_symbolic_n3_wide_20_108_span18_v001,schema0_no_contraction,0,seed-7fe8666539580bdb,0,12,6,0,0,0,,,no_executable_unclosed,exploit_execute,0.2,False,True,no_executable_unclosed,True,True
counterpoint_second_serious_schema_comparison_v001,counterpoint_symbolic_n3_wide_20_108_span18_v001-p001_over_018-schema0-schema0_no_contraction-trainrep0,smoke_schema_comparison_first_sustained_hit,counterpoint_symbolic_n3_wide_20_108_span18_v001-p001_over_018-schema0,schema0_no_contraction,counterpoint_symbolic_n3_wide_20_108_span18_v001-p001_over_018-schema0-schema0,counterpoint_symbolic_n3_wide_20_108_span18_v001,schema0_no_contraction,0,seed-7fe8666539580bdb,0,12,7,0,0,0,,,no_executable_unclosed,exploit_execute,0.2,False,True,no_executable_unclosed,True,True
counterpoint_second_serious_schema_comparison_v001,counterpoint_symbolic_n3_wide_20_108_span18_v001-p001_over_018-schema0-schema0_no_contraction-trainrep0,smoke_schema_comparison_first_sustained_hit,counterpoint_symbolic_n3_wide_20_108_span18_v001-p001_over_018-schema0,schema0_no_contraction,counterpoint_symbolic_n3_wide_20_108_span18_v001-p001_over_018-schema0-schema0,counterpoint_symbolic_n3_wide_20_108_span18_v001,schema0_no_contraction,0,seed-7fe8666539580bdb,0,12,8,0,0,0,,,no_executable_unclosed,train,0.2,True,True,no_executable_unclosed,False,False
counterpoint_second_serious_schema_comparison_v001,counterpoint_symbolic_n3_wide_20_108_span18_v001-p001_over_018-schema0-schema0_no_contraction-trainrep0,smoke_schema_comparison_first_sustained_hit,counterpoint_symbolic_n3_wide_20_108_span18_v001-p001_over_018-schema0,schema0_no_contraction,counterpoint_symbolic_n3_wide_20_108_span18_v001-p001_over_018-schema0-schema0,counterpoint_symbolic_n3_wide_20_108_span18_v001,schema0_no_contraction,0,seed-7fe8666539580bdb,0,12,9,0,0,0,0,True,at_selected,explore,0.7006354166666666,False,True,,True,True
counterpoint_second_serious_schema_comparison_v001,counterpoint_symbolic_n3_wide_20_108_span18_v001-p001_over_018-schema0-schema0_no_contraction-trainrep0,smoke_schema_comparison_first_sustained_hit,counterpoint_symbolic_n3_wide_20_108_span18_v001-p001_over_018-schema0,schema0_no_contraction,counterpoint_symbolic_n3_wide_20_108_span18_v001-p001_over_018-schema0-schema0,counterpoint_symbolic_n3_wide_20_108_span18_v001,schema0_no_contraction,0,seed-7fe8666539580bdb,0,13,0,0,0,0,0,True,at_selected,explore,1.0,False,True,,True,True
counterpoint_second_serious_schema_comparison_v001,counterpoint_symbolic_n3_wide_20_108_span18_v001-p001_over_018-schema0-schema0_no_contraction-trainrep0,smoke_schema_comparison_first_sustained_hit,counterpoint_symbolic_n3_wide_20_108_span18_v001-p001_over_018-schema0,schema0_no_contraction,counterpoint_symbolic_n3_wide_20_108_span18_v001-p001_over_018-schema0-schema0,counterpoint_symbolic_n3_wide_20_108_span18_v001,schema0_no_contraction,0,seed-7fe8666539580bdb,0,13,1,0,0,0,0,True,at_selected,explore,0.8,False,True,,True,True
counterpoint_second_serious_schema_comparison_v001,counterpoint_symbolic_n3_wide_20_108_span18_v001-p001_over_018-schema0-schema0_no_contraction-trainrep0,smoke_schema_comparison_first_sustained_hit,counterpoint_symbolic_n3_wide_20_108_span18_v001-p001_over_018-schema0,schema0_no_contraction,counterpoint_symbolic_n3_wide_20_108_span18_v001-p001_over_018-schema0-schema0,counterpoint_symbolic_n3_wide_20_108_span18_v001,schema0_no_contraction,0,seed-7fe8666539580bdb,0,13,2,0,0,0,0,True,at_selected,explore,0.6,False,True,,True,True
counterpoint_second_serious_schema_comparison_v001,counterpoint_symbolic_n3_wide_20_108_span18_v001-p001_over_018-schema0-schema0_no_contraction-trainrep0,smoke_schema_comparison_first_sustained_hit,counterpoint_symbolic_n3_wide_20_108_span18_v001-p001_over_018-schema0,schema0_no_contraction,counterpoint_symbolic_n3_wide_20_108_span18_v001-p001_over_018-schema0-schema0,counterpoint_symbolic_n3_wide_20_108_span18_v001,schema0_no_contraction,0,seed-7fe8666539580bdb,0,13,3,0,0,0,0,True,at_selected,explore,0.4,False,True,,True,True
counterpoint_second_serious_schema_comparison_v001,counterpoint_symbolic_n3_wide_20_108_span18_v001-p001_over_018-schema0-schema0_no_contraction-trainrep0,smoke_schema_comparison_first_sustained_hit,counterpoint_symbolic_n3_wide_20_108_span18_v001-p001_over_018-schema0,schema0_no_contraction,counterpoint_symbolic_n3_wide_20_108_span18_v001-p001_over_018-schema0-schema0,counterpoint_symbolic_n3_wide_20_108_span18_v001,schema0_no_contraction,0,seed-7fe8666539580bdb,0,13,4,0,0,0,0,True,at_selected,train,0.2,True,True,,False,False
counterpoint_second_serious_schema_comparison_v001,counterpoint_symbolic_n3_wide_20_108_span18_v001-p001_over_018-schema0-schema0_no_contraction-trainrep0,smoke_schema_comparison_first_sustained_hit,counterpoint_symbolic_n3_wide_20_108_span18_v001-p001_over_018-schema0,schema0_no_contraction,counterpoint_symbolic_n3_wide_20_108_span18_v001-p001_over_018-schema0-schema0,counterpoint_symbolic_n3_wide_20_108_span18_v001,schema0_no_contraction,0,seed-7fe8666539580bdb,0,13,5,0,0,0,0,True,at_selected,explore,0.26287878787878804,False,True,,True,True
counterpoint_second_serious_schema_comparison_v001,counterpoint_symbolic_n3_wide_20_108_span18_v001-p001_over_018-schema0-schema0_no_contraction-trainrep0,smoke_schema_comparison_first_sustained_hit,counterpoint_symbolic_n3_wide_20_108_span18_v001-p001_over_018-schema0,schema0_no_contraction,counterpoint_symbolic_n3_wide_20_108_span18_v001-p001_over_018-schema0-schema0,counterpoint_symbolic_n3_wide_20_108_span18_v001,schema0_no_contraction,0,seed-7fe8666539580bdb,0,13,6,0,0,0,,,no_executable_unclosed,exploit_execute,0.2,False,True,no_executable_unclosed,True,True
counterpoint_second_serious_schema_comparison_v001,counterpoint_symbolic_n3_wide_20_108_span18_v001-p001_over_018-schema0-schema0_no_contraction-trainrep0,smoke_schema_comparison_first_sustained_hit,counterpoint_symbolic_n3_wide_20_108_span18_v001-p001_over_018-schema0,schema0_no_contraction,counterpoint_symbolic_n3_wide_20_108_span18_v001-p001_over_018-schema0-schema0,counterpoint_symbolic_n3_wide_20_108_span18_v001,schema0_no_contraction,0,seed-7fe8666539580bdb,0,13,7,0,0,0,,,no_executable_unclosed,exploit_execute,0.2,False,True,no_executable_unclosed,True,True
counterpoint_second_serious_schema_comparison_v001,counterpoint_symbolic_n3_wide_20_108_span18_v001-p001_over_018-schema0-schema0_no_contraction-trainrep0,smoke_schema_comparison_first_sustained_hit,counterpoint_symbolic_n3_wide_20_108_span18_v001-p001_over_018-schema0,schema0_no_contraction,counterpoint_symbolic_n3_wide_20_108_span18_v001-p001_over_018-schema0-schema0,counterpoint_symbolic_n3_wide_20_108_span18_v001,schema0_no_contraction,0,seed-7fe8666539580bdb,0,13,8,0,0,0,,,no_executable_unclosed,train,0.2,True,True,no_executable_unclosed,False,False
counterpoint_second_serious_schema_comparison_v001,counterpoint_symbolic_n3_wide_20_108_span18_v001-p001_over_018-schema0-schema0_no_contraction-trainrep0,smoke_schema_comparison_first_sustained_hit,counterpoint_symbolic_n3_wide_20_108_span18_v001-p001_over_018-schema0,schema0_no_contraction,counterpoint_symbolic_n3_wide_20_108_span18_v001-p001_over_018-schema0-schema0,counterpoint_symbolic_n3_wide_20_108_span18_v001,schema0_no_contraction,0,seed-7fe8666539580bdb,0,13,9,0,0,0,0,True,at_selected,explore,0.3586647727272727,False,True,,True,True
counterpoint_second_serious_schema_comparison_v001,counterpoint_symbolic_n3_wide_20_108_span18_v001-p001_over_018-schema0-schema0_no_contraction-trainrep0,smoke_schema_comparison_first_sustained_hit,counterpoint_symbolic_n3_wide_20_108_span18_v001-p001_over_018-schema0,schema0_no_contraction,counterpoint_symbolic_n3_wide_20_108_span18_v001-p001_over_018-schema0-schema0,counterpoint_symbolic_n3_wide_20_108_span18_v001,schema0_no_contraction,0,seed-7fe8666539580bdb,0,14,0,0,0,0,0,True,at_selected,explore,1.0,False,True,,True,True
counterpoint_second_serious_schema_comparison_v001,counterpoint_symbolic_n3_wide_20_108_span18_v001-p001_over_018-schema0-schema0_no_contraction-trainrep0,smoke_schema_comparison_first_sustained_hit,counterpoint_symbolic_n3_wide_20_108_span18_v001-p001_over_018-schema0,schema0_no_contraction,counterpoint_symbolic_n3_wide_20_108_span18_v001-p001_over_018-schema0-schema0,counterpoint_symbolic_n3_wide_20_108_span18_v001,schema0_no_contraction,0,seed-7fe8666539580bdb,0,14,1,0,0,0,0,True,at_selected,explore,0.8,False,True,,True,True
counterpoint_second_serious_schema_comparison_v001,counterpoint_symbolic_n3_wide_20_108_span18_v001-p001_over_018-schema0-schema0_no_contraction-trainrep0,smoke_schema_comparison_first_sustained_hit,counterpoint_symbolic_n3_wide_20_108_span18_v001-p001_over_018-schema0,schema0_no_contraction,counterpoint_symbolic_n3_wide_20_108_span18_v001-p001_over_018-schema0-schema0,counterpoint_symbolic_n3_wide_20_108_span18_v001,schema0_no_contraction,0,seed-7fe8666539580bdb,0,14,2,0,0,0,0,True,at_selected,explore,0.6,False,True,,True,True
counterpoint_second_serious_schema_comparison_v001,counterpoint_symbolic_n3_wide_20_108_span18_v001-p001_over_018-schema0-schema0_no_contraction-trainrep0,smoke_schema_comparison_first_sustained_hit,counterpoint_symbolic_n3_wide_20_108_span18_v001-p001_over_018-schema0,schema0_no_contraction,counterpoint_symbolic_n3_wide_20_108_span18_v001-p001_over_018-schema0-schema0,counterpoint_symbolic_n3_wide_20_108_span18_v001,schema0_no_contraction,0,seed-7fe8666539580bdb,0,14,3,0,0,0,0,True,at_selected,explore,0.4,False,True,,True,True
counterpoint_second_serious_schema_comparison_v001,counterpoint_symbolic_n3_wide_20_108_span18_v001-p001_over_018-schema0-schema0_no_contraction-trainrep0,smoke_schema_comparison_first_sustained_hit,counterpoint_symbolic_n3_wide_20_108_span18_v001-p001_over_018-schema0,schema0_no_contraction,counterpoint_symbolic_n3_wide_20_108_span18_v001-p001_over_018-schema0-schema0,counterpoint_symbolic_n3_wide_20_108_span18_v001,schema0_no_contraction,0,seed-7fe8666539580bdb,0,14,4,0,0,0,0,True,at_selected,train,0.2,True,True,,False,False
counterpoint_second_serious_schema_comparison_v001,counterpoint_symbolic_n3_wide_20_108_span18_v001-p001_over_018-schema0-schema0_no_contraction-trainrep0,smoke_schema_comparison_first_sustained_hit,counterpoint_symbolic_n3_wide_20_108_span18_v001-p001_over_018-schema0,schema0_no_contraction,counterpoint_symbolic_n3_wide_20_108_span18_v001-p001_over_018-schema0-schema0,counterpoint_symbolic_n3_wide_20_108_span18_v001,schema0_no_contraction,0,seed-7fe8666539580bdb,0,14,5,0,0,0,0,True,at_selected,exploit_execute,0.2,False,True,,True,True
counterpoint_second_serious_schema_comparison_v001,counterpoint_symbolic_n3_wide_20_108_span18_v001-p001_over_018-schema0-schema0_no_contraction-trainrep0,smoke_schema_comparison_first_sustained_hit,counterpoint_symbolic_n3_wide_20_108_span18_v001-p001_over_018-schema0,schema0_no_contraction,counterpoint_symbolic_n3_wide_20_108_span18_v001-p001_over_018-schema0-schema0,counterpoint_symbolic_n3_wide_20_108_span18_v001,schema0_no_contraction,0,seed-7fe8666539580bdb,0,14,6,0,0,0,,,no_executable_unclosed,exploit_execute,0.2,False,True,no_executable_unclosed,True,True
counterpoint_second_serious_schema_comparison_v001,counterpoint_symbolic_n3_wide_20_108_span18_v001-p001_over_018-schema0-schema0_no_contraction-trainrep0,smoke_schema_comparison_first_sustained_hit,counterpoint_symbolic_n3_wide_20_108_span18_v001-p001_over_018-schema0,schema0_no_contraction,counterpoint_symbolic_n3_wide_20_108_span18_v001-p001_over_018-schema0-schema0,counterpoint_symbolic_n3_wide_20_108_span18_v001,schema0_no_contraction,0,seed-7fe8666539580bdb,0,14,7,0,0,0,,,no_executable_unclosed,exploit_execute,0.2,False,True,no_executable_unclosed,True,True
counterpoint_second_serious_schema_comparison_v001,counterpoint_symbolic_n3_wide_20_108_span18_v001-p001_over_018-schema0-schema0_no_contraction-trainrep0,smoke_schema_comparison_first_sustained_hit,counterpoint_symbolic_n3_wide_20_108_span18_v001-p001_over_018-schema0,schema0_no_contraction,counterpoint_symbolic_n3_wide_20_108_span18_v001-p001_over_018-schema0-schema0,counterpoint_symbolic_n3_wide_20_108_span18_v001,schema0_no_contraction,0,seed-7fe8666539580bdb,0,14,8,0,0,0,,,no_executable_unclosed,train,0.2,True,True,no_executable_unclosed,False,False
counterpoint_second_serious_schema_comparison_v001,counterpoint_symbolic_n3_wide_20_108_span18_v001-p001_over_018-schema0-schema0_no_contraction-trainrep0,smoke_schema_comparison_first_sustained_hit,counterpoint_symbolic_n3_wide_20_108_span18_v001-p001_over_018-schema0,schema0_no_contraction,counterpoint_symbolic_n3_wide_20_108_span18_v001-p001_over_018-schema0-schema0,counterpoint_symbolic_n3_wide_20_108_span18_v001,schema0_no_contraction,0,seed-7fe8666539580bdb,0,14,9,0,0,0,0,True,at_selected,explore,0.6475473484848484,False,True,,True,True
counterpoint_second_serious_schema_comparison_v001,counterpoint_symbolic_n3_wide_20_108_span18_v001-p001_over_018-schema0-schema0_no_contraction-trainrep0,smoke_schema_comparison_first_sustained_hit,counterpoint_symbolic_n3_wide_20_108_span18_v001-p001_over_018-schema0,schema0_no_contraction,counterpoint_symbolic_n3_wide_20_108_span18_v001-p001_over_018-schema0-schema0,counterpoint_symbolic_n3_wide_20_108_span18_v001,schema0_no_contraction,0,seed-7fe8666539580bdb,0,15,0,0,0,0,0,True,at_selected,explore,1.0,False,True,,True,True
counterpoint_second_serious_schema_comparison_v001,counterpoint_symbolic_n3_wide_20_108_span18_v001-p001_over_018-schema0-schema0_no_contraction-trainrep0,smoke_schema_comparison_first_sustained_hit,counterpoint_symbolic_n3_wide_20_108_span18_v001-p001_over_018-schema0,schema0_no_contraction,counterpoint_symbolic_n3_wide_20_108_span18_v001-p001_over_018-schema0-schema0,counterpoint_symbolic_n3_wide_20_108_span18_v001,schema0_no_contraction,0,seed-7fe8666539580bdb,0,15,1,0,0,0,0,True,at_selected,explore,0.8,False,True,,True,True
counterpoint_second_serious_schema_comparison_v001,counterpoint_symbolic_n3_wide_20_108_span18_v001-p001_over_018-schema0-schema0_no_contraction-trainrep0,smoke_schema_comparison_first_sustained_hit,counterpoint_symbolic_n3_wide_20_108_span18_v001-p001_over_018-schema0,schema0_no_contraction,counterpoint_symbolic_n3_wide_20_108_span18_v001-p001_over_018-schema0-schema0,counterpoint_symbolic_n3_wide_20_108_span18_v001,schema0_no_contraction,0,seed-7fe8666539580bdb,0,15,2,0,0,0,0,True,at_selected,explore,0.6,False,True,,True,True
counterpoint_second_serious_schema_comparison_v001,counterpoint_symbolic_n3_wide_20_108_span18_v001-p001_over_018-schema0-schema0_no_contraction-trainrep0,smoke_schema_comparison_first_sustained_hit,counterpoint_symbolic_n3_wide_20_108_span18_v001-p001_over_018-schema0,schema0_no_contraction,counterpoint_symbolic_n3_wide_20_108_span18_v001-p001_over_018-schema0-schema0,counterpoint_symbolic_n3_wide_20_108_span18_v001,schema0_no_contraction,0,seed-7fe8666539580bdb,0,15,3,0,0,0,0,True,at_selected,explore,0.4,False,True,,True,True
counterpoint_second_serious_schema_comparison_v001,counterpoint_symbolic_n3_wide_20_108_span18_v001-p001_over_018-schema0-schema0_no_contraction-trainrep0,smoke_schema_comparison_first_sustained_hit,counterpoint_symbolic_n3_wide_20_108_span18_v001-p001_over_018-schema0,schema0_no_contraction,counterpoint_symbolic_n3_wide_20_108_span18_v001-p001_over_018-schema0-schema0,counterpoint_symbolic_n3_wide_20_108_span18_v001,schema0_no_contraction,0,seed-7fe8666539580bdb,0,15,4,0,0,0,0,True,at_selected,train,0.2,True,True,,False,False
counterpoint_second_serious_schema_comparison_v001,counterpoint_symbolic_n3_wide_20_108_span18_v001-p001_over_018-schema0-schema0_no_contraction-trainrep0,smoke_schema_comparison_first_sustained_hit,counterpoint_symbolic_n3_wide_20_108_span18_v001-p001_over_018-schema0,schema0_no_contraction,counterpoint_symbolic_n3_wide_20_108_span18_v001-p001_over_018-schema0-schema0,counterpoint_symbolic_n3_wide_20_108_span18_v001,schema0_no_contraction,0,seed-7fe8666539580bdb,0,15,5,0,0,0,0,True,at_selected,explore,0.27575757575757576,False,True,,True,True
counterpoint_second_serious_schema_comparison_v001,counterpoint_symbolic_n3_wide_20_108_span18_v001-p001_over_018-schema0-schema0_no_contraction-trainrep0,smoke_schema_comparison_first_sustained_hit,counterpoint_symbolic_n3_wide_20_108_span18_v001-p001_over_018-schema0,schema0_no_contraction,counterpoint_symbolic_n3_wide_20_108_span18_v001-p001_over_018-schema0-schema0,counterpoint_symbolic_n3_wide_20_108_span18_v001,schema0_no_contraction,0,seed-7fe8666539580bdb,0,15,6,0,0,0,,,no_executable_unclosed,exploit_execute,0.2,False,True,no_executable_unclosed,True,True
counterpoint_second_serious_schema_comparison_v001,counterpoint_symbolic_n3_wide_20_108_span18_v001-p001_over_018-schema0-schema0_no_contraction-trainrep0,smoke_schema_comparison_first_sustained_hit,counterpoint_symbolic_n3_wide_20_108_span18_v001-p001_over_018-schema0,schema0_no_contraction,counterpoint_symbolic_n3_wide_20_108_span18_v001-p001_over_018-schema0-schema0,counterpoint_symbolic_n3_wide_20_108_span18_v001,schema0_no_contraction,0,seed-7fe8666539580bdb,0,15,7,0,0,0,,,no_executable_unclosed,exploit_execute,0.2,False,True,no_executable_unclosed,True,True
counterpoint_second_serious_schema_comparison_v001,counterpoint_symbolic_n3_wide_20_108_span18_v001-p001_over_018-schema0-schema0_no_contraction-trainrep0,smoke_schema_comparison_first_sustained_hit,counterpoint_symbolic_n3_wide_20_108_span18_v001-p001_over_018-schema0,schema0_no_contraction,counterpoint_symbolic_n3_wide_20_108_span18_v001-p001_over_018-schema0-schema0,counterpoint_symbolic_n3_wide_20_108_span18_v001,schema0_no_contraction,0,seed-7fe8666539580bdb,0,15,8,0,0,0,,,no_executable_unclosed,train,0.2,True,True,no_executable_unclosed,False,False
counterpoint_second_serious_schema_comparison_v001,counterpoint_symbolic_n3_wide_20_108_span18_v001-p001_over_018-schema0-schema0_no_contraction-trainrep0,smoke_schema_comparison_first_sustained_hit,counterpoint_symbolic_n3_wide_20_108_span18_v001-p001_over_018-schema0,schema0_no_contraction,counterpoint_symbolic_n3_wide_20_108_span18_v001-p001_over_018-schema0-schema0,counterpoint_symbolic_n3_wide_20_108_span18_v001,schema0_no_contraction,0,seed-7fe8666539580bdb,0,15,9,0,0,0,0,True,at_selected,explore,0.3916666666666666,False,True,,True,True
