evaluation_id,run_id,run_mode,candidate_group_id,schema_class_id,candidate_id,instance_id,arm_id,schema_seed,seed_bundle_id,training_replicate_index,episode_index,controller_event_index,active_tier_before,selected_tier,tier_index,executable,visit_count,td_error_ema,success_count,failure_count,success_rate,reward_residual_ema,has_reward_residual,productive_learning_pressure,unclosed,selected,active
counterpoint_second_serious_schema_comparison_v001,counterpoint_symbolic_n3_small_v001-p001_over_144-schema0-schema1_noisy_rate_one_drop-trainrep0,smoke_schema_comparison_first_sustained_hit,counterpoint_symbolic_n3_small_v001-p001_over_144-schema0,schema1_noisy_rate_one_drop,counterpoint_symbolic_n3_small_v001-p001_over_144-schema0,counterpoint_symbolic_n3_small_v001,p001_over_144,0,seed-7fe8666539580bdb,0,0,0,0,1,0,True,0,0.0,0,0,0.0,0.0,False,1.0,True,False,True
counterpoint_second_serious_schema_comparison_v001,counterpoint_symbolic_n3_small_v001-p001_over_144-schema0-schema1_noisy_rate_one_drop-trainrep0,smoke_schema_comparison_first_sustained_hit,counterpoint_symbolic_n3_small_v001-p001_over_144-schema0,schema1_noisy_rate_one_drop,counterpoint_symbolic_n3_small_v001-p001_over_144-schema0,counterpoint_symbolic_n3_small_v001,p001_over_144,0,seed-7fe8666539580bdb,0,0,0,0,1,1,True,0,0.0,0,0,0.0,0.0,False,1.0,True,True,False
counterpoint_second_serious_schema_comparison_v001,counterpoint_symbolic_n3_small_v001-p001_over_144-schema0-schema1_noisy_rate_one_drop-trainrep0,smoke_schema_comparison_first_sustained_hit,counterpoint_symbolic_n3_small_v001-p001_over_144-schema0,schema1_noisy_rate_one_drop,counterpoint_symbolic_n3_small_v001-p001_over_144-schema0,counterpoint_symbolic_n3_small_v001,p001_over_144,0,seed-7fe8666539580bdb,0,0,1,1,1,0,True,0,0.0,0,0,0.0,0.0,False,1.0,True,False,False
counterpoint_second_serious_schema_comparison_v001,counterpoint_symbolic_n3_small_v001-p001_over_144-schema0-schema1_noisy_rate_one_drop-trainrep0,smoke_schema_comparison_first_sustained_hit,counterpoint_symbolic_n3_small_v001-p001_over_144-schema0,schema1_noisy_rate_one_drop,counterpoint_symbolic_n3_small_v001-p001_over_144-schema0,counterpoint_symbolic_n3_small_v001,p001_over_144,0,seed-7fe8666539580bdb,0,0,1,1,1,1,True,0,0.0,0,0,0.0,0.0,False,1.0,True,True,True
counterpoint_second_serious_schema_comparison_v001,counterpoint_symbolic_n3_small_v001-p001_over_144-schema0-schema1_noisy_rate_one_drop-trainrep0,smoke_schema_comparison_first_sustained_hit,counterpoint_symbolic_n3_small_v001-p001_over_144-schema0,schema1_noisy_rate_one_drop,counterpoint_symbolic_n3_small_v001-p001_over_144-schema0,counterpoint_symbolic_n3_small_v001,p001_over_144,0,seed-7fe8666539580bdb,0,0,2,1,1,0,True,0,0.0,0,0,0.0,0.0,False,1.0,True,False,False
counterpoint_second_serious_schema_comparison_v001,counterpoint_symbolic_n3_small_v001-p001_over_144-schema0-schema1_noisy_rate_one_drop-trainrep0,smoke_schema_comparison_first_sustained_hit,counterpoint_symbolic_n3_small_v001-p001_over_144-schema0,schema1_noisy_rate_one_drop,counterpoint_symbolic_n3_small_v001-p001_over_144-schema0,counterpoint_symbolic_n3_small_v001,p001_over_144,0,seed-7fe8666539580bdb,0,0,2,1,1,1,True,1,0.0,1,0,1.0,0.0,False,0.8,True,True,True
counterpoint_second_serious_schema_comparison_v001,counterpoint_symbolic_n3_small_v001-p001_over_144-schema0-schema1_noisy_rate_one_drop-trainrep0,smoke_schema_comparison_first_sustained_hit,counterpoint_symbolic_n3_small_v001-p001_over_144-schema0,schema1_noisy_rate_one_drop,counterpoint_symbolic_n3_small_v001-p001_over_144-schema0,counterpoint_symbolic_n3_small_v001,p001_over_144,0,seed-7fe8666539580bdb,0,0,3,1,1,0,True,0,0.0,0,0,0.0,0.0,False,1.0,True,False,False
counterpoint_second_serious_schema_comparison_v001,counterpoint_symbolic_n3_small_v001-p001_over_144-schema0-schema1_noisy_rate_one_drop-trainrep0,smoke_schema_comparison_first_sustained_hit,counterpoint_symbolic_n3_small_v001-p001_over_144-schema0,schema1_noisy_rate_one_drop,counterpoint_symbolic_n3_small_v001-p001_over_144-schema0,counterpoint_symbolic_n3_small_v001,p001_over_144,0,seed-7fe8666539580bdb,0,0,3,1,1,1,True,2,0.0,2,0,1.0,0.0,False,0.6,True,True,True
counterpoint_second_serious_schema_comparison_v001,counterpoint_symbolic_n3_small_v001-p001_over_144-schema0-schema1_noisy_rate_one_drop-trainrep0,smoke_schema_comparison_first_sustained_hit,counterpoint_symbolic_n3_small_v001-p001_over_144-schema0,schema1_noisy_rate_one_drop,counterpoint_symbolic_n3_small_v001-p001_over_144-schema0,counterpoint_symbolic_n3_small_v001,p001_over_144,0,seed-7fe8666539580bdb,0,0,4,1,1,0,True,0,0.0,0,0,0.0,0.0,False,1.0,True,False,False
counterpoint_second_serious_schema_comparison_v001,counterpoint_symbolic_n3_small_v001-p001_over_144-schema0-schema1_noisy_rate_one_drop-trainrep0,smoke_schema_comparison_first_sustained_hit,counterpoint_symbolic_n3_small_v001-p001_over_144-schema0,schema1_noisy_rate_one_drop,counterpoint_symbolic_n3_small_v001-p001_over_144-schema0,counterpoint_symbolic_n3_small_v001,p001_over_144,0,seed-7fe8666539580bdb,0,0,4,1,1,1,True,3,0.0,3,0,1.0,0.0,False,0.4,True,True,True
counterpoint_second_serious_schema_comparison_v001,counterpoint_symbolic_n3_small_v001-p001_over_144-schema0-schema1_noisy_rate_one_drop-trainrep0,smoke_schema_comparison_first_sustained_hit,counterpoint_symbolic_n3_small_v001-p001_over_144-schema0,schema1_noisy_rate_one_drop,counterpoint_symbolic_n3_small_v001-p001_over_144-schema0,counterpoint_symbolic_n3_small_v001,p001_over_144,0,seed-7fe8666539580bdb,0,0,5,1,1,0,True,0,0.0,0,0,0.0,0.0,False,1.0,True,False,False
counterpoint_second_serious_schema_comparison_v001,counterpoint_symbolic_n3_small_v001-p001_over_144-schema0-schema1_noisy_rate_one_drop-trainrep0,smoke_schema_comparison_first_sustained_hit,counterpoint_symbolic_n3_small_v001-p001_over_144-schema0,schema1_noisy_rate_one_drop,counterpoint_symbolic_n3_small_v001-p001_over_144-schema0,counterpoint_symbolic_n3_small_v001,p001_over_144,0,seed-7fe8666539580bdb,0,0,5,1,1,1,True,4,0.0,3,1,0.75,0.0,False,0.2,True,True,True
counterpoint_second_serious_schema_comparison_v001,counterpoint_symbolic_n3_small_v001-p001_over_144-schema0-schema1_noisy_rate_one_drop-trainrep0,smoke_schema_comparison_first_sustained_hit,counterpoint_symbolic_n3_small_v001-p001_over_144-schema0,schema1_noisy_rate_one_drop,counterpoint_symbolic_n3_small_v001-p001_over_144-schema0,counterpoint_symbolic_n3_small_v001,p001_over_144,0,seed-7fe8666539580bdb,0,0,6,1,1,0,True,0,0.0,0,0,0.0,0.0,False,1.0,True,False,False
counterpoint_second_serious_schema_comparison_v001,counterpoint_symbolic_n3_small_v001-p001_over_144-schema0-schema1_noisy_rate_one_drop-trainrep0,smoke_schema_comparison_first_sustained_hit,counterpoint_symbolic_n3_small_v001-p001_over_144-schema0,schema1_noisy_rate_one_drop,counterpoint_symbolic_n3_small_v001-p001_over_144-schema0,counterpoint_symbolic_n3_small_v001,p001_over_144,0,seed-7fe8666539580bdb,0,0,6,1,1,1,True,4,0.0,4,1,0.8,0.0,False,0.2,True,True,True
counterpoint_second_serious_schema_comparison_v001,counterpoint_symbolic_n3_small_v001-p001_over_144-schema0-schema1_noisy_rate_one_drop-trainrep0,smoke_schema_comparison_first_sustained_hit,counterpoint_symbolic_n3_small_v001-p001_over_144-schema0,schema1_noisy_rate_one_drop,counterpoint_symbolic_n3_small_v001-p001_over_144-schema0,counterpoint_symbolic_n3_small_v001,p001_over_144,0,seed-7fe8666539580bdb,0,0,7,1,0,0,True,0,0.0,0,0,0.0,0.0,False,1.0,True,True,False
counterpoint_second_serious_schema_comparison_v001,counterpoint_symbolic_n3_small_v001-p001_over_144-schema0-schema1_noisy_rate_one_drop-trainrep0,smoke_schema_comparison_first_sustained_hit,counterpoint_symbolic_n3_small_v001-p001_over_144-schema0,schema1_noisy_rate_one_drop,counterpoint_symbolic_n3_small_v001-p001_over_144-schema0,counterpoint_symbolic_n3_small_v001,p001_over_144,0,seed-7fe8666539580bdb,0,0,7,1,0,1,True,5,0.0,4,2,0.6666666666666666,0.0,False,0.0,False,False,True
counterpoint_second_serious_schema_comparison_v001,counterpoint_symbolic_n3_small_v001-p001_over_144-schema0-schema1_noisy_rate_one_drop-trainrep0,smoke_schema_comparison_first_sustained_hit,counterpoint_symbolic_n3_small_v001-p001_over_144-schema0,schema1_noisy_rate_one_drop,counterpoint_symbolic_n3_small_v001-p001_over_144-schema0,counterpoint_symbolic_n3_small_v001,p001_over_144,0,seed-7fe8666539580bdb,0,0,8,0,0,0,True,0,0.0,0,0,0.0,0.0,False,1.0,True,True,True
counterpoint_second_serious_schema_comparison_v001,counterpoint_symbolic_n3_small_v001-p001_over_144-schema0-schema1_noisy_rate_one_drop-trainrep0,smoke_schema_comparison_first_sustained_hit,counterpoint_symbolic_n3_small_v001-p001_over_144-schema0,schema1_noisy_rate_one_drop,counterpoint_symbolic_n3_small_v001-p001_over_144-schema0,counterpoint_symbolic_n3_small_v001,p001_over_144,0,seed-7fe8666539580bdb,0,0,8,0,0,1,True,5,0.0,4,2,0.6666666666666666,0.0,False,0.0,False,False,False
counterpoint_second_serious_schema_comparison_v001,counterpoint_symbolic_n3_small_v001-p001_over_144-schema0-schema1_noisy_rate_one_drop-trainrep0,smoke_schema_comparison_first_sustained_hit,counterpoint_symbolic_n3_small_v001-p001_over_144-schema0,schema1_noisy_rate_one_drop,counterpoint_symbolic_n3_small_v001-p001_over_144-schema0,counterpoint_symbolic_n3_small_v001,p001_over_144,0,seed-7fe8666539580bdb,0,0,9,0,0,0,True,1,0.0,1,0,1.0,0.0,False,0.8,True,True,True
counterpoint_second_serious_schema_comparison_v001,counterpoint_symbolic_n3_small_v001-p001_over_144-schema0-schema1_noisy_rate_one_drop-trainrep0,smoke_schema_comparison_first_sustained_hit,counterpoint_symbolic_n3_small_v001-p001_over_144-schema0,schema1_noisy_rate_one_drop,counterpoint_symbolic_n3_small_v001-p001_over_144-schema0,counterpoint_symbolic_n3_small_v001,p001_over_144,0,seed-7fe8666539580bdb,0,0,9,0,0,1,True,5,0.0,4,2,0.6666666666666666,0.0,False,0.0,False,False,False
counterpoint_second_serious_schema_comparison_v001,counterpoint_symbolic_n3_small_v001-p001_over_144-schema0-schema1_noisy_rate_one_drop-trainrep0,smoke_schema_comparison_first_sustained_hit,counterpoint_symbolic_n3_small_v001-p001_over_144-schema0,schema1_noisy_rate_one_drop,counterpoint_symbolic_n3_small_v001-p001_over_144-schema0,counterpoint_symbolic_n3_small_v001,p001_over_144,0,seed-7fe8666539580bdb,0,0,10,0,0,0,True,2,0.0,2,0,1.0,0.0,False,0.6,True,True,True
counterpoint_second_serious_schema_comparison_v001,counterpoint_symbolic_n3_small_v001-p001_over_144-schema0-schema1_noisy_rate_one_drop-trainrep0,smoke_schema_comparison_first_sustained_hit,counterpoint_symbolic_n3_small_v001-p001_over_144-schema0,schema1_noisy_rate_one_drop,counterpoint_symbolic_n3_small_v001-p001_over_144-schema0,counterpoint_symbolic_n3_small_v001,p001_over_144,0,seed-7fe8666539580bdb,0,0,10,0,0,1,True,5,0.0,4,2,0.6666666666666666,0.0,False,0.0,False,False,False
counterpoint_second_serious_schema_comparison_v001,counterpoint_symbolic_n3_small_v001-p001_over_144-schema0-schema1_noisy_rate_one_drop-trainrep0,smoke_schema_comparison_first_sustained_hit,counterpoint_symbolic_n3_small_v001-p001_over_144-schema0,schema1_noisy_rate_one_drop,counterpoint_symbolic_n3_small_v001-p001_over_144-schema0,counterpoint_symbolic_n3_small_v001,p001_over_144,0,seed-7fe8666539580bdb,0,0,11,0,0,0,True,2,0.7305555555555555,3,0,1.0,0.0,False,0.6,True,True,True
counterpoint_second_serious_schema_comparison_v001,counterpoint_symbolic_n3_small_v001-p001_over_144-schema0-schema1_noisy_rate_one_drop-trainrep0,smoke_schema_comparison_first_sustained_hit,counterpoint_symbolic_n3_small_v001-p001_over_144-schema0,schema1_noisy_rate_one_drop,counterpoint_symbolic_n3_small_v001-p001_over_144-schema0,counterpoint_symbolic_n3_small_v001,p001_over_144,0,seed-7fe8666539580bdb,0,0,11,0,0,1,True,5,0.0,4,2,0.6666666666666666,0.0,False,0.0,False,False,False
counterpoint_second_serious_schema_comparison_v001,counterpoint_symbolic_n3_small_v001-p001_over_144-schema0-schema1_noisy_rate_one_drop-trainrep0,smoke_schema_comparison_first_sustained_hit,counterpoint_symbolic_n3_small_v001-p001_over_144-schema0,schema1_noisy_rate_one_drop,counterpoint_symbolic_n3_small_v001-p001_over_144-schema0,counterpoint_symbolic_n3_small_v001,p001_over_144,0,seed-7fe8666539580bdb,0,0,12,0,0,0,True,3,0.36527777777777776,4,0,1.0,0.0,False,0.4,True,True,True
counterpoint_second_serious_schema_comparison_v001,counterpoint_symbolic_n3_small_v001-p001_over_144-schema0-schema1_noisy_rate_one_drop-trainrep0,smoke_schema_comparison_first_sustained_hit,counterpoint_symbolic_n3_small_v001-p001_over_144-schema0,schema1_noisy_rate_one_drop,counterpoint_symbolic_n3_small_v001-p001_over_144-schema0,counterpoint_symbolic_n3_small_v001,p001_over_144,0,seed-7fe8666539580bdb,0,0,12,0,0,1,True,5,0.0,4,2,0.6666666666666666,0.0,False,0.0,False,False,False
counterpoint_second_serious_schema_comparison_v001,counterpoint_symbolic_n3_small_v001-p001_over_144-schema0-schema1_noisy_rate_one_drop-trainrep0,smoke_schema_comparison_first_sustained_hit,counterpoint_symbolic_n3_small_v001-p001_over_144-schema0,schema1_noisy_rate_one_drop,counterpoint_symbolic_n3_small_v001-p001_over_144-schema0,counterpoint_symbolic_n3_small_v001,p001_over_144,0,seed-7fe8666539580bdb,0,0,13,0,0,0,True,4,0.18263888888888888,5,0,1.0,0.0,False,0.2,True,True,True
counterpoint_second_serious_schema_comparison_v001,counterpoint_symbolic_n3_small_v001-p001_over_144-schema0-schema1_noisy_rate_one_drop-trainrep0,smoke_schema_comparison_first_sustained_hit,counterpoint_symbolic_n3_small_v001-p001_over_144-schema0,schema1_noisy_rate_one_drop,counterpoint_symbolic_n3_small_v001-p001_over_144-schema0,counterpoint_symbolic_n3_small_v001,p001_over_144,0,seed-7fe8666539580bdb,0,0,13,0,0,1,True,5,0.0,4,2,0.6666666666666666,0.0,False,0.0,False,False,False
counterpoint_second_serious_schema_comparison_v001,counterpoint_symbolic_n3_small_v001-p001_over_144-schema0-schema1_noisy_rate_one_drop-trainrep0,smoke_schema_comparison_first_sustained_hit,counterpoint_symbolic_n3_small_v001-p001_over_144-schema0,schema1_noisy_rate_one_drop,counterpoint_symbolic_n3_small_v001-p001_over_144-schema0,counterpoint_symbolic_n3_small_v001,p001_over_144,0,seed-7fe8666539580bdb,0,1,0,0,1,0,True,0,0.0,0,0,0.0,0.0,False,1.0,True,False,True
counterpoint_second_serious_schema_comparison_v001,counterpoint_symbolic_n3_small_v001-p001_over_144-schema0-schema1_noisy_rate_one_drop-trainrep0,smoke_schema_comparison_first_sustained_hit,counterpoint_symbolic_n3_small_v001-p001_over_144-schema0,schema1_noisy_rate_one_drop,counterpoint_symbolic_n3_small_v001-p001_over_144-schema0,counterpoint_symbolic_n3_small_v001,p001_over_144,0,seed-7fe8666539580bdb,0,1,0,0,1,1,True,0,0.0,0,0,0.0,0.0,False,1.0,True,True,False
counterpoint_second_serious_schema_comparison_v001,counterpoint_symbolic_n3_small_v001-p001_over_144-schema0-schema1_noisy_rate_one_drop-trainrep0,smoke_schema_comparison_first_sustained_hit,counterpoint_symbolic_n3_small_v001-p001_over_144-schema0,schema1_noisy_rate_one_drop,counterpoint_symbolic_n3_small_v001-p001_over_144-schema0,counterpoint_symbolic_n3_small_v001,p001_over_144,0,seed-7fe8666539580bdb,0,1,1,1,1,0,True,0,0.0,0,0,0.0,0.0,False,1.0,True,False,False
counterpoint_second_serious_schema_comparison_v001,counterpoint_symbolic_n3_small_v001-p001_over_144-schema0-schema1_noisy_rate_one_drop-trainrep0,smoke_schema_comparison_first_sustained_hit,counterpoint_symbolic_n3_small_v001-p001_over_144-schema0,schema1_noisy_rate_one_drop,counterpoint_symbolic_n3_small_v001-p001_over_144-schema0,counterpoint_symbolic_n3_small_v001,p001_over_144,0,seed-7fe8666539580bdb,0,1,1,1,1,1,True,0,0.0,0,0,0.0,0.0,False,1.0,True,True,True
counterpoint_second_serious_schema_comparison_v001,counterpoint_symbolic_n3_small_v001-p001_over_144-schema0-schema1_noisy_rate_one_drop-trainrep0,smoke_schema_comparison_first_sustained_hit,counterpoint_symbolic_n3_small_v001-p001_over_144-schema0,schema1_noisy_rate_one_drop,counterpoint_symbolic_n3_small_v001-p001_over_144-schema0,counterpoint_symbolic_n3_small_v001,p001_over_144,0,seed-7fe8666539580bdb,0,1,2,1,1,0,True,0,0.0,0,0,0.0,0.0,False,1.0,True,False,False
counterpoint_second_serious_schema_comparison_v001,counterpoint_symbolic_n3_small_v001-p001_over_144-schema0-schema1_noisy_rate_one_drop-trainrep0,smoke_schema_comparison_first_sustained_hit,counterpoint_symbolic_n3_small_v001-p001_over_144-schema0,schema1_noisy_rate_one_drop,counterpoint_symbolic_n3_small_v001-p001_over_144-schema0,counterpoint_symbolic_n3_small_v001,p001_over_144,0,seed-7fe8666539580bdb,0,1,2,1,1,1,True,1,0.0,1,0,1.0,0.0,False,0.8,True,True,True
counterpoint_second_serious_schema_comparison_v001,counterpoint_symbolic_n3_small_v001-p001_over_144-schema0-schema1_noisy_rate_one_drop-trainrep0,smoke_schema_comparison_first_sustained_hit,counterpoint_symbolic_n3_small_v001-p001_over_144-schema0,schema1_noisy_rate_one_drop,counterpoint_symbolic_n3_small_v001-p001_over_144-schema0,counterpoint_symbolic_n3_small_v001,p001_over_144,0,seed-7fe8666539580bdb,0,1,3,1,1,0,True,0,0.0,0,0,0.0,0.0,False,1.0,True,False,False
counterpoint_second_serious_schema_comparison_v001,counterpoint_symbolic_n3_small_v001-p001_over_144-schema0-schema1_noisy_rate_one_drop-trainrep0,smoke_schema_comparison_first_sustained_hit,counterpoint_symbolic_n3_small_v001-p001_over_144-schema0,schema1_noisy_rate_one_drop,counterpoint_symbolic_n3_small_v001-p001_over_144-schema0,counterpoint_symbolic_n3_small_v001,p001_over_144,0,seed-7fe8666539580bdb,0,1,3,1,1,1,True,2,0.0,2,0,1.0,0.0,False,0.6,True,True,True
counterpoint_second_serious_schema_comparison_v001,counterpoint_symbolic_n3_small_v001-p001_over_144-schema0-schema1_noisy_rate_one_drop-trainrep0,smoke_schema_comparison_first_sustained_hit,counterpoint_symbolic_n3_small_v001-p001_over_144-schema0,schema1_noisy_rate_one_drop,counterpoint_symbolic_n3_small_v001-p001_over_144-schema0,counterpoint_symbolic_n3_small_v001,p001_over_144,0,seed-7fe8666539580bdb,0,1,4,1,1,0,True,0,0.0,0,0,0.0,0.0,False,1.0,True,False,False
counterpoint_second_serious_schema_comparison_v001,counterpoint_symbolic_n3_small_v001-p001_over_144-schema0-schema1_noisy_rate_one_drop-trainrep0,smoke_schema_comparison_first_sustained_hit,counterpoint_symbolic_n3_small_v001-p001_over_144-schema0,schema1_noisy_rate_one_drop,counterpoint_symbolic_n3_small_v001-p001_over_144-schema0,counterpoint_symbolic_n3_small_v001,p001_over_144,0,seed-7fe8666539580bdb,0,1,4,1,1,1,True,3,0.0,3,0,1.0,0.0,False,0.4,True,True,True
counterpoint_second_serious_schema_comparison_v001,counterpoint_symbolic_n3_small_v001-p001_over_144-schema0-schema1_noisy_rate_one_drop-trainrep0,smoke_schema_comparison_first_sustained_hit,counterpoint_symbolic_n3_small_v001-p001_over_144-schema0,schema1_noisy_rate_one_drop,counterpoint_symbolic_n3_small_v001-p001_over_144-schema0,counterpoint_symbolic_n3_small_v001,p001_over_144,0,seed-7fe8666539580bdb,0,1,5,1,1,0,True,0,0.0,0,0,0.0,0.0,False,1.0,True,False,False
counterpoint_second_serious_schema_comparison_v001,counterpoint_symbolic_n3_small_v001-p001_over_144-schema0-schema1_noisy_rate_one_drop-trainrep0,smoke_schema_comparison_first_sustained_hit,counterpoint_symbolic_n3_small_v001-p001_over_144-schema0,schema1_noisy_rate_one_drop,counterpoint_symbolic_n3_small_v001-p001_over_144-schema0,counterpoint_symbolic_n3_small_v001,p001_over_144,0,seed-7fe8666539580bdb,0,1,5,1,1,1,True,4,0.0,4,0,1.0,0.0,False,0.2,True,True,True
counterpoint_second_serious_schema_comparison_v001,counterpoint_symbolic_n3_small_v001-p001_over_144-schema0-schema1_noisy_rate_one_drop-trainrep0,smoke_schema_comparison_first_sustained_hit,counterpoint_symbolic_n3_small_v001-p001_over_144-schema0,schema1_noisy_rate_one_drop,counterpoint_symbolic_n3_small_v001-p001_over_144-schema0,counterpoint_symbolic_n3_small_v001,p001_over_144,0,seed-7fe8666539580bdb,0,1,6,1,1,0,True,0,0.0,0,0,0.0,0.0,False,1.0,True,False,False
counterpoint_second_serious_schema_comparison_v001,counterpoint_symbolic_n3_small_v001-p001_over_144-schema0-schema1_noisy_rate_one_drop-trainrep0,smoke_schema_comparison_first_sustained_hit,counterpoint_symbolic_n3_small_v001-p001_over_144-schema0,schema1_noisy_rate_one_drop,counterpoint_symbolic_n3_small_v001-p001_over_144-schema0,counterpoint_symbolic_n3_small_v001,p001_over_144,0,seed-7fe8666539580bdb,0,1,6,1,1,1,True,4,0.7805555555555556,5,0,1.0,0.0,False,0.28055555555555556,True,True,True
counterpoint_second_serious_schema_comparison_v001,counterpoint_symbolic_n3_small_v001-p001_over_144-schema0-schema1_noisy_rate_one_drop-trainrep0,smoke_schema_comparison_first_sustained_hit,counterpoint_symbolic_n3_small_v001-p001_over_144-schema0,schema1_noisy_rate_one_drop,counterpoint_symbolic_n3_small_v001-p001_over_144-schema0,counterpoint_symbolic_n3_small_v001,p001_over_144,0,seed-7fe8666539580bdb,0,1,7,1,0,0,True,0,0.0,0,0,0.0,0.0,False,1.0,True,True,False
counterpoint_second_serious_schema_comparison_v001,counterpoint_symbolic_n3_small_v001-p001_over_144-schema0-schema1_noisy_rate_one_drop-trainrep0,smoke_schema_comparison_first_sustained_hit,counterpoint_symbolic_n3_small_v001-p001_over_144-schema0,schema1_noisy_rate_one_drop,counterpoint_symbolic_n3_small_v001-p001_over_144-schema0,counterpoint_symbolic_n3_small_v001,p001_over_144,0,seed-7fe8666539580bdb,0,1,7,1,0,1,True,5,0.3902777777777778,6,0,1.0,0.0,False,0.0,False,False,True
counterpoint_second_serious_schema_comparison_v001,counterpoint_symbolic_n3_small_v001-p001_over_144-schema0-schema1_noisy_rate_one_drop-trainrep0,smoke_schema_comparison_first_sustained_hit,counterpoint_symbolic_n3_small_v001-p001_over_144-schema0,schema1_noisy_rate_one_drop,counterpoint_symbolic_n3_small_v001-p001_over_144-schema0,counterpoint_symbolic_n3_small_v001,p001_over_144,0,seed-7fe8666539580bdb,0,1,8,0,0,0,True,0,0.0,0,0,0.0,0.0,False,1.0,True,True,True
counterpoint_second_serious_schema_comparison_v001,counterpoint_symbolic_n3_small_v001-p001_over_144-schema0-schema1_noisy_rate_one_drop-trainrep0,smoke_schema_comparison_first_sustained_hit,counterpoint_symbolic_n3_small_v001-p001_over_144-schema0,schema1_noisy_rate_one_drop,counterpoint_symbolic_n3_small_v001-p001_over_144-schema0,counterpoint_symbolic_n3_small_v001,p001_over_144,0,seed-7fe8666539580bdb,0,1,8,0,0,1,True,5,0.3902777777777778,6,0,1.0,0.0,False,0.0,False,False,False
counterpoint_second_serious_schema_comparison_v001,counterpoint_symbolic_n3_small_v001-p001_over_144-schema0-schema1_noisy_rate_one_drop-trainrep0,smoke_schema_comparison_first_sustained_hit,counterpoint_symbolic_n3_small_v001-p001_over_144-schema0,schema1_noisy_rate_one_drop,counterpoint_symbolic_n3_small_v001-p001_over_144-schema0,counterpoint_symbolic_n3_small_v001,p001_over_144,0,seed-7fe8666539580bdb,0,1,9,0,0,0,True,1,0.0,1,0,1.0,0.0,False,0.8,True,True,True
counterpoint_second_serious_schema_comparison_v001,counterpoint_symbolic_n3_small_v001-p001_over_144-schema0-schema1_noisy_rate_one_drop-trainrep0,smoke_schema_comparison_first_sustained_hit,counterpoint_symbolic_n3_small_v001-p001_over_144-schema0,schema1_noisy_rate_one_drop,counterpoint_symbolic_n3_small_v001-p001_over_144-schema0,counterpoint_symbolic_n3_small_v001,p001_over_144,0,seed-7fe8666539580bdb,0,1,9,0,0,1,True,5,0.3902777777777778,6,0,1.0,0.0,False,0.0,False,False,False
counterpoint_second_serious_schema_comparison_v001,counterpoint_symbolic_n3_small_v001-p001_over_144-schema0-schema1_noisy_rate_one_drop-trainrep0,smoke_schema_comparison_first_sustained_hit,counterpoint_symbolic_n3_small_v001-p001_over_144-schema0,schema1_noisy_rate_one_drop,counterpoint_symbolic_n3_small_v001-p001_over_144-schema0,counterpoint_symbolic_n3_small_v001,p001_over_144,0,seed-7fe8666539580bdb,0,1,10,0,0,0,True,2,0.0,2,0,1.0,0.0,False,0.6,True,True,True
counterpoint_second_serious_schema_comparison_v001,counterpoint_symbolic_n3_small_v001-p001_over_144-schema0-schema1_noisy_rate_one_drop-trainrep0,smoke_schema_comparison_first_sustained_hit,counterpoint_symbolic_n3_small_v001-p001_over_144-schema0,schema1_noisy_rate_one_drop,counterpoint_symbolic_n3_small_v001-p001_over_144-schema0,counterpoint_symbolic_n3_small_v001,p001_over_144,0,seed-7fe8666539580bdb,0,1,10,0,0,1,True,5,0.3902777777777778,6,0,1.0,0.0,False,0.0,False,False,False
counterpoint_second_serious_schema_comparison_v001,counterpoint_symbolic_n3_small_v001-p001_over_144-schema0-schema1_noisy_rate_one_drop-trainrep0,smoke_schema_comparison_first_sustained_hit,counterpoint_symbolic_n3_small_v001-p001_over_144-schema0,schema1_noisy_rate_one_drop,counterpoint_symbolic_n3_small_v001-p001_over_144-schema0,counterpoint_symbolic_n3_small_v001,p001_over_144,0,seed-7fe8666539580bdb,0,1,11,0,0,0,True,2,0.7416666666666666,3,0,1.0,0.0,False,0.6,True,True,True
counterpoint_second_serious_schema_comparison_v001,counterpoint_symbolic_n3_small_v001-p001_over_144-schema0-schema1_noisy_rate_one_drop-trainrep0,smoke_schema_comparison_first_sustained_hit,counterpoint_symbolic_n3_small_v001-p001_over_144-schema0,schema1_noisy_rate_one_drop,counterpoint_symbolic_n3_small_v001-p001_over_144-schema0,counterpoint_symbolic_n3_small_v001,p001_over_144,0,seed-7fe8666539580bdb,0,1,11,0,0,1,True,5,0.3902777777777778,6,0,1.0,0.0,False,0.0,False,False,False
counterpoint_second_serious_schema_comparison_v001,counterpoint_symbolic_n3_small_v001-p001_over_144-schema0-schema1_noisy_rate_one_drop-trainrep0,smoke_schema_comparison_first_sustained_hit,counterpoint_symbolic_n3_small_v001-p001_over_144-schema0,schema1_noisy_rate_one_drop,counterpoint_symbolic_n3_small_v001-p001_over_144-schema0,counterpoint_symbolic_n3_small_v001,p001_over_144,0,seed-7fe8666539580bdb,0,2,0,0,1,0,True,0,0.0,0,0,0.0,0.0,False,1.0,True,False,True
counterpoint_second_serious_schema_comparison_v001,counterpoint_symbolic_n3_small_v001-p001_over_144-schema0-schema1_noisy_rate_one_drop-trainrep0,smoke_schema_comparison_first_sustained_hit,counterpoint_symbolic_n3_small_v001-p001_over_144-schema0,schema1_noisy_rate_one_drop,counterpoint_symbolic_n3_small_v001-p001_over_144-schema0,counterpoint_symbolic_n3_small_v001,p001_over_144,0,seed-7fe8666539580bdb,0,2,0,0,1,1,True,0,0.0,0,0,0.0,0.0,False,1.0,True,True,False
counterpoint_second_serious_schema_comparison_v001,counterpoint_symbolic_n3_small_v001-p001_over_144-schema0-schema1_noisy_rate_one_drop-trainrep0,smoke_schema_comparison_first_sustained_hit,counterpoint_symbolic_n3_small_v001-p001_over_144-schema0,schema1_noisy_rate_one_drop,counterpoint_symbolic_n3_small_v001-p001_over_144-schema0,counterpoint_symbolic_n3_small_v001,p001_over_144,0,seed-7fe8666539580bdb,0,2,1,1,1,0,True,0,0.0,0,0,0.0,0.0,False,1.0,True,False,False
counterpoint_second_serious_schema_comparison_v001,counterpoint_symbolic_n3_small_v001-p001_over_144-schema0-schema1_noisy_rate_one_drop-trainrep0,smoke_schema_comparison_first_sustained_hit,counterpoint_symbolic_n3_small_v001-p001_over_144-schema0,schema1_noisy_rate_one_drop,counterpoint_symbolic_n3_small_v001-p001_over_144-schema0,counterpoint_symbolic_n3_small_v001,p001_over_144,0,seed-7fe8666539580bdb,0,2,1,1,1,1,True,0,0.0,0,0,0.0,0.0,False,1.0,True,True,True
counterpoint_second_serious_schema_comparison_v001,counterpoint_symbolic_n3_small_v001-p001_over_144-schema0-schema1_noisy_rate_one_drop-trainrep0,smoke_schema_comparison_first_sustained_hit,counterpoint_symbolic_n3_small_v001-p001_over_144-schema0,schema1_noisy_rate_one_drop,counterpoint_symbolic_n3_small_v001-p001_over_144-schema0,counterpoint_symbolic_n3_small_v001,p001_over_144,0,seed-7fe8666539580bdb,0,2,2,1,1,0,True,0,0.0,0,0,0.0,0.0,False,1.0,True,False,False
counterpoint_second_serious_schema_comparison_v001,counterpoint_symbolic_n3_small_v001-p001_over_144-schema0-schema1_noisy_rate_one_drop-trainrep0,smoke_schema_comparison_first_sustained_hit,counterpoint_symbolic_n3_small_v001-p001_over_144-schema0,schema1_noisy_rate_one_drop,counterpoint_symbolic_n3_small_v001-p001_over_144-schema0,counterpoint_symbolic_n3_small_v001,p001_over_144,0,seed-7fe8666539580bdb,0,2,2,1,1,1,True,1,0.0,1,0,1.0,0.0,False,0.8,True,True,True
counterpoint_second_serious_schema_comparison_v001,counterpoint_symbolic_n3_small_v001-p001_over_144-schema0-schema1_noisy_rate_one_drop-trainrep0,smoke_schema_comparison_first_sustained_hit,counterpoint_symbolic_n3_small_v001-p001_over_144-schema0,schema1_noisy_rate_one_drop,counterpoint_symbolic_n3_small_v001-p001_over_144-schema0,counterpoint_symbolic_n3_small_v001,p001_over_144,0,seed-7fe8666539580bdb,0,2,3,1,1,0,True,0,0.0,0,0,0.0,0.0,False,1.0,True,False,False
counterpoint_second_serious_schema_comparison_v001,counterpoint_symbolic_n3_small_v001-p001_over_144-schema0-schema1_noisy_rate_one_drop-trainrep0,smoke_schema_comparison_first_sustained_hit,counterpoint_symbolic_n3_small_v001-p001_over_144-schema0,schema1_noisy_rate_one_drop,counterpoint_symbolic_n3_small_v001-p001_over_144-schema0,counterpoint_symbolic_n3_small_v001,p001_over_144,0,seed-7fe8666539580bdb,0,2,3,1,1,1,True,2,0.0,2,0,1.0,0.0,False,0.6,True,True,True
counterpoint_second_serious_schema_comparison_v001,counterpoint_symbolic_n3_small_v001-p001_over_144-schema0-schema1_noisy_rate_one_drop-trainrep0,smoke_schema_comparison_first_sustained_hit,counterpoint_symbolic_n3_small_v001-p001_over_144-schema0,schema1_noisy_rate_one_drop,counterpoint_symbolic_n3_small_v001-p001_over_144-schema0,counterpoint_symbolic_n3_small_v001,p001_over_144,0,seed-7fe8666539580bdb,0,2,4,1,1,0,True,0,0.0,0,0,0.0,0.0,False,1.0,True,False,False
counterpoint_second_serious_schema_comparison_v001,counterpoint_symbolic_n3_small_v001-p001_over_144-schema0-schema1_noisy_rate_one_drop-trainrep0,smoke_schema_comparison_first_sustained_hit,counterpoint_symbolic_n3_small_v001-p001_over_144-schema0,schema1_noisy_rate_one_drop,counterpoint_symbolic_n3_small_v001-p001_over_144-schema0,counterpoint_symbolic_n3_small_v001,p001_over_144,0,seed-7fe8666539580bdb,0,2,4,1,1,1,True,3,0.0,3,0,1.0,0.0,False,0.4,True,True,True
counterpoint_second_serious_schema_comparison_v001,counterpoint_symbolic_n3_small_v001-p001_over_144-schema0-schema1_noisy_rate_one_drop-trainrep0,smoke_schema_comparison_first_sustained_hit,counterpoint_symbolic_n3_small_v001-p001_over_144-schema0,schema1_noisy_rate_one_drop,counterpoint_symbolic_n3_small_v001-p001_over_144-schema0,counterpoint_symbolic_n3_small_v001,p001_over_144,0,seed-7fe8666539580bdb,0,2,5,1,1,0,True,0,0.0,0,0,0.0,0.0,False,1.0,True,False,False
counterpoint_second_serious_schema_comparison_v001,counterpoint_symbolic_n3_small_v001-p001_over_144-schema0-schema1_noisy_rate_one_drop-trainrep0,smoke_schema_comparison_first_sustained_hit,counterpoint_symbolic_n3_small_v001-p001_over_144-schema0,schema1_noisy_rate_one_drop,counterpoint_symbolic_n3_small_v001-p001_over_144-schema0,counterpoint_symbolic_n3_small_v001,p001_over_144,0,seed-7fe8666539580bdb,0,2,5,1,1,1,True,4,0.0,4,0,1.0,0.0,False,0.2,True,True,True
counterpoint_second_serious_schema_comparison_v001,counterpoint_symbolic_n3_small_v001-p001_over_144-schema0-schema1_noisy_rate_one_drop-trainrep0,smoke_schema_comparison_first_sustained_hit,counterpoint_symbolic_n3_small_v001-p001_over_144-schema0,schema1_noisy_rate_one_drop,counterpoint_symbolic_n3_small_v001-p001_over_144-schema0,counterpoint_symbolic_n3_small_v001,p001_over_144,0,seed-7fe8666539580bdb,0,2,6,1,1,0,True,0,0.0,0,0,0.0,0.0,False,1.0,True,False,False
counterpoint_second_serious_schema_comparison_v001,counterpoint_symbolic_n3_small_v001-p001_over_144-schema0-schema1_noisy_rate_one_drop-trainrep0,smoke_schema_comparison_first_sustained_hit,counterpoint_symbolic_n3_small_v001-p001_over_144-schema0,schema1_noisy_rate_one_drop,counterpoint_symbolic_n3_small_v001-p001_over_144-schema0,counterpoint_symbolic_n3_small_v001,p001_over_144,0,seed-7fe8666539580bdb,0,2,6,1,1,1,True,4,0.7805555555555556,5,0,1.0,0.0,False,0.28055555555555556,True,True,True
counterpoint_second_serious_schema_comparison_v001,counterpoint_symbolic_n3_small_v001-p001_over_144-schema0-schema1_noisy_rate_one_drop-trainrep0,smoke_schema_comparison_first_sustained_hit,counterpoint_symbolic_n3_small_v001-p001_over_144-schema0,schema1_noisy_rate_one_drop,counterpoint_symbolic_n3_small_v001-p001_over_144-schema0,counterpoint_symbolic_n3_small_v001,p001_over_144,0,seed-7fe8666539580bdb,0,2,7,1,0,0,True,0,0.0,0,0,0.0,0.0,False,1.0,True,True,False
counterpoint_second_serious_schema_comparison_v001,counterpoint_symbolic_n3_small_v001-p001_over_144-schema0-schema1_noisy_rate_one_drop-trainrep0,smoke_schema_comparison_first_sustained_hit,counterpoint_symbolic_n3_small_v001-p001_over_144-schema0,schema1_noisy_rate_one_drop,counterpoint_symbolic_n3_small_v001-p001_over_144-schema0,counterpoint_symbolic_n3_small_v001,p001_over_144,0,seed-7fe8666539580bdb,0,2,7,1,0,1,True,5,0.3902777777777778,6,0,1.0,0.0,False,0.0,False,False,True
counterpoint_second_serious_schema_comparison_v001,counterpoint_symbolic_n3_small_v001-p001_over_144-schema0-schema1_noisy_rate_one_drop-trainrep0,smoke_schema_comparison_first_sustained_hit,counterpoint_symbolic_n3_small_v001-p001_over_144-schema0,schema1_noisy_rate_one_drop,counterpoint_symbolic_n3_small_v001-p001_over_144-schema0,counterpoint_symbolic_n3_small_v001,p001_over_144,0,seed-7fe8666539580bdb,0,2,8,0,0,0,True,0,0.0,0,0,0.0,0.0,False,1.0,True,True,True
counterpoint_second_serious_schema_comparison_v001,counterpoint_symbolic_n3_small_v001-p001_over_144-schema0-schema1_noisy_rate_one_drop-trainrep0,smoke_schema_comparison_first_sustained_hit,counterpoint_symbolic_n3_small_v001-p001_over_144-schema0,schema1_noisy_rate_one_drop,counterpoint_symbolic_n3_small_v001-p001_over_144-schema0,counterpoint_symbolic_n3_small_v001,p001_over_144,0,seed-7fe8666539580bdb,0,2,8,0,0,1,True,5,0.3902777777777778,6,0,1.0,0.0,False,0.0,False,False,False
counterpoint_second_serious_schema_comparison_v001,counterpoint_symbolic_n3_small_v001-p001_over_144-schema0-schema1_noisy_rate_one_drop-trainrep0,smoke_schema_comparison_first_sustained_hit,counterpoint_symbolic_n3_small_v001-p001_over_144-schema0,schema1_noisy_rate_one_drop,counterpoint_symbolic_n3_small_v001-p001_over_144-schema0,counterpoint_symbolic_n3_small_v001,p001_over_144,0,seed-7fe8666539580bdb,0,2,9,0,0,0,True,1,0.0,1,0,1.0,0.0,False,0.8,True,True,True
counterpoint_second_serious_schema_comparison_v001,counterpoint_symbolic_n3_small_v001-p001_over_144-schema0-schema1_noisy_rate_one_drop-trainrep0,smoke_schema_comparison_first_sustained_hit,counterpoint_symbolic_n3_small_v001-p001_over_144-schema0,schema1_noisy_rate_one_drop,counterpoint_symbolic_n3_small_v001-p001_over_144-schema0,counterpoint_symbolic_n3_small_v001,p001_over_144,0,seed-7fe8666539580bdb,0,2,9,0,0,1,True,5,0.3902777777777778,6,0,1.0,0.0,False,0.0,False,False,False
counterpoint_second_serious_schema_comparison_v001,counterpoint_symbolic_n3_small_v001-p001_over_144-schema0-schema1_noisy_rate_one_drop-trainrep0,smoke_schema_comparison_first_sustained_hit,counterpoint_symbolic_n3_small_v001-p001_over_144-schema0,schema1_noisy_rate_one_drop,counterpoint_symbolic_n3_small_v001-p001_over_144-schema0,counterpoint_symbolic_n3_small_v001,p001_over_144,0,seed-7fe8666539580bdb,0,2,10,0,0,0,True,2,0.0,2,0,1.0,0.0,False,0.6,True,True,True
counterpoint_second_serious_schema_comparison_v001,counterpoint_symbolic_n3_small_v001-p001_over_144-schema0-schema1_noisy_rate_one_drop-trainrep0,smoke_schema_comparison_first_sustained_hit,counterpoint_symbolic_n3_small_v001-p001_over_144-schema0,schema1_noisy_rate_one_drop,counterpoint_symbolic_n3_small_v001-p001_over_144-schema0,counterpoint_symbolic_n3_small_v001,p001_over_144,0,seed-7fe8666539580bdb,0,2,10,0,0,1,True,5,0.3902777777777778,6,0,1.0,0.0,False,0.0,False,False,False
counterpoint_second_serious_schema_comparison_v001,counterpoint_symbolic_n3_small_v001-p001_over_144-schema0-schema1_noisy_rate_one_drop-trainrep0,smoke_schema_comparison_first_sustained_hit,counterpoint_symbolic_n3_small_v001-p001_over_144-schema0,schema1_noisy_rate_one_drop,counterpoint_symbolic_n3_small_v001-p001_over_144-schema0,counterpoint_symbolic_n3_small_v001,p001_over_144,0,seed-7fe8666539580bdb,0,2,11,0,0,0,True,2,0.6597222222222222,3,0,1.0,0.0,False,0.6,True,True,True
counterpoint_second_serious_schema_comparison_v001,counterpoint_symbolic_n3_small_v001-p001_over_144-schema0-schema1_noisy_rate_one_drop-trainrep0,smoke_schema_comparison_first_sustained_hit,counterpoint_symbolic_n3_small_v001-p001_over_144-schema0,schema1_noisy_rate_one_drop,counterpoint_symbolic_n3_small_v001-p001_over_144-schema0,counterpoint_symbolic_n3_small_v001,p001_over_144,0,seed-7fe8666539580bdb,0,2,11,0,0,1,True,5,0.3902777777777778,6,0,1.0,0.0,False,0.0,False,False,False
counterpoint_second_serious_schema_comparison_v001,counterpoint_symbolic_n3_small_v001-p001_over_144-schema0-schema1_noisy_rate_one_drop-trainrep0,smoke_schema_comparison_first_sustained_hit,counterpoint_symbolic_n3_small_v001-p001_over_144-schema0,schema1_noisy_rate_one_drop,counterpoint_symbolic_n3_small_v001-p001_over_144-schema0,counterpoint_symbolic_n3_small_v001,p001_over_144,0,seed-7fe8666539580bdb,0,3,0,0,1,0,True,0,0.0,0,0,0.0,0.0,False,1.0,True,False,True
counterpoint_second_serious_schema_comparison_v001,counterpoint_symbolic_n3_small_v001-p001_over_144-schema0-schema1_noisy_rate_one_drop-trainrep0,smoke_schema_comparison_first_sustained_hit,counterpoint_symbolic_n3_small_v001-p001_over_144-schema0,schema1_noisy_rate_one_drop,counterpoint_symbolic_n3_small_v001-p001_over_144-schema0,counterpoint_symbolic_n3_small_v001,p001_over_144,0,seed-7fe8666539580bdb,0,3,0,0,1,1,True,0,0.0,0,0,0.0,0.0,False,1.0,True,True,False
counterpoint_second_serious_schema_comparison_v001,counterpoint_symbolic_n3_small_v001-p001_over_144-schema0-schema1_noisy_rate_one_drop-trainrep0,smoke_schema_comparison_first_sustained_hit,counterpoint_symbolic_n3_small_v001-p001_over_144-schema0,schema1_noisy_rate_one_drop,counterpoint_symbolic_n3_small_v001-p001_over_144-schema0,counterpoint_symbolic_n3_small_v001,p001_over_144,0,seed-7fe8666539580bdb,0,3,1,1,1,0,True,0,0.0,0,0,0.0,0.0,False,1.0,True,False,False
counterpoint_second_serious_schema_comparison_v001,counterpoint_symbolic_n3_small_v001-p001_over_144-schema0-schema1_noisy_rate_one_drop-trainrep0,smoke_schema_comparison_first_sustained_hit,counterpoint_symbolic_n3_small_v001-p001_over_144-schema0,schema1_noisy_rate_one_drop,counterpoint_symbolic_n3_small_v001-p001_over_144-schema0,counterpoint_symbolic_n3_small_v001,p001_over_144,0,seed-7fe8666539580bdb,0,3,1,1,1,1,True,0,0.0,0,0,0.0,0.0,False,1.0,True,True,True
counterpoint_second_serious_schema_comparison_v001,counterpoint_symbolic_n3_small_v001-p001_over_144-schema0-schema1_noisy_rate_one_drop-trainrep0,smoke_schema_comparison_first_sustained_hit,counterpoint_symbolic_n3_small_v001-p001_over_144-schema0,schema1_noisy_rate_one_drop,counterpoint_symbolic_n3_small_v001-p001_over_144-schema0,counterpoint_symbolic_n3_small_v001,p001_over_144,0,seed-7fe8666539580bdb,0,3,2,1,1,0,True,0,0.0,0,0,0.0,0.0,False,1.0,True,False,False
counterpoint_second_serious_schema_comparison_v001,counterpoint_symbolic_n3_small_v001-p001_over_144-schema0-schema1_noisy_rate_one_drop-trainrep0,smoke_schema_comparison_first_sustained_hit,counterpoint_symbolic_n3_small_v001-p001_over_144-schema0,schema1_noisy_rate_one_drop,counterpoint_symbolic_n3_small_v001-p001_over_144-schema0,counterpoint_symbolic_n3_small_v001,p001_over_144,0,seed-7fe8666539580bdb,0,3,2,1,1,1,True,1,0.0,1,0,1.0,0.0,False,0.8,True,True,True
counterpoint_second_serious_schema_comparison_v001,counterpoint_symbolic_n3_small_v001-p001_over_144-schema0-schema1_noisy_rate_one_drop-trainrep0,smoke_schema_comparison_first_sustained_hit,counterpoint_symbolic_n3_small_v001-p001_over_144-schema0,schema1_noisy_rate_one_drop,counterpoint_symbolic_n3_small_v001-p001_over_144-schema0,counterpoint_symbolic_n3_small_v001,p001_over_144,0,seed-7fe8666539580bdb,0,3,3,1,1,0,True,0,0.0,0,0,0.0,0.0,False,1.0,True,False,False
counterpoint_second_serious_schema_comparison_v001,counterpoint_symbolic_n3_small_v001-p001_over_144-schema0-schema1_noisy_rate_one_drop-trainrep0,smoke_schema_comparison_first_sustained_hit,counterpoint_symbolic_n3_small_v001-p001_over_144-schema0,schema1_noisy_rate_one_drop,counterpoint_symbolic_n3_small_v001-p001_over_144-schema0,counterpoint_symbolic_n3_small_v001,p001_over_144,0,seed-7fe8666539580bdb,0,3,3,1,1,1,True,2,0.0,2,0,1.0,0.0,False,0.6,True,True,True
counterpoint_second_serious_schema_comparison_v001,counterpoint_symbolic_n3_small_v001-p001_over_144-schema0-schema1_noisy_rate_one_drop-trainrep0,smoke_schema_comparison_first_sustained_hit,counterpoint_symbolic_n3_small_v001-p001_over_144-schema0,schema1_noisy_rate_one_drop,counterpoint_symbolic_n3_small_v001-p001_over_144-schema0,counterpoint_symbolic_n3_small_v001,p001_over_144,0,seed-7fe8666539580bdb,0,3,4,1,1,0,True,0,0.0,0,0,0.0,0.0,False,1.0,True,False,False
counterpoint_second_serious_schema_comparison_v001,counterpoint_symbolic_n3_small_v001-p001_over_144-schema0-schema1_noisy_rate_one_drop-trainrep0,smoke_schema_comparison_first_sustained_hit,counterpoint_symbolic_n3_small_v001-p001_over_144-schema0,schema1_noisy_rate_one_drop,counterpoint_symbolic_n3_small_v001-p001_over_144-schema0,counterpoint_symbolic_n3_small_v001,p001_over_144,0,seed-7fe8666539580bdb,0,3,4,1,1,1,True,3,0.0,3,0,1.0,0.0,False,0.4,True,True,True
counterpoint_second_serious_schema_comparison_v001,counterpoint_symbolic_n3_small_v001-p001_over_144-schema0-schema1_noisy_rate_one_drop-trainrep0,smoke_schema_comparison_first_sustained_hit,counterpoint_symbolic_n3_small_v001-p001_over_144-schema0,schema1_noisy_rate_one_drop,counterpoint_symbolic_n3_small_v001-p001_over_144-schema0,counterpoint_symbolic_n3_small_v001,p001_over_144,0,seed-7fe8666539580bdb,0,3,5,1,1,0,True,0,0.0,0,0,0.0,0.0,False,1.0,True,False,False
counterpoint_second_serious_schema_comparison_v001,counterpoint_symbolic_n3_small_v001-p001_over_144-schema0-schema1_noisy_rate_one_drop-trainrep0,smoke_schema_comparison_first_sustained_hit,counterpoint_symbolic_n3_small_v001-p001_over_144-schema0,schema1_noisy_rate_one_drop,counterpoint_symbolic_n3_small_v001-p001_over_144-schema0,counterpoint_symbolic_n3_small_v001,p001_over_144,0,seed-7fe8666539580bdb,0,3,5,1,1,1,True,4,0.0,4,0,1.0,0.0,False,0.2,True,True,True
counterpoint_second_serious_schema_comparison_v001,counterpoint_symbolic_n3_small_v001-p001_over_144-schema0-schema1_noisy_rate_one_drop-trainrep0,smoke_schema_comparison_first_sustained_hit,counterpoint_symbolic_n3_small_v001-p001_over_144-schema0,schema1_noisy_rate_one_drop,counterpoint_symbolic_n3_small_v001-p001_over_144-schema0,counterpoint_symbolic_n3_small_v001,p001_over_144,0,seed-7fe8666539580bdb,0,3,6,1,1,0,True,0,0.0,0,0,0.0,0.0,False,1.0,True,False,False
counterpoint_second_serious_schema_comparison_v001,counterpoint_symbolic_n3_small_v001-p001_over_144-schema0-schema1_noisy_rate_one_drop-trainrep0,smoke_schema_comparison_first_sustained_hit,counterpoint_symbolic_n3_small_v001-p001_over_144-schema0,schema1_noisy_rate_one_drop,counterpoint_symbolic_n3_small_v001-p001_over_144-schema0,counterpoint_symbolic_n3_small_v001,p001_over_144,0,seed-7fe8666539580bdb,0,3,6,1,1,1,True,4,0.4683333333333333,5,0,1.0,0.0,False,0.2,True,True,True
counterpoint_second_serious_schema_comparison_v001,counterpoint_symbolic_n3_small_v001-p001_over_144-schema0-schema1_noisy_rate_one_drop-trainrep0,smoke_schema_comparison_first_sustained_hit,counterpoint_symbolic_n3_small_v001-p001_over_144-schema0,schema1_noisy_rate_one_drop,counterpoint_symbolic_n3_small_v001-p001_over_144-schema0,counterpoint_symbolic_n3_small_v001,p001_over_144,0,seed-7fe8666539580bdb,0,3,7,1,0,0,True,0,0.0,0,0,0.0,0.0,False,1.0,True,True,False
counterpoint_second_serious_schema_comparison_v001,counterpoint_symbolic_n3_small_v001-p001_over_144-schema0-schema1_noisy_rate_one_drop-trainrep0,smoke_schema_comparison_first_sustained_hit,counterpoint_symbolic_n3_small_v001-p001_over_144-schema0,schema1_noisy_rate_one_drop,counterpoint_symbolic_n3_small_v001-p001_over_144-schema0,counterpoint_symbolic_n3_small_v001,p001_over_144,0,seed-7fe8666539580bdb,0,3,7,1,0,1,True,5,0.23416666666666666,6,0,1.0,0.0,False,0.0,False,False,True
counterpoint_second_serious_schema_comparison_v001,counterpoint_symbolic_n3_small_v001-p001_over_144-schema0-schema1_noisy_rate_one_drop-trainrep0,smoke_schema_comparison_first_sustained_hit,counterpoint_symbolic_n3_small_v001-p001_over_144-schema0,schema1_noisy_rate_one_drop,counterpoint_symbolic_n3_small_v001-p001_over_144-schema0,counterpoint_symbolic_n3_small_v001,p001_over_144,0,seed-7fe8666539580bdb,0,3,8,0,0,0,True,0,0.0,0,0,0.0,0.0,False,1.0,True,True,True
counterpoint_second_serious_schema_comparison_v001,counterpoint_symbolic_n3_small_v001-p001_over_144-schema0-schema1_noisy_rate_one_drop-trainrep0,smoke_schema_comparison_first_sustained_hit,counterpoint_symbolic_n3_small_v001-p001_over_144-schema0,schema1_noisy_rate_one_drop,counterpoint_symbolic_n3_small_v001-p001_over_144-schema0,counterpoint_symbolic_n3_small_v001,p001_over_144,0,seed-7fe8666539580bdb,0,3,8,0,0,1,True,5,0.23416666666666666,6,0,1.0,0.0,False,0.0,False,False,False
counterpoint_second_serious_schema_comparison_v001,counterpoint_symbolic_n3_small_v001-p001_over_144-schema0-schema1_noisy_rate_one_drop-trainrep0,smoke_schema_comparison_first_sustained_hit,counterpoint_symbolic_n3_small_v001-p001_over_144-schema0,schema1_noisy_rate_one_drop,counterpoint_symbolic_n3_small_v001-p001_over_144-schema0,counterpoint_symbolic_n3_small_v001,p001_over_144,0,seed-7fe8666539580bdb,0,3,9,0,0,0,True,1,0.0,1,0,1.0,0.0,False,0.8,True,True,True
counterpoint_second_serious_schema_comparison_v001,counterpoint_symbolic_n3_small_v001-p001_over_144-schema0-schema1_noisy_rate_one_drop-trainrep0,smoke_schema_comparison_first_sustained_hit,counterpoint_symbolic_n3_small_v001-p001_over_144-schema0,schema1_noisy_rate_one_drop,counterpoint_symbolic_n3_small_v001-p001_over_144-schema0,counterpoint_symbolic_n3_small_v001,p001_over_144,0,seed-7fe8666539580bdb,0,3,9,0,0,1,True,5,0.23416666666666666,6,0,1.0,0.0,False,0.0,False,False,False
counterpoint_second_serious_schema_comparison_v001,counterpoint_symbolic_n3_small_v001-p001_over_144-schema0-schema1_noisy_rate_one_drop-trainrep0,smoke_schema_comparison_first_sustained_hit,counterpoint_symbolic_n3_small_v001-p001_over_144-schema0,schema1_noisy_rate_one_drop,counterpoint_symbolic_n3_small_v001-p001_over_144-schema0,counterpoint_symbolic_n3_small_v001,p001_over_144,0,seed-7fe8666539580bdb,0,3,10,0,0,0,True,2,0.0,2,0,1.0,0.0,False,0.6,True,True,True
counterpoint_second_serious_schema_comparison_v001,counterpoint_symbolic_n3_small_v001-p001_over_144-schema0-schema1_noisy_rate_one_drop-trainrep0,smoke_schema_comparison_first_sustained_hit,counterpoint_symbolic_n3_small_v001-p001_over_144-schema0,schema1_noisy_rate_one_drop,counterpoint_symbolic_n3_small_v001-p001_over_144-schema0,counterpoint_symbolic_n3_small_v001,p001_over_144,0,seed-7fe8666539580bdb,0,3,10,0,0,1,True,5,0.23416666666666666,6,0,1.0,0.0,False,0.0,False,False,False
counterpoint_second_serious_schema_comparison_v001,counterpoint_symbolic_n3_small_v001-p001_over_144-schema0-schema1_noisy_rate_one_drop-trainrep0,smoke_schema_comparison_first_sustained_hit,counterpoint_symbolic_n3_small_v001-p001_over_144-schema0,schema1_noisy_rate_one_drop,counterpoint_symbolic_n3_small_v001-p001_over_144-schema0,counterpoint_symbolic_n3_small_v001,p001_over_144,0,seed-7fe8666539580bdb,0,3,11,0,0,0,True,2,0.44499999999999995,3,0,1.0,0.0,False,0.6,True,True,True
counterpoint_second_serious_schema_comparison_v001,counterpoint_symbolic_n3_small_v001-p001_over_144-schema0-schema1_noisy_rate_one_drop-trainrep0,smoke_schema_comparison_first_sustained_hit,counterpoint_symbolic_n3_small_v001-p001_over_144-schema0,schema1_noisy_rate_one_drop,counterpoint_symbolic_n3_small_v001-p001_over_144-schema0,counterpoint_symbolic_n3_small_v001,p001_over_144,0,seed-7fe8666539580bdb,0,3,11,0,0,1,True,5,0.23416666666666666,6,0,1.0,0.0,False,0.0,False,False,False
counterpoint_second_serious_schema_comparison_v001,counterpoint_symbolic_n3_small_v001-p001_over_144-schema0-schema1_noisy_rate_one_drop-trainrep0,smoke_schema_comparison_first_sustained_hit,counterpoint_symbolic_n3_small_v001-p001_over_144-schema0,schema1_noisy_rate_one_drop,counterpoint_symbolic_n3_small_v001-p001_over_144-schema0,counterpoint_symbolic_n3_small_v001,p001_over_144,0,seed-7fe8666539580bdb,0,4,0,0,1,0,True,0,0.0,0,0,0.0,0.0,False,1.0,True,False,True
counterpoint_second_serious_schema_comparison_v001,counterpoint_symbolic_n3_small_v001-p001_over_144-schema0-schema1_noisy_rate_one_drop-trainrep0,smoke_schema_comparison_first_sustained_hit,counterpoint_symbolic_n3_small_v001-p001_over_144-schema0,schema1_noisy_rate_one_drop,counterpoint_symbolic_n3_small_v001-p001_over_144-schema0,counterpoint_symbolic_n3_small_v001,p001_over_144,0,seed-7fe8666539580bdb,0,4,0,0,1,1,True,0,0.0,0,0,0.0,0.0,False,1.0,True,True,False
counterpoint_second_serious_schema_comparison_v001,counterpoint_symbolic_n3_small_v001-p001_over_144-schema0-schema1_noisy_rate_one_drop-trainrep0,smoke_schema_comparison_first_sustained_hit,counterpoint_symbolic_n3_small_v001-p001_over_144-schema0,schema1_noisy_rate_one_drop,counterpoint_symbolic_n3_small_v001-p001_over_144-schema0,counterpoint_symbolic_n3_small_v001,p001_over_144,0,seed-7fe8666539580bdb,0,4,1,1,1,0,True,0,0.0,0,0,0.0,0.0,False,1.0,True,False,False
counterpoint_second_serious_schema_comparison_v001,counterpoint_symbolic_n3_small_v001-p001_over_144-schema0-schema1_noisy_rate_one_drop-trainrep0,smoke_schema_comparison_first_sustained_hit,counterpoint_symbolic_n3_small_v001-p001_over_144-schema0,schema1_noisy_rate_one_drop,counterpoint_symbolic_n3_small_v001-p001_over_144-schema0,counterpoint_symbolic_n3_small_v001,p001_over_144,0,seed-7fe8666539580bdb,0,4,1,1,1,1,True,0,0.0,0,0,0.0,0.0,False,1.0,True,True,True
counterpoint_second_serious_schema_comparison_v001,counterpoint_symbolic_n3_small_v001-p001_over_144-schema0-schema1_noisy_rate_one_drop-trainrep0,smoke_schema_comparison_first_sustained_hit,counterpoint_symbolic_n3_small_v001-p001_over_144-schema0,schema1_noisy_rate_one_drop,counterpoint_symbolic_n3_small_v001-p001_over_144-schema0,counterpoint_symbolic_n3_small_v001,p001_over_144,0,seed-7fe8666539580bdb,0,4,2,1,1,0,True,0,0.0,0,0,0.0,0.0,False,1.0,True,False,False
counterpoint_second_serious_schema_comparison_v001,counterpoint_symbolic_n3_small_v001-p001_over_144-schema0-schema1_noisy_rate_one_drop-trainrep0,smoke_schema_comparison_first_sustained_hit,counterpoint_symbolic_n3_small_v001-p001_over_144-schema0,schema1_noisy_rate_one_drop,counterpoint_symbolic_n3_small_v001-p001_over_144-schema0,counterpoint_symbolic_n3_small_v001,p001_over_144,0,seed-7fe8666539580bdb,0,4,2,1,1,1,True,1,0.0,1,0,1.0,0.0,False,0.8,True,True,True
counterpoint_second_serious_schema_comparison_v001,counterpoint_symbolic_n3_small_v001-p001_over_144-schema0-schema1_noisy_rate_one_drop-trainrep0,smoke_schema_comparison_first_sustained_hit,counterpoint_symbolic_n3_small_v001-p001_over_144-schema0,schema1_noisy_rate_one_drop,counterpoint_symbolic_n3_small_v001-p001_over_144-schema0,counterpoint_symbolic_n3_small_v001,p001_over_144,0,seed-7fe8666539580bdb,0,4,3,1,1,0,True,0,0.0,0,0,0.0,0.0,False,1.0,True,False,False
counterpoint_second_serious_schema_comparison_v001,counterpoint_symbolic_n3_small_v001-p001_over_144-schema0-schema1_noisy_rate_one_drop-trainrep0,smoke_schema_comparison_first_sustained_hit,counterpoint_symbolic_n3_small_v001-p001_over_144-schema0,schema1_noisy_rate_one_drop,counterpoint_symbolic_n3_small_v001-p001_over_144-schema0,counterpoint_symbolic_n3_small_v001,p001_over_144,0,seed-7fe8666539580bdb,0,4,3,1,1,1,True,2,0.0,2,0,1.0,0.0,False,0.6,True,True,True
counterpoint_second_serious_schema_comparison_v001,counterpoint_symbolic_n3_small_v001-p001_over_144-schema0-schema1_noisy_rate_one_drop-trainrep0,smoke_schema_comparison_first_sustained_hit,counterpoint_symbolic_n3_small_v001-p001_over_144-schema0,schema1_noisy_rate_one_drop,counterpoint_symbolic_n3_small_v001-p001_over_144-schema0,counterpoint_symbolic_n3_small_v001,p001_over_144,0,seed-7fe8666539580bdb,0,4,4,1,1,0,True,0,0.0,0,0,0.0,0.0,False,1.0,True,False,False
counterpoint_second_serious_schema_comparison_v001,counterpoint_symbolic_n3_small_v001-p001_over_144-schema0-schema1_noisy_rate_one_drop-trainrep0,smoke_schema_comparison_first_sustained_hit,counterpoint_symbolic_n3_small_v001-p001_over_144-schema0,schema1_noisy_rate_one_drop,counterpoint_symbolic_n3_small_v001-p001_over_144-schema0,counterpoint_symbolic_n3_small_v001,p001_over_144,0,seed-7fe8666539580bdb,0,4,4,1,1,1,True,3,0.0,3,0,1.0,0.0,False,0.4,True,True,True
counterpoint_second_serious_schema_comparison_v001,counterpoint_symbolic_n3_small_v001-p001_over_144-schema0-schema1_noisy_rate_one_drop-trainrep0,smoke_schema_comparison_first_sustained_hit,counterpoint_symbolic_n3_small_v001-p001_over_144-schema0,schema1_noisy_rate_one_drop,counterpoint_symbolic_n3_small_v001-p001_over_144-schema0,counterpoint_symbolic_n3_small_v001,p001_over_144,0,seed-7fe8666539580bdb,0,4,5,1,1,0,True,0,0.0,0,0,0.0,0.0,False,1.0,True,False,False
counterpoint_second_serious_schema_comparison_v001,counterpoint_symbolic_n3_small_v001-p001_over_144-schema0-schema1_noisy_rate_one_drop-trainrep0,smoke_schema_comparison_first_sustained_hit,counterpoint_symbolic_n3_small_v001-p001_over_144-schema0,schema1_noisy_rate_one_drop,counterpoint_symbolic_n3_small_v001-p001_over_144-schema0,counterpoint_symbolic_n3_small_v001,p001_over_144,0,seed-7fe8666539580bdb,0,4,5,1,1,1,True,4,0.0,4,0,1.0,0.0,False,0.2,True,True,True
counterpoint_second_serious_schema_comparison_v001,counterpoint_symbolic_n3_small_v001-p001_over_144-schema0-schema1_noisy_rate_one_drop-trainrep0,smoke_schema_comparison_first_sustained_hit,counterpoint_symbolic_n3_small_v001-p001_over_144-schema0,schema1_noisy_rate_one_drop,counterpoint_symbolic_n3_small_v001-p001_over_144-schema0,counterpoint_symbolic_n3_small_v001,p001_over_144,0,seed-7fe8666539580bdb,0,4,6,1,1,0,True,0,0.0,0,0,0.0,0.0,False,1.0,True,False,False
counterpoint_second_serious_schema_comparison_v001,counterpoint_symbolic_n3_small_v001-p001_over_144-schema0-schema1_noisy_rate_one_drop-trainrep0,smoke_schema_comparison_first_sustained_hit,counterpoint_symbolic_n3_small_v001-p001_over_144-schema0,schema1_noisy_rate_one_drop,counterpoint_symbolic_n3_small_v001-p001_over_144-schema0,counterpoint_symbolic_n3_small_v001,p001_over_144,0,seed-7fe8666539580bdb,0,4,6,1,1,1,True,4,0.28099999999999997,5,0,1.0,0.0,False,0.2,True,True,True
counterpoint_second_serious_schema_comparison_v001,counterpoint_symbolic_n3_small_v001-p001_over_144-schema0-schema1_noisy_rate_one_drop-trainrep0,smoke_schema_comparison_first_sustained_hit,counterpoint_symbolic_n3_small_v001-p001_over_144-schema0,schema1_noisy_rate_one_drop,counterpoint_symbolic_n3_small_v001-p001_over_144-schema0,counterpoint_symbolic_n3_small_v001,p001_over_144,0,seed-7fe8666539580bdb,0,4,7,1,0,0,True,0,0.0,0,0,0.0,0.0,False,1.0,True,True,False
counterpoint_second_serious_schema_comparison_v001,counterpoint_symbolic_n3_small_v001-p001_over_144-schema0-schema1_noisy_rate_one_drop-trainrep0,smoke_schema_comparison_first_sustained_hit,counterpoint_symbolic_n3_small_v001-p001_over_144-schema0,schema1_noisy_rate_one_drop,counterpoint_symbolic_n3_small_v001-p001_over_144-schema0,counterpoint_symbolic_n3_small_v001,p001_over_144,0,seed-7fe8666539580bdb,0,4,7,1,0,1,True,5,0.14049999999999999,6,0,1.0,0.0,False,0.0,False,False,True
counterpoint_second_serious_schema_comparison_v001,counterpoint_symbolic_n3_small_v001-p001_over_144-schema0-schema1_noisy_rate_one_drop-trainrep0,smoke_schema_comparison_first_sustained_hit,counterpoint_symbolic_n3_small_v001-p001_over_144-schema0,schema1_noisy_rate_one_drop,counterpoint_symbolic_n3_small_v001-p001_over_144-schema0,counterpoint_symbolic_n3_small_v001,p001_over_144,0,seed-7fe8666539580bdb,0,4,8,0,0,0,True,0,0.0,0,0,0.0,0.0,False,1.0,True,True,True
counterpoint_second_serious_schema_comparison_v001,counterpoint_symbolic_n3_small_v001-p001_over_144-schema0-schema1_noisy_rate_one_drop-trainrep0,smoke_schema_comparison_first_sustained_hit,counterpoint_symbolic_n3_small_v001-p001_over_144-schema0,schema1_noisy_rate_one_drop,counterpoint_symbolic_n3_small_v001-p001_over_144-schema0,counterpoint_symbolic_n3_small_v001,p001_over_144,0,seed-7fe8666539580bdb,0,4,8,0,0,1,True,5,0.14049999999999999,6,0,1.0,0.0,False,0.0,False,False,False
counterpoint_second_serious_schema_comparison_v001,counterpoint_symbolic_n3_small_v001-p001_over_144-schema0-schema1_noisy_rate_one_drop-trainrep0,smoke_schema_comparison_first_sustained_hit,counterpoint_symbolic_n3_small_v001-p001_over_144-schema0,schema1_noisy_rate_one_drop,counterpoint_symbolic_n3_small_v001-p001_over_144-schema0,counterpoint_symbolic_n3_small_v001,p001_over_144,0,seed-7fe8666539580bdb,0,4,9,0,0,0,True,1,0.0,1,0,1.0,0.0,False,0.8,True,True,True
counterpoint_second_serious_schema_comparison_v001,counterpoint_symbolic_n3_small_v001-p001_over_144-schema0-schema1_noisy_rate_one_drop-trainrep0,smoke_schema_comparison_first_sustained_hit,counterpoint_symbolic_n3_small_v001-p001_over_144-schema0,schema1_noisy_rate_one_drop,counterpoint_symbolic_n3_small_v001-p001_over_144-schema0,counterpoint_symbolic_n3_small_v001,p001_over_144,0,seed-7fe8666539580bdb,0,4,9,0,0,1,True,5,0.14049999999999999,6,0,1.0,0.0,False,0.0,False,False,False
counterpoint_second_serious_schema_comparison_v001,counterpoint_symbolic_n3_small_v001-p001_over_144-schema0-schema1_noisy_rate_one_drop-trainrep0,smoke_schema_comparison_first_sustained_hit,counterpoint_symbolic_n3_small_v001-p001_over_144-schema0,schema1_noisy_rate_one_drop,counterpoint_symbolic_n3_small_v001-p001_over_144-schema0,counterpoint_symbolic_n3_small_v001,p001_over_144,0,seed-7fe8666539580bdb,0,4,10,0,0,0,True,2,0.0,2,0,1.0,0.0,False,0.6,True,True,True
counterpoint_second_serious_schema_comparison_v001,counterpoint_symbolic_n3_small_v001-p001_over_144-schema0-schema1_noisy_rate_one_drop-trainrep0,smoke_schema_comparison_first_sustained_hit,counterpoint_symbolic_n3_small_v001-p001_over_144-schema0,schema1_noisy_rate_one_drop,counterpoint_symbolic_n3_small_v001-p001_over_144-schema0,counterpoint_symbolic_n3_small_v001,p001_over_144,0,seed-7fe8666539580bdb,0,4,10,0,0,1,True,5,0.14049999999999999,6,0,1.0,0.0,False,0.0,False,False,False
counterpoint_second_serious_schema_comparison_v001,counterpoint_symbolic_n3_small_v001-p001_over_144-schema0-schema1_noisy_rate_one_drop-trainrep0,smoke_schema_comparison_first_sustained_hit,counterpoint_symbolic_n3_small_v001-p001_over_144-schema0,schema1_noisy_rate_one_drop,counterpoint_symbolic_n3_small_v001-p001_over_144-schema0,counterpoint_symbolic_n3_small_v001,p001_over_144,0,seed-7fe8666539580bdb,0,4,11,0,0,0,True,2,0.7916666666666666,3,0,1.0,0.0,False,0.6,True,True,True
counterpoint_second_serious_schema_comparison_v001,counterpoint_symbolic_n3_small_v001-p001_over_144-schema0-schema1_noisy_rate_one_drop-trainrep0,smoke_schema_comparison_first_sustained_hit,counterpoint_symbolic_n3_small_v001-p001_over_144-schema0,schema1_noisy_rate_one_drop,counterpoint_symbolic_n3_small_v001-p001_over_144-schema0,counterpoint_symbolic_n3_small_v001,p001_over_144,0,seed-7fe8666539580bdb,0,4,11,0,0,1,True,5,0.14049999999999999,6,0,1.0,0.0,False,0.0,False,False,False
counterpoint_second_serious_schema_comparison_v001,counterpoint_symbolic_n3_small_v001-p001_over_144-schema0-schema1_noisy_rate_one_drop-trainrep0,smoke_schema_comparison_first_sustained_hit,counterpoint_symbolic_n3_small_v001-p001_over_144-schema0,schema1_noisy_rate_one_drop,counterpoint_symbolic_n3_small_v001-p001_over_144-schema0,counterpoint_symbolic_n3_small_v001,p001_over_144,0,seed-7fe8666539580bdb,0,5,0,0,1,0,True,0,0.0,0,0,0.0,0.0,False,1.0,True,False,True
counterpoint_second_serious_schema_comparison_v001,counterpoint_symbolic_n3_small_v001-p001_over_144-schema0-schema1_noisy_rate_one_drop-trainrep0,smoke_schema_comparison_first_sustained_hit,counterpoint_symbolic_n3_small_v001-p001_over_144-schema0,schema1_noisy_rate_one_drop,counterpoint_symbolic_n3_small_v001-p001_over_144-schema0,counterpoint_symbolic_n3_small_v001,p001_over_144,0,seed-7fe8666539580bdb,0,5,0,0,1,1,True,0,0.0,0,0,0.0,0.0,False,1.0,True,True,False
counterpoint_second_serious_schema_comparison_v001,counterpoint_symbolic_n3_small_v001-p001_over_144-schema0-schema1_noisy_rate_one_drop-trainrep0,smoke_schema_comparison_first_sustained_hit,counterpoint_symbolic_n3_small_v001-p001_over_144-schema0,schema1_noisy_rate_one_drop,counterpoint_symbolic_n3_small_v001-p001_over_144-schema0,counterpoint_symbolic_n3_small_v001,p001_over_144,0,seed-7fe8666539580bdb,0,5,1,1,1,0,True,0,0.0,0,0,0.0,0.0,False,1.0,True,False,False
counterpoint_second_serious_schema_comparison_v001,counterpoint_symbolic_n3_small_v001-p001_over_144-schema0-schema1_noisy_rate_one_drop-trainrep0,smoke_schema_comparison_first_sustained_hit,counterpoint_symbolic_n3_small_v001-p001_over_144-schema0,schema1_noisy_rate_one_drop,counterpoint_symbolic_n3_small_v001-p001_over_144-schema0,counterpoint_symbolic_n3_small_v001,p001_over_144,0,seed-7fe8666539580bdb,0,5,1,1,1,1,True,0,0.0,0,0,0.0,0.0,False,1.0,True,True,True
counterpoint_second_serious_schema_comparison_v001,counterpoint_symbolic_n3_small_v001-p001_over_144-schema0-schema1_noisy_rate_one_drop-trainrep0,smoke_schema_comparison_first_sustained_hit,counterpoint_symbolic_n3_small_v001-p001_over_144-schema0,schema1_noisy_rate_one_drop,counterpoint_symbolic_n3_small_v001-p001_over_144-schema0,counterpoint_symbolic_n3_small_v001,p001_over_144,0,seed-7fe8666539580bdb,0,5,2,1,1,0,True,0,0.0,0,0,0.0,0.0,False,1.0,True,False,False
counterpoint_second_serious_schema_comparison_v001,counterpoint_symbolic_n3_small_v001-p001_over_144-schema0-schema1_noisy_rate_one_drop-trainrep0,smoke_schema_comparison_first_sustained_hit,counterpoint_symbolic_n3_small_v001-p001_over_144-schema0,schema1_noisy_rate_one_drop,counterpoint_symbolic_n3_small_v001-p001_over_144-schema0,counterpoint_symbolic_n3_small_v001,p001_over_144,0,seed-7fe8666539580bdb,0,5,2,1,1,1,True,1,0.0,1,0,1.0,0.0,False,0.8,True,True,True
counterpoint_second_serious_schema_comparison_v001,counterpoint_symbolic_n3_small_v001-p001_over_144-schema0-schema1_noisy_rate_one_drop-trainrep0,smoke_schema_comparison_first_sustained_hit,counterpoint_symbolic_n3_small_v001-p001_over_144-schema0,schema1_noisy_rate_one_drop,counterpoint_symbolic_n3_small_v001-p001_over_144-schema0,counterpoint_symbolic_n3_small_v001,p001_over_144,0,seed-7fe8666539580bdb,0,5,3,1,1,0,True,0,0.0,0,0,0.0,0.0,False,1.0,True,False,False
counterpoint_second_serious_schema_comparison_v001,counterpoint_symbolic_n3_small_v001-p001_over_144-schema0-schema1_noisy_rate_one_drop-trainrep0,smoke_schema_comparison_first_sustained_hit,counterpoint_symbolic_n3_small_v001-p001_over_144-schema0,schema1_noisy_rate_one_drop,counterpoint_symbolic_n3_small_v001-p001_over_144-schema0,counterpoint_symbolic_n3_small_v001,p001_over_144,0,seed-7fe8666539580bdb,0,5,3,1,1,1,True,2,0.0,2,0,1.0,0.0,False,0.6,True,True,True
counterpoint_second_serious_schema_comparison_v001,counterpoint_symbolic_n3_small_v001-p001_over_144-schema0-schema1_noisy_rate_one_drop-trainrep0,smoke_schema_comparison_first_sustained_hit,counterpoint_symbolic_n3_small_v001-p001_over_144-schema0,schema1_noisy_rate_one_drop,counterpoint_symbolic_n3_small_v001-p001_over_144-schema0,counterpoint_symbolic_n3_small_v001,p001_over_144,0,seed-7fe8666539580bdb,0,5,4,1,1,0,True,0,0.0,0,0,0.0,0.0,False,1.0,True,False,False
counterpoint_second_serious_schema_comparison_v001,counterpoint_symbolic_n3_small_v001-p001_over_144-schema0-schema1_noisy_rate_one_drop-trainrep0,smoke_schema_comparison_first_sustained_hit,counterpoint_symbolic_n3_small_v001-p001_over_144-schema0,schema1_noisy_rate_one_drop,counterpoint_symbolic_n3_small_v001-p001_over_144-schema0,counterpoint_symbolic_n3_small_v001,p001_over_144,0,seed-7fe8666539580bdb,0,5,4,1,1,1,True,3,0.0,3,0,1.0,0.0,False,0.4,True,True,True
counterpoint_second_serious_schema_comparison_v001,counterpoint_symbolic_n3_small_v001-p001_over_144-schema0-schema1_noisy_rate_one_drop-trainrep0,smoke_schema_comparison_first_sustained_hit,counterpoint_symbolic_n3_small_v001-p001_over_144-schema0,schema1_noisy_rate_one_drop,counterpoint_symbolic_n3_small_v001-p001_over_144-schema0,counterpoint_symbolic_n3_small_v001,p001_over_144,0,seed-7fe8666539580bdb,0,5,5,1,1,0,True,0,0.0,0,0,0.0,0.0,False,1.0,True,False,False
counterpoint_second_serious_schema_comparison_v001,counterpoint_symbolic_n3_small_v001-p001_over_144-schema0-schema1_noisy_rate_one_drop-trainrep0,smoke_schema_comparison_first_sustained_hit,counterpoint_symbolic_n3_small_v001-p001_over_144-schema0,schema1_noisy_rate_one_drop,counterpoint_symbolic_n3_small_v001-p001_over_144-schema0,counterpoint_symbolic_n3_small_v001,p001_over_144,0,seed-7fe8666539580bdb,0,5,5,1,1,1,True,4,0.0,4,0,1.0,0.0,False,0.2,True,True,True
counterpoint_second_serious_schema_comparison_v001,counterpoint_symbolic_n3_small_v001-p001_over_144-schema0-schema1_noisy_rate_one_drop-trainrep0,smoke_schema_comparison_first_sustained_hit,counterpoint_symbolic_n3_small_v001-p001_over_144-schema0,schema1_noisy_rate_one_drop,counterpoint_symbolic_n3_small_v001-p001_over_144-schema0,counterpoint_symbolic_n3_small_v001,p001_over_144,0,seed-7fe8666539580bdb,0,5,6,1,1,0,True,0,0.0,0,0,0.0,0.0,False,1.0,True,False,False
counterpoint_second_serious_schema_comparison_v001,counterpoint_symbolic_n3_small_v001-p001_over_144-schema0-schema1_noisy_rate_one_drop-trainrep0,smoke_schema_comparison_first_sustained_hit,counterpoint_symbolic_n3_small_v001-p001_over_144-schema0,schema1_noisy_rate_one_drop,counterpoint_symbolic_n3_small_v001-p001_over_144-schema0,counterpoint_symbolic_n3_small_v001,p001_over_144,0,seed-7fe8666539580bdb,0,5,6,1,1,1,True,4,0.7625,5,0,1.0,0.0,False,0.26249999999999996,True,True,True
counterpoint_second_serious_schema_comparison_v001,counterpoint_symbolic_n3_small_v001-p001_over_144-schema0-schema1_noisy_rate_one_drop-trainrep0,smoke_schema_comparison_first_sustained_hit,counterpoint_symbolic_n3_small_v001-p001_over_144-schema0,schema1_noisy_rate_one_drop,counterpoint_symbolic_n3_small_v001-p001_over_144-schema0,counterpoint_symbolic_n3_small_v001,p001_over_144,0,seed-7fe8666539580bdb,0,5,7,1,0,0,True,0,0.0,0,0,0.0,0.0,False,1.0,True,True,False
counterpoint_second_serious_schema_comparison_v001,counterpoint_symbolic_n3_small_v001-p001_over_144-schema0-schema1_noisy_rate_one_drop-trainrep0,smoke_schema_comparison_first_sustained_hit,counterpoint_symbolic_n3_small_v001-p001_over_144-schema0,schema1_noisy_rate_one_drop,counterpoint_symbolic_n3_small_v001-p001_over_144-schema0,counterpoint_symbolic_n3_small_v001,p001_over_144,0,seed-7fe8666539580bdb,0,5,7,1,0,1,True,5,0.38125,6,0,1.0,0.0,False,0.0,False,False,True
counterpoint_second_serious_schema_comparison_v001,counterpoint_symbolic_n3_small_v001-p001_over_144-schema0-schema1_noisy_rate_one_drop-trainrep0,smoke_schema_comparison_first_sustained_hit,counterpoint_symbolic_n3_small_v001-p001_over_144-schema0,schema1_noisy_rate_one_drop,counterpoint_symbolic_n3_small_v001-p001_over_144-schema0,counterpoint_symbolic_n3_small_v001,p001_over_144,0,seed-7fe8666539580bdb,0,5,8,0,0,0,True,0,0.0,0,0,0.0,0.0,False,1.0,True,True,True
counterpoint_second_serious_schema_comparison_v001,counterpoint_symbolic_n3_small_v001-p001_over_144-schema0-schema1_noisy_rate_one_drop-trainrep0,smoke_schema_comparison_first_sustained_hit,counterpoint_symbolic_n3_small_v001-p001_over_144-schema0,schema1_noisy_rate_one_drop,counterpoint_symbolic_n3_small_v001-p001_over_144-schema0,counterpoint_symbolic_n3_small_v001,p001_over_144,0,seed-7fe8666539580bdb,0,5,8,0,0,1,True,5,0.38125,6,0,1.0,0.0,False,0.0,False,False,False
counterpoint_second_serious_schema_comparison_v001,counterpoint_symbolic_n3_small_v001-p001_over_144-schema0-schema1_noisy_rate_one_drop-trainrep0,smoke_schema_comparison_first_sustained_hit,counterpoint_symbolic_n3_small_v001-p001_over_144-schema0,schema1_noisy_rate_one_drop,counterpoint_symbolic_n3_small_v001-p001_over_144-schema0,counterpoint_symbolic_n3_small_v001,p001_over_144,0,seed-7fe8666539580bdb,0,5,9,0,0,0,True,1,0.0,1,0,1.0,0.0,False,0.8,True,True,True
counterpoint_second_serious_schema_comparison_v001,counterpoint_symbolic_n3_small_v001-p001_over_144-schema0-schema1_noisy_rate_one_drop-trainrep0,smoke_schema_comparison_first_sustained_hit,counterpoint_symbolic_n3_small_v001-p001_over_144-schema0,schema1_noisy_rate_one_drop,counterpoint_symbolic_n3_small_v001-p001_over_144-schema0,counterpoint_symbolic_n3_small_v001,p001_over_144,0,seed-7fe8666539580bdb,0,5,9,0,0,1,True,5,0.38125,6,0,1.0,0.0,False,0.0,False,False,False
counterpoint_second_serious_schema_comparison_v001,counterpoint_symbolic_n3_small_v001-p001_over_144-schema0-schema1_noisy_rate_one_drop-trainrep0,smoke_schema_comparison_first_sustained_hit,counterpoint_symbolic_n3_small_v001-p001_over_144-schema0,schema1_noisy_rate_one_drop,counterpoint_symbolic_n3_small_v001-p001_over_144-schema0,counterpoint_symbolic_n3_small_v001,p001_over_144,0,seed-7fe8666539580bdb,0,5,10,0,0,0,True,2,0.0,2,0,1.0,0.0,False,0.6,True,True,True
counterpoint_second_serious_schema_comparison_v001,counterpoint_symbolic_n3_small_v001-p001_over_144-schema0-schema1_noisy_rate_one_drop-trainrep0,smoke_schema_comparison_first_sustained_hit,counterpoint_symbolic_n3_small_v001-p001_over_144-schema0,schema1_noisy_rate_one_drop,counterpoint_symbolic_n3_small_v001-p001_over_144-schema0,counterpoint_symbolic_n3_small_v001,p001_over_144,0,seed-7fe8666539580bdb,0,5,10,0,0,1,True,5,0.38125,6,0,1.0,0.0,False,0.0,False,False,False
counterpoint_second_serious_schema_comparison_v001,counterpoint_symbolic_n3_small_v001-p001_over_144-schema0-schema1_noisy_rate_one_drop-trainrep0,smoke_schema_comparison_first_sustained_hit,counterpoint_symbolic_n3_small_v001-p001_over_144-schema0,schema1_noisy_rate_one_drop,counterpoint_symbolic_n3_small_v001-p001_over_144-schema0,counterpoint_symbolic_n3_small_v001,p001_over_144,0,seed-7fe8666539580bdb,0,5,11,0,0,0,True,2,0.7111111111111111,3,0,1.0,0.0,False,0.6,True,True,True
counterpoint_second_serious_schema_comparison_v001,counterpoint_symbolic_n3_small_v001-p001_over_144-schema0-schema1_noisy_rate_one_drop-trainrep0,smoke_schema_comparison_first_sustained_hit,counterpoint_symbolic_n3_small_v001-p001_over_144-schema0,schema1_noisy_rate_one_drop,counterpoint_symbolic_n3_small_v001-p001_over_144-schema0,counterpoint_symbolic_n3_small_v001,p001_over_144,0,seed-7fe8666539580bdb,0,5,11,0,0,1,True,5,0.38125,6,0,1.0,0.0,False,0.0,False,False,False
counterpoint_second_serious_schema_comparison_v001,counterpoint_symbolic_n3_small_v001-p001_over_144-schema0-schema1_noisy_rate_one_drop-trainrep0,smoke_schema_comparison_first_sustained_hit,counterpoint_symbolic_n3_small_v001-p001_over_144-schema0,schema1_noisy_rate_one_drop,counterpoint_symbolic_n3_small_v001-p001_over_144-schema0,counterpoint_symbolic_n3_small_v001,p001_over_144,0,seed-7fe8666539580bdb,0,6,0,0,1,0,True,0,0.0,0,0,0.0,0.0,False,1.0,True,False,True
counterpoint_second_serious_schema_comparison_v001,counterpoint_symbolic_n3_small_v001-p001_over_144-schema0-schema1_noisy_rate_one_drop-trainrep0,smoke_schema_comparison_first_sustained_hit,counterpoint_symbolic_n3_small_v001-p001_over_144-schema0,schema1_noisy_rate_one_drop,counterpoint_symbolic_n3_small_v001-p001_over_144-schema0,counterpoint_symbolic_n3_small_v001,p001_over_144,0,seed-7fe8666539580bdb,0,6,0,0,1,1,True,0,0.0,0,0,0.0,0.0,False,1.0,True,True,False
counterpoint_second_serious_schema_comparison_v001,counterpoint_symbolic_n3_small_v001-p001_over_144-schema0-schema1_noisy_rate_one_drop-trainrep0,smoke_schema_comparison_first_sustained_hit,counterpoint_symbolic_n3_small_v001-p001_over_144-schema0,schema1_noisy_rate_one_drop,counterpoint_symbolic_n3_small_v001-p001_over_144-schema0,counterpoint_symbolic_n3_small_v001,p001_over_144,0,seed-7fe8666539580bdb,0,6,1,1,1,0,True,0,0.0,0,0,0.0,0.0,False,1.0,True,False,False
counterpoint_second_serious_schema_comparison_v001,counterpoint_symbolic_n3_small_v001-p001_over_144-schema0-schema1_noisy_rate_one_drop-trainrep0,smoke_schema_comparison_first_sustained_hit,counterpoint_symbolic_n3_small_v001-p001_over_144-schema0,schema1_noisy_rate_one_drop,counterpoint_symbolic_n3_small_v001-p001_over_144-schema0,counterpoint_symbolic_n3_small_v001,p001_over_144,0,seed-7fe8666539580bdb,0,6,1,1,1,1,True,0,0.0,0,0,0.0,0.0,False,1.0,True,True,True
counterpoint_second_serious_schema_comparison_v001,counterpoint_symbolic_n3_small_v001-p001_over_144-schema0-schema1_noisy_rate_one_drop-trainrep0,smoke_schema_comparison_first_sustained_hit,counterpoint_symbolic_n3_small_v001-p001_over_144-schema0,schema1_noisy_rate_one_drop,counterpoint_symbolic_n3_small_v001-p001_over_144-schema0,counterpoint_symbolic_n3_small_v001,p001_over_144,0,seed-7fe8666539580bdb,0,6,2,1,1,0,True,0,0.0,0,0,0.0,0.0,False,1.0,True,False,False
counterpoint_second_serious_schema_comparison_v001,counterpoint_symbolic_n3_small_v001-p001_over_144-schema0-schema1_noisy_rate_one_drop-trainrep0,smoke_schema_comparison_first_sustained_hit,counterpoint_symbolic_n3_small_v001-p001_over_144-schema0,schema1_noisy_rate_one_drop,counterpoint_symbolic_n3_small_v001-p001_over_144-schema0,counterpoint_symbolic_n3_small_v001,p001_over_144,0,seed-7fe8666539580bdb,0,6,2,1,1,1,True,1,0.0,1,0,1.0,0.0,False,0.8,True,True,True
counterpoint_second_serious_schema_comparison_v001,counterpoint_symbolic_n3_small_v001-p001_over_144-schema0-schema1_noisy_rate_one_drop-trainrep0,smoke_schema_comparison_first_sustained_hit,counterpoint_symbolic_n3_small_v001-p001_over_144-schema0,schema1_noisy_rate_one_drop,counterpoint_symbolic_n3_small_v001-p001_over_144-schema0,counterpoint_symbolic_n3_small_v001,p001_over_144,0,seed-7fe8666539580bdb,0,6,3,1,1,0,True,0,0.0,0,0,0.0,0.0,False,1.0,True,False,False
counterpoint_second_serious_schema_comparison_v001,counterpoint_symbolic_n3_small_v001-p001_over_144-schema0-schema1_noisy_rate_one_drop-trainrep0,smoke_schema_comparison_first_sustained_hit,counterpoint_symbolic_n3_small_v001-p001_over_144-schema0,schema1_noisy_rate_one_drop,counterpoint_symbolic_n3_small_v001-p001_over_144-schema0,counterpoint_symbolic_n3_small_v001,p001_over_144,0,seed-7fe8666539580bdb,0,6,3,1,1,1,True,2,0.0,2,0,1.0,0.0,False,0.6,True,True,True
counterpoint_second_serious_schema_comparison_v001,counterpoint_symbolic_n3_small_v001-p001_over_144-schema0-schema1_noisy_rate_one_drop-trainrep0,smoke_schema_comparison_first_sustained_hit,counterpoint_symbolic_n3_small_v001-p001_over_144-schema0,schema1_noisy_rate_one_drop,counterpoint_symbolic_n3_small_v001-p001_over_144-schema0,counterpoint_symbolic_n3_small_v001,p001_over_144,0,seed-7fe8666539580bdb,0,6,4,1,1,0,True,0,0.0,0,0,0.0,0.0,False,1.0,True,False,False
counterpoint_second_serious_schema_comparison_v001,counterpoint_symbolic_n3_small_v001-p001_over_144-schema0-schema1_noisy_rate_one_drop-trainrep0,smoke_schema_comparison_first_sustained_hit,counterpoint_symbolic_n3_small_v001-p001_over_144-schema0,schema1_noisy_rate_one_drop,counterpoint_symbolic_n3_small_v001-p001_over_144-schema0,counterpoint_symbolic_n3_small_v001,p001_over_144,0,seed-7fe8666539580bdb,0,6,4,1,1,1,True,3,0.0,3,0,1.0,0.0,False,0.4,True,True,True
counterpoint_second_serious_schema_comparison_v001,counterpoint_symbolic_n3_small_v001-p001_over_144-schema0-schema1_noisy_rate_one_drop-trainrep0,smoke_schema_comparison_first_sustained_hit,counterpoint_symbolic_n3_small_v001-p001_over_144-schema0,schema1_noisy_rate_one_drop,counterpoint_symbolic_n3_small_v001-p001_over_144-schema0,counterpoint_symbolic_n3_small_v001,p001_over_144,0,seed-7fe8666539580bdb,0,6,5,1,1,0,True,0,0.0,0,0,0.0,0.0,False,1.0,True,False,False
counterpoint_second_serious_schema_comparison_v001,counterpoint_symbolic_n3_small_v001-p001_over_144-schema0-schema1_noisy_rate_one_drop-trainrep0,smoke_schema_comparison_first_sustained_hit,counterpoint_symbolic_n3_small_v001-p001_over_144-schema0,schema1_noisy_rate_one_drop,counterpoint_symbolic_n3_small_v001-p001_over_144-schema0,counterpoint_symbolic_n3_small_v001,p001_over_144,0,seed-7fe8666539580bdb,0,6,5,1,1,1,True,4,0.0,4,0,1.0,0.0,False,0.2,True,True,True
counterpoint_second_serious_schema_comparison_v001,counterpoint_symbolic_n3_small_v001-p001_over_144-schema0-schema1_noisy_rate_one_drop-trainrep0,smoke_schema_comparison_first_sustained_hit,counterpoint_symbolic_n3_small_v001-p001_over_144-schema0,schema1_noisy_rate_one_drop,counterpoint_symbolic_n3_small_v001-p001_over_144-schema0,counterpoint_symbolic_n3_small_v001,p001_over_144,0,seed-7fe8666539580bdb,0,6,6,1,1,0,True,0,0.0,0,0,0.0,0.0,False,1.0,True,False,False
counterpoint_second_serious_schema_comparison_v001,counterpoint_symbolic_n3_small_v001-p001_over_144-schema0-schema1_noisy_rate_one_drop-trainrep0,smoke_schema_comparison_first_sustained_hit,counterpoint_symbolic_n3_small_v001-p001_over_144-schema0,schema1_noisy_rate_one_drop,counterpoint_symbolic_n3_small_v001-p001_over_144-schema0,counterpoint_symbolic_n3_small_v001,p001_over_144,0,seed-7fe8666539580bdb,0,6,6,1,1,1,True,4,0.8069444444444445,5,0,1.0,0.0,False,0.30694444444444446,True,True,True
counterpoint_second_serious_schema_comparison_v001,counterpoint_symbolic_n3_small_v001-p001_over_144-schema0-schema1_noisy_rate_one_drop-trainrep0,smoke_schema_comparison_first_sustained_hit,counterpoint_symbolic_n3_small_v001-p001_over_144-schema0,schema1_noisy_rate_one_drop,counterpoint_symbolic_n3_small_v001-p001_over_144-schema0,counterpoint_symbolic_n3_small_v001,p001_over_144,0,seed-7fe8666539580bdb,0,6,7,1,0,0,True,0,0.0,0,0,0.0,0.0,False,1.0,True,True,False
counterpoint_second_serious_schema_comparison_v001,counterpoint_symbolic_n3_small_v001-p001_over_144-schema0-schema1_noisy_rate_one_drop-trainrep0,smoke_schema_comparison_first_sustained_hit,counterpoint_symbolic_n3_small_v001-p001_over_144-schema0,schema1_noisy_rate_one_drop,counterpoint_symbolic_n3_small_v001-p001_over_144-schema0,counterpoint_symbolic_n3_small_v001,p001_over_144,0,seed-7fe8666539580bdb,0,6,7,1,0,1,True,5,0.40347222222222223,5,1,0.8333333333333334,0.0,False,0.0,False,False,True
counterpoint_second_serious_schema_comparison_v001,counterpoint_symbolic_n3_small_v001-p001_over_144-schema0-schema1_noisy_rate_one_drop-trainrep0,smoke_schema_comparison_first_sustained_hit,counterpoint_symbolic_n3_small_v001-p001_over_144-schema0,schema1_noisy_rate_one_drop,counterpoint_symbolic_n3_small_v001-p001_over_144-schema0,counterpoint_symbolic_n3_small_v001,p001_over_144,0,seed-7fe8666539580bdb,0,6,8,0,0,0,True,0,0.0,0,0,0.0,0.0,False,1.0,True,True,True
counterpoint_second_serious_schema_comparison_v001,counterpoint_symbolic_n3_small_v001-p001_over_144-schema0-schema1_noisy_rate_one_drop-trainrep0,smoke_schema_comparison_first_sustained_hit,counterpoint_symbolic_n3_small_v001-p001_over_144-schema0,schema1_noisy_rate_one_drop,counterpoint_symbolic_n3_small_v001-p001_over_144-schema0,counterpoint_symbolic_n3_small_v001,p001_over_144,0,seed-7fe8666539580bdb,0,6,8,0,0,1,True,5,0.40347222222222223,5,1,0.8333333333333334,0.0,False,0.0,False,False,False
counterpoint_second_serious_schema_comparison_v001,counterpoint_symbolic_n3_small_v001-p001_over_144-schema0-schema1_noisy_rate_one_drop-trainrep0,smoke_schema_comparison_first_sustained_hit,counterpoint_symbolic_n3_small_v001-p001_over_144-schema0,schema1_noisy_rate_one_drop,counterpoint_symbolic_n3_small_v001-p001_over_144-schema0,counterpoint_symbolic_n3_small_v001,p001_over_144,0,seed-7fe8666539580bdb,0,6,9,0,0,0,True,1,0.0,1,0,1.0,0.0,False,0.8,True,True,True
counterpoint_second_serious_schema_comparison_v001,counterpoint_symbolic_n3_small_v001-p001_over_144-schema0-schema1_noisy_rate_one_drop-trainrep0,smoke_schema_comparison_first_sustained_hit,counterpoint_symbolic_n3_small_v001-p001_over_144-schema0,schema1_noisy_rate_one_drop,counterpoint_symbolic_n3_small_v001-p001_over_144-schema0,counterpoint_symbolic_n3_small_v001,p001_over_144,0,seed-7fe8666539580bdb,0,6,9,0,0,1,True,5,0.40347222222222223,5,1,0.8333333333333334,0.0,False,0.0,False,False,False
counterpoint_second_serious_schema_comparison_v001,counterpoint_symbolic_n3_small_v001-p001_over_144-schema0-schema1_noisy_rate_one_drop-trainrep0,smoke_schema_comparison_first_sustained_hit,counterpoint_symbolic_n3_small_v001-p001_over_144-schema0,schema1_noisy_rate_one_drop,counterpoint_symbolic_n3_small_v001-p001_over_144-schema0,counterpoint_symbolic_n3_small_v001,p001_over_144,0,seed-7fe8666539580bdb,0,6,10,0,0,0,True,2,0.0,2,0,1.0,0.0,False,0.6,True,True,True
counterpoint_second_serious_schema_comparison_v001,counterpoint_symbolic_n3_small_v001-p001_over_144-schema0-schema1_noisy_rate_one_drop-trainrep0,smoke_schema_comparison_first_sustained_hit,counterpoint_symbolic_n3_small_v001-p001_over_144-schema0,schema1_noisy_rate_one_drop,counterpoint_symbolic_n3_small_v001-p001_over_144-schema0,counterpoint_symbolic_n3_small_v001,p001_over_144,0,seed-7fe8666539580bdb,0,6,10,0,0,1,True,5,0.40347222222222223,5,1,0.8333333333333334,0.0,False,0.0,False,False,False
counterpoint_second_serious_schema_comparison_v001,counterpoint_symbolic_n3_small_v001-p001_over_144-schema0-schema1_noisy_rate_one_drop-trainrep0,smoke_schema_comparison_first_sustained_hit,counterpoint_symbolic_n3_small_v001-p001_over_144-schema0,schema1_noisy_rate_one_drop,counterpoint_symbolic_n3_small_v001-p001_over_144-schema0,counterpoint_symbolic_n3_small_v001,p001_over_144,0,seed-7fe8666539580bdb,0,6,11,0,0,0,True,2,0.7374999999999999,3,0,1.0,0.0,False,0.6,True,True,True
counterpoint_second_serious_schema_comparison_v001,counterpoint_symbolic_n3_small_v001-p001_over_144-schema0-schema1_noisy_rate_one_drop-trainrep0,smoke_schema_comparison_first_sustained_hit,counterpoint_symbolic_n3_small_v001-p001_over_144-schema0,schema1_noisy_rate_one_drop,counterpoint_symbolic_n3_small_v001-p001_over_144-schema0,counterpoint_symbolic_n3_small_v001,p001_over_144,0,seed-7fe8666539580bdb,0,6,11,0,0,1,True,5,0.40347222222222223,5,1,0.8333333333333334,0.0,False,0.0,False,False,False
counterpoint_second_serious_schema_comparison_v001,counterpoint_symbolic_n3_small_v001-p001_over_144-schema0-schema1_noisy_rate_one_drop-trainrep0,smoke_schema_comparison_first_sustained_hit,counterpoint_symbolic_n3_small_v001-p001_over_144-schema0,schema1_noisy_rate_one_drop,counterpoint_symbolic_n3_small_v001-p001_over_144-schema0,counterpoint_symbolic_n3_small_v001,p001_over_144,0,seed-7fe8666539580bdb,0,6,12,0,0,0,True,3,0.36874999999999997,4,0,1.0,0.0,False,0.4,True,True,True
counterpoint_second_serious_schema_comparison_v001,counterpoint_symbolic_n3_small_v001-p001_over_144-schema0-schema1_noisy_rate_one_drop-trainrep0,smoke_schema_comparison_first_sustained_hit,counterpoint_symbolic_n3_small_v001-p001_over_144-schema0,schema1_noisy_rate_one_drop,counterpoint_symbolic_n3_small_v001-p001_over_144-schema0,counterpoint_symbolic_n3_small_v001,p001_over_144,0,seed-7fe8666539580bdb,0,6,12,0,0,1,True,5,0.40347222222222223,5,1,0.8333333333333334,0.0,False,0.0,False,False,False
counterpoint_second_serious_schema_comparison_v001,counterpoint_symbolic_n3_small_v001-p001_over_144-schema0-schema1_noisy_rate_one_drop-trainrep0,smoke_schema_comparison_first_sustained_hit,counterpoint_symbolic_n3_small_v001-p001_over_144-schema0,schema1_noisy_rate_one_drop,counterpoint_symbolic_n3_small_v001-p001_over_144-schema0,counterpoint_symbolic_n3_small_v001,p001_over_144,0,seed-7fe8666539580bdb,0,7,0,0,1,0,True,0,0.0,0,0,0.0,0.0,False,1.0,True,False,True
counterpoint_second_serious_schema_comparison_v001,counterpoint_symbolic_n3_small_v001-p001_over_144-schema0-schema1_noisy_rate_one_drop-trainrep0,smoke_schema_comparison_first_sustained_hit,counterpoint_symbolic_n3_small_v001-p001_over_144-schema0,schema1_noisy_rate_one_drop,counterpoint_symbolic_n3_small_v001-p001_over_144-schema0,counterpoint_symbolic_n3_small_v001,p001_over_144,0,seed-7fe8666539580bdb,0,7,0,0,1,1,True,0,0.0,0,0,0.0,0.0,False,1.0,True,True,False
counterpoint_second_serious_schema_comparison_v001,counterpoint_symbolic_n3_small_v001-p001_over_144-schema0-schema1_noisy_rate_one_drop-trainrep0,smoke_schema_comparison_first_sustained_hit,counterpoint_symbolic_n3_small_v001-p001_over_144-schema0,schema1_noisy_rate_one_drop,counterpoint_symbolic_n3_small_v001-p001_over_144-schema0,counterpoint_symbolic_n3_small_v001,p001_over_144,0,seed-7fe8666539580bdb,0,7,1,1,1,0,True,0,0.0,0,0,0.0,0.0,False,1.0,True,False,False
counterpoint_second_serious_schema_comparison_v001,counterpoint_symbolic_n3_small_v001-p001_over_144-schema0-schema1_noisy_rate_one_drop-trainrep0,smoke_schema_comparison_first_sustained_hit,counterpoint_symbolic_n3_small_v001-p001_over_144-schema0,schema1_noisy_rate_one_drop,counterpoint_symbolic_n3_small_v001-p001_over_144-schema0,counterpoint_symbolic_n3_small_v001,p001_over_144,0,seed-7fe8666539580bdb,0,7,1,1,1,1,True,0,0.0,0,0,0.0,0.0,False,1.0,True,True,True
counterpoint_second_serious_schema_comparison_v001,counterpoint_symbolic_n3_small_v001-p001_over_144-schema0-schema1_noisy_rate_one_drop-trainrep0,smoke_schema_comparison_first_sustained_hit,counterpoint_symbolic_n3_small_v001-p001_over_144-schema0,schema1_noisy_rate_one_drop,counterpoint_symbolic_n3_small_v001-p001_over_144-schema0,counterpoint_symbolic_n3_small_v001,p001_over_144,0,seed-7fe8666539580bdb,0,7,2,1,1,0,True,0,0.0,0,0,0.0,0.0,False,1.0,True,False,False
counterpoint_second_serious_schema_comparison_v001,counterpoint_symbolic_n3_small_v001-p001_over_144-schema0-schema1_noisy_rate_one_drop-trainrep0,smoke_schema_comparison_first_sustained_hit,counterpoint_symbolic_n3_small_v001-p001_over_144-schema0,schema1_noisy_rate_one_drop,counterpoint_symbolic_n3_small_v001-p001_over_144-schema0,counterpoint_symbolic_n3_small_v001,p001_over_144,0,seed-7fe8666539580bdb,0,7,2,1,1,1,True,1,0.0,1,0,1.0,0.0,False,0.8,True,True,True
counterpoint_second_serious_schema_comparison_v001,counterpoint_symbolic_n3_small_v001-p001_over_144-schema0-schema1_noisy_rate_one_drop-trainrep0,smoke_schema_comparison_first_sustained_hit,counterpoint_symbolic_n3_small_v001-p001_over_144-schema0,schema1_noisy_rate_one_drop,counterpoint_symbolic_n3_small_v001-p001_over_144-schema0,counterpoint_symbolic_n3_small_v001,p001_over_144,0,seed-7fe8666539580bdb,0,7,3,1,1,0,True,0,0.0,0,0,0.0,0.0,False,1.0,True,False,False
counterpoint_second_serious_schema_comparison_v001,counterpoint_symbolic_n3_small_v001-p001_over_144-schema0-schema1_noisy_rate_one_drop-trainrep0,smoke_schema_comparison_first_sustained_hit,counterpoint_symbolic_n3_small_v001-p001_over_144-schema0,schema1_noisy_rate_one_drop,counterpoint_symbolic_n3_small_v001-p001_over_144-schema0,counterpoint_symbolic_n3_small_v001,p001_over_144,0,seed-7fe8666539580bdb,0,7,3,1,1,1,True,2,0.0,2,0,1.0,0.0,False,0.6,True,True,True
counterpoint_second_serious_schema_comparison_v001,counterpoint_symbolic_n3_small_v001-p001_over_144-schema0-schema1_noisy_rate_one_drop-trainrep0,smoke_schema_comparison_first_sustained_hit,counterpoint_symbolic_n3_small_v001-p001_over_144-schema0,schema1_noisy_rate_one_drop,counterpoint_symbolic_n3_small_v001-p001_over_144-schema0,counterpoint_symbolic_n3_small_v001,p001_over_144,0,seed-7fe8666539580bdb,0,7,4,1,1,0,True,0,0.0,0,0,0.0,0.0,False,1.0,True,False,False
counterpoint_second_serious_schema_comparison_v001,counterpoint_symbolic_n3_small_v001-p001_over_144-schema0-schema1_noisy_rate_one_drop-trainrep0,smoke_schema_comparison_first_sustained_hit,counterpoint_symbolic_n3_small_v001-p001_over_144-schema0,schema1_noisy_rate_one_drop,counterpoint_symbolic_n3_small_v001-p001_over_144-schema0,counterpoint_symbolic_n3_small_v001,p001_over_144,0,seed-7fe8666539580bdb,0,7,4,1,1,1,True,3,0.0,3,0,1.0,0.0,False,0.4,True,True,True
counterpoint_second_serious_schema_comparison_v001,counterpoint_symbolic_n3_small_v001-p001_over_144-schema0-schema1_noisy_rate_one_drop-trainrep0,smoke_schema_comparison_first_sustained_hit,counterpoint_symbolic_n3_small_v001-p001_over_144-schema0,schema1_noisy_rate_one_drop,counterpoint_symbolic_n3_small_v001-p001_over_144-schema0,counterpoint_symbolic_n3_small_v001,p001_over_144,0,seed-7fe8666539580bdb,0,7,5,1,1,0,True,0,0.0,0,0,0.0,0.0,False,1.0,True,False,False
counterpoint_second_serious_schema_comparison_v001,counterpoint_symbolic_n3_small_v001-p001_over_144-schema0-schema1_noisy_rate_one_drop-trainrep0,smoke_schema_comparison_first_sustained_hit,counterpoint_symbolic_n3_small_v001-p001_over_144-schema0,schema1_noisy_rate_one_drop,counterpoint_symbolic_n3_small_v001-p001_over_144-schema0,counterpoint_symbolic_n3_small_v001,p001_over_144,0,seed-7fe8666539580bdb,0,7,5,1,1,1,True,4,0.0,4,0,1.0,0.0,False,0.2,True,True,True
counterpoint_second_serious_schema_comparison_v001,counterpoint_symbolic_n3_small_v001-p001_over_144-schema0-schema1_noisy_rate_one_drop-trainrep0,smoke_schema_comparison_first_sustained_hit,counterpoint_symbolic_n3_small_v001-p001_over_144-schema0,schema1_noisy_rate_one_drop,counterpoint_symbolic_n3_small_v001-p001_over_144-schema0,counterpoint_symbolic_n3_small_v001,p001_over_144,0,seed-7fe8666539580bdb,0,7,6,1,1,0,True,0,0.0,0,0,0.0,0.0,False,1.0,True,False,False
counterpoint_second_serious_schema_comparison_v001,counterpoint_symbolic_n3_small_v001-p001_over_144-schema0-schema1_noisy_rate_one_drop-trainrep0,smoke_schema_comparison_first_sustained_hit,counterpoint_symbolic_n3_small_v001-p001_over_144-schema0,schema1_noisy_rate_one_drop,counterpoint_symbolic_n3_small_v001-p001_over_144-schema0,counterpoint_symbolic_n3_small_v001,p001_over_144,0,seed-7fe8666539580bdb,0,7,6,1,1,1,True,4,0.45749999999999996,5,0,1.0,0.0,False,0.2,True,True,True
counterpoint_second_serious_schema_comparison_v001,counterpoint_symbolic_n3_small_v001-p001_over_144-schema0-schema1_noisy_rate_one_drop-trainrep0,smoke_schema_comparison_first_sustained_hit,counterpoint_symbolic_n3_small_v001-p001_over_144-schema0,schema1_noisy_rate_one_drop,counterpoint_symbolic_n3_small_v001-p001_over_144-schema0,counterpoint_symbolic_n3_small_v001,p001_over_144,0,seed-7fe8666539580bdb,0,7,7,1,0,0,True,0,0.0,0,0,0.0,0.0,False,1.0,True,True,False
counterpoint_second_serious_schema_comparison_v001,counterpoint_symbolic_n3_small_v001-p001_over_144-schema0-schema1_noisy_rate_one_drop-trainrep0,smoke_schema_comparison_first_sustained_hit,counterpoint_symbolic_n3_small_v001-p001_over_144-schema0,schema1_noisy_rate_one_drop,counterpoint_symbolic_n3_small_v001-p001_over_144-schema0,counterpoint_symbolic_n3_small_v001,p001_over_144,0,seed-7fe8666539580bdb,0,7,7,1,0,1,True,5,0.22874999999999998,6,0,1.0,0.0,False,0.0,False,False,True
counterpoint_second_serious_schema_comparison_v001,counterpoint_symbolic_n3_small_v001-p001_over_144-schema0-schema1_noisy_rate_one_drop-trainrep0,smoke_schema_comparison_first_sustained_hit,counterpoint_symbolic_n3_small_v001-p001_over_144-schema0,schema1_noisy_rate_one_drop,counterpoint_symbolic_n3_small_v001-p001_over_144-schema0,counterpoint_symbolic_n3_small_v001,p001_over_144,0,seed-7fe8666539580bdb,0,7,8,0,0,0,True,0,0.0,0,0,0.0,0.0,False,1.0,True,True,True
counterpoint_second_serious_schema_comparison_v001,counterpoint_symbolic_n3_small_v001-p001_over_144-schema0-schema1_noisy_rate_one_drop-trainrep0,smoke_schema_comparison_first_sustained_hit,counterpoint_symbolic_n3_small_v001-p001_over_144-schema0,schema1_noisy_rate_one_drop,counterpoint_symbolic_n3_small_v001-p001_over_144-schema0,counterpoint_symbolic_n3_small_v001,p001_over_144,0,seed-7fe8666539580bdb,0,7,8,0,0,1,True,5,0.22874999999999998,6,0,1.0,0.0,False,0.0,False,False,False
counterpoint_second_serious_schema_comparison_v001,counterpoint_symbolic_n3_small_v001-p001_over_144-schema0-schema1_noisy_rate_one_drop-trainrep0,smoke_schema_comparison_first_sustained_hit,counterpoint_symbolic_n3_small_v001-p001_over_144-schema0,schema1_noisy_rate_one_drop,counterpoint_symbolic_n3_small_v001-p001_over_144-schema0,counterpoint_symbolic_n3_small_v001,p001_over_144,0,seed-7fe8666539580bdb,0,7,9,0,0,0,True,1,0.0,1,0,1.0,0.0,False,0.8,True,True,True
counterpoint_second_serious_schema_comparison_v001,counterpoint_symbolic_n3_small_v001-p001_over_144-schema0-schema1_noisy_rate_one_drop-trainrep0,smoke_schema_comparison_first_sustained_hit,counterpoint_symbolic_n3_small_v001-p001_over_144-schema0,schema1_noisy_rate_one_drop,counterpoint_symbolic_n3_small_v001-p001_over_144-schema0,counterpoint_symbolic_n3_small_v001,p001_over_144,0,seed-7fe8666539580bdb,0,7,9,0,0,1,True,5,0.22874999999999998,6,0,1.0,0.0,False,0.0,False,False,False
counterpoint_second_serious_schema_comparison_v001,counterpoint_symbolic_n3_small_v001-p001_over_144-schema0-schema1_noisy_rate_one_drop-trainrep0,smoke_schema_comparison_first_sustained_hit,counterpoint_symbolic_n3_small_v001-p001_over_144-schema0,schema1_noisy_rate_one_drop,counterpoint_symbolic_n3_small_v001-p001_over_144-schema0,counterpoint_symbolic_n3_small_v001,p001_over_144,0,seed-7fe8666539580bdb,0,7,10,0,0,0,True,2,0.0,2,0,1.0,0.0,False,0.6,True,True,True
counterpoint_second_serious_schema_comparison_v001,counterpoint_symbolic_n3_small_v001-p001_over_144-schema0-schema1_noisy_rate_one_drop-trainrep0,smoke_schema_comparison_first_sustained_hit,counterpoint_symbolic_n3_small_v001-p001_over_144-schema0,schema1_noisy_rate_one_drop,counterpoint_symbolic_n3_small_v001-p001_over_144-schema0,counterpoint_symbolic_n3_small_v001,p001_over_144,0,seed-7fe8666539580bdb,0,7,10,0,0,1,True,5,0.22874999999999998,6,0,1.0,0.0,False,0.0,False,False,False
counterpoint_second_serious_schema_comparison_v001,counterpoint_symbolic_n3_small_v001-p001_over_144-schema0-schema1_noisy_rate_one_drop-trainrep0,smoke_schema_comparison_first_sustained_hit,counterpoint_symbolic_n3_small_v001-p001_over_144-schema0,schema1_noisy_rate_one_drop,counterpoint_symbolic_n3_small_v001-p001_over_144-schema0,counterpoint_symbolic_n3_small_v001,p001_over_144,0,seed-7fe8666539580bdb,0,7,11,0,0,0,True,2,0.26699999999999996,3,0,1.0,0.0,False,0.6,True,True,True
counterpoint_second_serious_schema_comparison_v001,counterpoint_symbolic_n3_small_v001-p001_over_144-schema0-schema1_noisy_rate_one_drop-trainrep0,smoke_schema_comparison_first_sustained_hit,counterpoint_symbolic_n3_small_v001-p001_over_144-schema0,schema1_noisy_rate_one_drop,counterpoint_symbolic_n3_small_v001-p001_over_144-schema0,counterpoint_symbolic_n3_small_v001,p001_over_144,0,seed-7fe8666539580bdb,0,7,11,0,0,1,True,5,0.22874999999999998,6,0,1.0,0.0,False,0.0,False,False,False
